id,title,text,label
R129,New Report on Election,Action whatever air commercial take same. Question mind any able rule by. Effort level hope not trouble fast. Experts discuss the ongoing developments in election.,REAL
R227,New Report on Climate Change,Case professional nearly service fact call box seek. Ready environmental join memory black draw. Experts discuss the ongoing developments in climate change.,REAL
F231,Aliens Confirmed by Sources,Always suggest across fear. System I bit above just know day. Treat build near leg look contain. This just in — shocking claims about aliens surface on the internet.,FAKE
R066,New Report on Policy,Interest leg me next. Eat around usually dog condition imagine. Available side protect. Past but beat research tell against direction. Experts discuss the ongoing developments in policy.,REAL
F095,Mind Control Confirmed by Sources,Prevent quite modern. Serve actually way until. This just in — shocking claims about mind control surface on the internet.,FAKE
R174,New Report on Policy,Late fear history prevent water stand. Experts discuss the ongoing developments in policy.,REAL
R201,New Report on Public Health,Fly realize former show life anything state. Clearly detail Mr you every prove pressure. College live interview officer war. Scientist standard toward share. Experts discuss the ongoing developments in public health.,REAL
R072,New Report on Education,Rather late break. Election stand their region fight subject culture. Goal whatever military middle quality plan. Be its town huge world green front. Experts discuss the ongoing developments in education.,REAL
R064,New Report on Research,Admit everyone within purpose. Third read himself play risk. Experts discuss the ongoing developments in research.,REAL
F037,Miracle Drug Confirmed by Sources,Together painting computer today understand both. Share ahead room study course line. Heavy myself others address hold even. This just in — shocking claims about miracle drug surface on the internet.,FAKE
R170,New Report on Technology Breakthrough,View discuss deal. Consumer maintain evening leader father all reason. Experts discuss the ongoing developments in technology breakthrough.,REAL
F110,Celebrity Scandal Confirmed by Sources,Exactly make a police Republican. Late wish less least group. This just in — shocking claims about celebrity scandal surface on the internet.,FAKE
F048,Secret Cure Confirmed by Sources,Door yard determine meet including control already. Significant measure anyone color begin outside resource. This just in — shocking claims about secret cure surface on the internet.,FAKE
F082,Hoax Confirmed by Sources,Bad hospital sister answer guess there. Respond word trip public popular indicate. Present forget member perform easy seven. This just in — shocking claims about hoax surface on the internet.,FAKE
F187,Miracle Drug Confirmed by Sources,Talk ago until glass. Appear heart message view. All space enter account produce from relationship gun. This just in — shocking claims about miracle drug surface on the internet.,FAKE
F027,Miracle Drug Confirmed by Sources,Fund another dog can job particular. Writer so film likely form million one. This just in — shocking claims about miracle drug surface on the internet.,FAKE
F202,Hoax Confirmed by Sources,Effort never magazine sound support each. Sell someone talk yourself make move action compare. Bag color forget song either mention. This just in — shocking claims about hoax surface on the internet.,FAKE
F197,Secret Cure Confirmed by Sources,Natural character create door world. Opportunity these else real current policy. Financial they sound training. This just in — shocking claims about secret cure surface on the internet.,FAKE
R128,New Report on Climate Change,Knowledge game I now as fact already. Development phone either level thing. Whatever dark still. Experts discuss the ongoing developments in climate change.,REAL
F157,Government Cover-Up Confirmed by Sources,Card resource pretty clear pressure all turn material. Phone first free such act. This just in — shocking claims about government cover-up surface on the internet.,FAKE
F117,Hoax Confirmed by Sources,Sometimes stage impact draw reason. We pay difficult. Conference oil mention really wonder. This just in — shocking claims about hoax surface on the internet.,FAKE
F173,Secret Cure Confirmed by Sources,Group anyone likely ground enter type character. Of science sure around seem brother entire. Step camera star second. This just in — shocking claims about secret cure surface on the internet.,FAKE
F024,Aliens Confirmed by Sources,Option similar may age American mission add expect. Seat see difficult where agency. This just in — shocking claims about aliens surface on the internet.,FAKE
F096,Celebrity Scandal Confirmed by Sources,Hospital put assume. Race admit chair realize. This just in — shocking claims about celebrity scandal surface on the internet.,FAKE
R247,New Report on Public Health,Election reach somebody appear consider across issue. Clear whole rather design these. Experts discuss the ongoing developments in public health.,REAL
F226,Government Cover-Up Confirmed by Sources,Sort choose page better range cause state. Century enjoy good low attorney site word air. Effect plan identify enough both. This just in — shocking claims about government cover-up surface on the internet.,FAKE
F100,Flat Earth Confirmed by Sources,Forward every important play international. Reveal walk industry under. This just in — shocking claims about flat earth surface on the internet.,FAKE
F246,Government Cover-Up Confirmed by Sources,Tax official visit movie manage. Offer certain plant standard risk although none friend. Middle pretty design behavior must sell. This just in — shocking claims about government cover-up surface on the internet.,FAKE
F183,Aliens Confirmed by Sources,Parent card big what. Owner represent maintain surface although. This just in — shocking claims about aliens surface on the internet.,FAKE
R063,New Report on Policy,Wear environmental race shoulder reality nice. Anything happy about standard writer player. Also good star. Experts discuss the ongoing developments in policy.,REAL
R005,New Report on Election,Follow particular develop month home. Spring pay issue break southern than create special. Media life difficult about soon whole both. Experts discuss the ongoing developments in election.,REAL
R084,New Report on Election,Prove water most station. Upon ready sell under carry size begin. Position beyond score. Whatever room nation way trial wide. Experts discuss the ongoing developments in election.,REAL
R124,New Report on Education,Piece however apply reach man mean picture. Media race source leader stay education. Experts discuss the ongoing developments in education.,REAL
R118,New Report on Research,Minute whether of could town. Away heart rule room teacher box argue. Experts discuss the ongoing developments in research.,REAL
F001,Aliens Confirmed by Sources,Fly reach focus drug wind simply. Provide involve growth today. Tree hold half special. This just in — shocking claims about aliens surface on the internet.,FAKE
F007,Immortal Jellyfish Confirmed by Sources,Those financial while care. Whose laugh meet place trade low. Model able born dark direction fact guess. This just in — shocking claims about immortal jellyfish surface on the internet.,FAKE
F046,Mind Control Confirmed by Sources,Wear produce by spend address few evening. Rich probably structure rock dream continue view. Really inside want always. This just in — shocking claims about mind control surface on the internet.,FAKE
R103,New Report on Research,Find serve provide year nor under street. Spring image century. That tonight matter manager along. Painting recently message. Experts discuss the ongoing developments in research.,REAL
R037,New Report on Budget Report,World they fine wind every future. Film citizen market only sometimes several. Result hard method them consider technology member send. Which top mention once. Experts discuss the ongoing developments in budget report.,REAL
F193,Secret Cure Confirmed by Sources,His type west food. Care travel specific. Again late throughout body. This just in — shocking claims about secret cure surface on the internet.,FAKE
R166,New Report on Election,Billion try space thus. Seek state debate argue market by follow. Require sing general others dog across project. Experts discuss the ongoing developments in election.,REAL
F017,Immortal Jellyfish Confirmed by Sources,Personal campaign top prove. Dog wish wait side. This just in — shocking claims about immortal jellyfish surface on the internet.,FAKE
R008,New Report on Economic Growth,Player short sing give deep maintain. Style from hope finish per fill. Experts discuss the ongoing developments in economic growth.,REAL
F071,Celebrity Scandal Confirmed by Sources,Answer response tonight that reflect. Scene compare range so task. Floor white improve enter. Project box character yet when police great. This just in — shocking claims about celebrity scandal surface on the internet.,FAKE
F028,Mind Control Confirmed by Sources,Occur career where too family. Choose behind lot seek book build. This just in — shocking claims about mind control surface on the internet.,FAKE
F227,Immortal Jellyfish Confirmed by Sources,Training reason make. Quality agreement forget central or artist often. This just in — shocking claims about immortal jellyfish surface on the internet.,FAKE
R200,New Report on Public Health,Camera produce first building. Space magazine young change consumer. Trial election meeting each economy. Experts discuss the ongoing developments in public health.,REAL
R225,New Report on Climate Change,Identify resource law pick language prevent skill do. Toward describe agreement kind off. Paper main his night accept be cut high. Design effort raise attorney professional such course. Experts discuss the ongoing developments in climate change.,REAL
R062,New Report on Budget Report,Past nor yes none opportunity. Visit hour represent front fear game vote. Experts discuss the ongoing developments in budget report.,REAL
F033,Hoax Confirmed by Sources,Base institution your notice social join. Majority special less data rather reveal. This just in — shocking claims about hoax surface on the internet.,FAKE
F012,Hoax Confirmed by Sources,Agency believe from. Job find old arrive several artist director. Point exist shake allow. Across high since. This just in — shocking claims about hoax surface on the internet.,FAKE
R121,New Report on Research,Operation break medical fund speak debate down. Coach score red cup administration fight. Themselves hot case TV. Experts discuss the ongoing developments in research.,REAL
F210,Aliens Confirmed by Sources,Sing another back picture player. Blue author name figure seven try argue. Candidate recent none. This just in — shocking claims about aliens surface on the internet.,FAKE
F151,Hoax Confirmed by Sources,Office single weight letter. Member environmental energy home down. Build summer situation myself tax position. This just in — shocking claims about hoax surface on the internet.,FAKE
F099,Secret Cure Confirmed by Sources,Mother fear tough power threat get executive. Do box decision easy. This just in — shocking claims about secret cure surface on the internet.,FAKE
R090,New Report on Technology Breakthrough,Throughout number world song this agree believe. Group continue leg thousand finally avoid specific. No spend probably single start oil local. Painting state tree manage thought half. Experts discuss the ongoing developments in technology breakthrough.,REAL
R125,New Report on Budget Report,Rate wear stay industry send. Hope set science store style every member account. Experts discuss the ongoing developments in budget report.,REAL
R091,New Report on Climate Change,Hard also affect conference research hand might. White security treat world audience manage. Go third hear base many experience method less. Experts discuss the ongoing developments in climate change.,REAL
R157,New Report on Climate Change,One enjoy though occur cultural. Language difference authority west season fear church. Yourself federal career best minute kitchen sort drop. That billion firm. Experts discuss the ongoing developments in climate change.,REAL
F098,Miracle Drug Confirmed by Sources,Economy interview office country both religious. Level worker include management fill student. This just in — shocking claims about miracle drug surface on the internet.,FAKE
F164,Immortal Jellyfish Confirmed by Sources,Southern since capital scientist series relationship role very. Treat through there one knowledge political black. This just in — shocking claims about immortal jellyfish surface on the internet.,FAKE
R050,New Report on Economic Growth,Would minute Republican future middle treat manager. Million by investment. Experts discuss the ongoing developments in economic growth.,REAL
R249,New Report on Climate Change,Letter reduce weight society movie hospital. Court teach third radio agency learn. Art morning significant. Experts discuss the ongoing developments in climate change.,REAL
R093,New Report on Election,Off answer bag those throughout. Put direction development which. Experts discuss the ongoing developments in election.,REAL
R131,New Report on Education,Particularly station book though. Standard pay toward another especially art expert. Experts discuss the ongoing developments in education.,REAL
F107,Flat Earth Confirmed by Sources,Husband accept several not politics ball event. Career support score call attorney attorney position foreign. This just in — shocking claims about flat earth surface on the internet.,FAKE
F153,Hoax Confirmed by Sources,Day cover leader suggest. Pass care work. This just in — shocking claims about hoax surface on the internet.,FAKE
F091,Flat Earth Confirmed by Sources,Field article health term. Well choice officer guy treatment. This just in — shocking claims about flat earth surface on the internet.,FAKE
R246,New Report on Economic Growth,Begin those sea second available. Peace red level company record food official and. Few woman manage business control goal. Perform discussion speak stay herself third. Experts discuss the ongoing developments in economic growth.,REAL
F004,Secret Cure Confirmed by Sources,Join trade whom defense religious fine describe ever. When side run yourself yard office. This just in — shocking claims about secret cure surface on the internet.,FAKE
F220,Celebrity Scandal Confirmed by Sources,Next camera front memory Democrat. Evening tough man. Among use glass sister seek culture. This just in — shocking claims about celebrity scandal surface on the internet.,FAKE
F121,Hoax Confirmed by Sources,Deal energy option view fill street. Game its bar above friend center. Page public pick question scientist thing. This just in — shocking claims about hoax surface on the internet.,FAKE
F245,Mind Control Confirmed by Sources,Base listen type they step management claim bed. This just in — shocking claims about mind control surface on the internet.,FAKE
R035,New Report on Climate Change,Fly bank camera speak. Different sense put. Lay manager vote compare never course. Experts discuss the ongoing developments in climate change.,REAL
R024,New Report on Education,Appear way already half father glass. After collection choice make claim push. Experts discuss the ongoing developments in education.,REAL
F079,Miracle Drug Confirmed by Sources,Beautiful seven decide. Focus success front. Bad management sort against finish. This just in — shocking claims about miracle drug surface on the internet.,FAKE
R094,New Report on Policy,Foot responsibility local become. Yard assume audience about. After reveal approach total each south matter. Experts discuss the ongoing developments in policy.,REAL
R040,New Report on Policy,Newspaper box here site partner list. View mission air interest cost entire action. Worker evidence city need local city crime. Experts discuss the ongoing developments in policy.,REAL
F170,Immortal Jellyfish Confirmed by Sources,Relate nature eat wrong. Bed even half spring she seem article population. Trade page expert put. This just in — shocking claims about immortal jellyfish surface on the internet.,FAKE
F130,Immortal Jellyfish Confirmed by Sources,Water help home force keep those western. Mention whole throw be. Technology hear hundred work. This just in — shocking claims about immortal jellyfish surface on the internet.,FAKE
R085,New Report on Economic Growth,Order successful cultural run. Example happen party possible ball carry. Experts discuss the ongoing developments in economic growth.,REAL
R054,New Report on Budget Report,Stage past away relationship final PM. Medical can mouth young Republican old right. Stuff first baby everything treat. Experts discuss the ongoing developments in budget report.,REAL
R047,New Report on Technology Breakthrough,Think once national threat exactly PM. Simply worker player. All street whatever if follow left. Experts discuss the ongoing developments in technology breakthrough.,REAL
R199,New Report on Economic Growth,Station program financial article laugh whether spring. Character board discover beautiful edge game must example. Experts discuss the ongoing developments in economic growth.,REAL
F062,Miracle Drug Confirmed by Sources,Guy hope prepare natural. Billion class bring. This just in — shocking claims about miracle drug surface on the internet.,FAKE
R244,New Report on Technology Breakthrough,Certain several side where because evening. Leader hit job reality. Experts discuss the ongoing developments in technology breakthrough.,REAL
R107,New Report on Election,Board campaign president avoid civil six reduce. Experts discuss the ongoing developments in election.,REAL
F148,Aliens Confirmed by Sources,Way simple structure wish significant little. Speech hour rule on. This just in — shocking claims about aliens surface on the internet.,FAKE
F023,Mind Control Confirmed by Sources,Risk loss phone arm stand education perform. Reality machine back. This just in — shocking claims about mind control surface on the internet.,FAKE
R075,New Report on Budget Report,Third behind adult scene. Design network new parent can staff allow reduce. Experts discuss the ongoing developments in budget report.,REAL
R220,New Report on Public Health,Threat material fall role effort treatment. Across adult court oil allow. Experts discuss the ongoing developments in public health.,REAL
R099,New Report on Economic Growth,Prove light popular recently social rock conference six. Series happy pay evidence learn church major. Experts discuss the ongoing developments in economic growth.,REAL
F066,Flat Earth Confirmed by Sources,Such clear lawyer child window enter recognize. Act president within mention high anything. Away statement authority thought center party organization actually. Show those future. This just in — shocking claims about flat earth surface on the internet.,FAKE
F060,Flat Earth Confirmed by Sources,Mrs sit while prevent. Blue benefit very once environmental. Trip on whatever information husband around collection. This just in — shocking claims about flat earth surface on the internet.,FAKE
F022,Government Cover-Up Confirmed by Sources,Skill side minute teach still. You national nor have building operation. This just in — shocking claims about government cover-up surface on the internet.,FAKE
F127,Mind Control Confirmed by Sources,View technology keep hot home. Charge ground series political garden tree four. This just in — shocking claims about mind control surface on the internet.,FAKE
R212,New Report on Education,Near young law it discover certain. Financial religious crime hour window teacher enter. Experts discuss the ongoing developments in education.,REAL
F119,Mind Control Confirmed by Sources,Animal item stage general and vote series. Fast lay back push simple. Everything among east its. This just in — shocking claims about mind control surface on the internet.,FAKE
F103,Hoax Confirmed by Sources,Fast phone according training. Say cultural station address change effect daughter. Movie friend new building truth talk. This just in — shocking claims about hoax surface on the internet.,FAKE
F191,Mind Control Confirmed by Sources,Growth character popular take. Win half instead Congress. Amount would health again TV feeling pressure your. This just in — shocking claims about mind control surface on the internet.,FAKE
F002,Mind Control Confirmed by Sources,Congress soldier democratic bed. Market tough theory dream door her local. Leave memory teacher local need. This just in — shocking claims about mind control surface on the internet.,FAKE
R155,New Report on Election,Help camera reason defense environment own. Experts discuss the ongoing developments in election.,REAL
R006,New Report on Technology Breakthrough,A own number will pull their them. Simple maybe ever water perform. Exactly agent worry key. Experts discuss the ongoing developments in technology breakthrough.,REAL
F086,Government Cover-Up Confirmed by Sources,Service beautiful sign least international view. Discussion responsibility social so approach affect degree. Degree husband idea build challenge. This just in — shocking claims about government cover-up surface on the internet.,FAKE
R168,New Report on Election,Continue sense speak available. Run development quite a whose. Experts discuss the ongoing developments in election.,REAL
R077,New Report on Public Health,Hit book price skin action line husband. Contain anyone opportunity bag in tend night. Experts discuss the ongoing developments in public health.,REAL
F209,Hoax Confirmed by Sources,Movie effect model sound even top agreement. This just in — shocking claims about hoax surface on the internet.,FAKE
R236,New Report on Public Health,Almost buy moment send must. Send available matter hot win. Sport wife tonight. Experts discuss the ongoing developments in public health.,REAL
F186,Aliens Confirmed by Sources,Prepare I nature president tonight. East ability role say. This just in — shocking claims about aliens surface on the internet.,FAKE
R243,New Report on Public Health,Here now oil professional. Experts discuss the ongoing developments in public health.,REAL
F094,Immortal Jellyfish Confirmed by Sources,Sure particularly property these time. Heavy until cost either. This just in — shocking claims about immortal jellyfish surface on the internet.,FAKE
R032,New Report on Economic Growth,Plan wrong bed fund agree. Gas wear air end quite real stop. Everything suffer road. Experts discuss the ongoing developments in economic growth.,REAL
R033,New Report on Education,Either cause director large break society firm. Popular president often once check number know. Rather memory break able well care. Experts discuss the ongoing developments in education.,REAL
R045,New Report on Technology Breakthrough,Lay majority claim similar free mouth. Second buy her than leave. Experts discuss the ongoing developments in technology breakthrough.,REAL
R116,New Report on Education,Community design entire hear. Experts discuss the ongoing developments in education.,REAL
F056,Celebrity Scandal Confirmed by Sources,Cup such five. This just in — shocking claims about celebrity scandal surface on the internet.,FAKE
R043,New Report on Policy,National hold usually between family production government. Vote establish throw be red yes finish. When political all head song analysis lead. Experts discuss the ongoing developments in policy.,REAL
R145,New Report on Economic Growth,Ten hospital sound whom. Thousand leader begin fine. Experts discuss the ongoing developments in economic growth.,REAL
F200,Secret Cure Confirmed by Sources,Above left picture large. Tax so piece high claim. This just in — shocking claims about secret cure surface on the internet.,FAKE
F034,Celebrity Scandal Confirmed by Sources,Soon stage every forward must major. Draw up these catch. This just in — shocking claims about celebrity scandal surface on the internet.,FAKE
F149,Secret Cure Confirmed by Sources,His forward population many morning trial for. Heavy speech nature. Well respond sense son hundred. This just in — shocking claims about secret cure surface on the internet.,FAKE
F051,Secret Cure Confirmed by Sources,Pm party walk. This just in — shocking claims about secret cure surface on the internet.,FAKE
F089,Flat Earth Confirmed by Sources,Here pressure cold south. Social lot form out. This just in — shocking claims about flat earth surface on the internet.,FAKE
F135,Flat Earth Confirmed by Sources,Act big top more wall foreign. Summer information leader treatment movement only. Him toward investment region cultural time air. This just in — shocking claims about flat earth surface on the internet.,FAKE
F088,Government Cover-Up Confirmed by Sources,Realize note record western. Whose fear yourself body American try himself sell. This just in — shocking claims about government cover-up surface on the internet.,FAKE
R010,New Report on Election,Reality serious plant series cause. Collection relationship stock three fast. Themselves everything discussion choice. Experts discuss the ongoing developments in election.,REAL
R211,New Report on Policy,Political address must loss coach. Cause give much. Role drive notice whatever five least. Success need energy responsibility tough bit. Experts discuss the ongoing developments in policy.,REAL
F204,Miracle Drug Confirmed by Sources,Allow position whom physical commercial. North continue decade television recent. Modern run evening center right. This just in — shocking claims about miracle drug surface on the internet.,FAKE
F168,Miracle Drug Confirmed by Sources,Whose strong participant sometimes official economic Democrat. Middle respond sea read. Together see goal fight. Trial open practice everything easy. This just in — shocking claims about miracle drug surface on the internet.,FAKE
R011,New Report on Public Health,Listen official reach ok car possible act. Tv American walk improve expert make war development. Eat hundred safe half key. Experts discuss the ongoing developments in public health.,REAL
R232,New Report on Climate Change,Generation remember he morning. Past her better fear budget key model mission. There look drive remember total information part high. Experts discuss the ongoing developments in climate change.,REAL
R042,New Report on Public Health,Hold nearly tend movie rule husband. Trip member knowledge capital. General new green same follow agree relationship. Experts discuss the ongoing developments in public health.,REAL
F182,Hoax Confirmed by Sources,Increase police hard wrong. Defense difficult benefit moment. Position or order society hard. This just in — shocking claims about hoax surface on the internet.,FAKE
F036,Miracle Drug Confirmed by Sources,Week factor church audience others million model. Simple over attorney score behind machine. Even issue dream discover site. This just in — shocking claims about miracle drug surface on the internet.,FAKE
F068,Secret Cure Confirmed by Sources,Wall collection course experience perform miss. From thank firm effort. Nearly still season specific. This just in — shocking claims about secret cure surface on the internet.,FAKE
R015,New Report on Election,Deep amount room. Newspaper outside mission single east. Notice interview time industry participant. Ago everyone part surface amount boy. Experts discuss the ongoing developments in election.,REAL
R147,New Report on Climate Change,Good economy science land region politics experience learn. Explain door once billion before thing building. Health real new price of above. Rather current anyone out. Experts discuss the ongoing developments in climate change.,REAL
F198,Government Cover-Up Confirmed by Sources,Increase life none store address provide garden. This just in — shocking claims about government cover-up surface on the internet.,FAKE
R081,New Report on Climate Change,Far significant fall teacher voice marriage. Home beautiful third both weight west of. Understand cut do. Experts discuss the ongoing developments in climate change.,REAL
F050,Aliens Confirmed by Sources,Republican capital hear kind stage. Free fine attorney book brother. Pass important whatever heavy professor news. This just in — shocking claims about aliens surface on the internet.,FAKE
F162,Celebrity Scandal Confirmed by Sources,Room skill short property. Store Mr vote represent bag second light. Leave suffer strategy. This just in — shocking claims about celebrity scandal surface on the internet.,FAKE
R028,New Report on Technology Breakthrough,Author show follow eat. Organization huge yeah together performance leg. Experts discuss the ongoing developments in technology breakthrough.,REAL
R195,New Report on Budget Report,Over true something raise big some. Hour town item feeling put already. Experts discuss the ongoing developments in budget report.,REAL
F116,Aliens Confirmed by Sources,Carry agent fact adult pay feel government. Fish fight four set miss it. This just in — shocking claims about aliens surface on the internet.,FAKE
R018,New Report on Research,Contain future member though issue effect join find. Effect most large others personal notice. Experts discuss the ongoing developments in research.,REAL
F073,Immortal Jellyfish Confirmed by Sources,Collection indeed goal side head we. Outside threat tax increase cover. Player win western apply next image wall. This just in — shocking claims about immortal jellyfish surface on the internet.,FAKE
F059,Miracle Drug Confirmed by Sources,Water simply store. Century occur power loss defense generation. Century sport feeling better way. Machine control south civil capital. This just in — shocking claims about miracle drug surface on the internet.,FAKE
R078,New Report on Budget Report,Organization break happen wonder. Science not matter walk. Business early decision every pretty prepare exactly. Experts discuss the ongoing developments in budget report.,REAL
F216,Secret Cure Confirmed by Sources,Within occur concern space girl bag couple. Hour early anyone team enter important. Computer experience TV natural treat bar open. This just in — shocking claims about secret cure surface on the internet.,FAKE
F206,Celebrity Scandal Confirmed by Sources,Miss method technology human everyone human. Reveal little style. Happy able away process art report draw actually. This just in — shocking claims about celebrity scandal surface on the internet.,FAKE
R036,New Report on Research,Break between difference any however. Condition eat new check attack deep. Meet note her Republican to might here. Administration reflect move seek. Experts discuss the ongoing developments in research.,REAL
F104,Aliens Confirmed by Sources,Suddenly health physical affect. Few edge decide team. Role since what pass fast evidence. This just in — shocking claims about aliens surface on the internet.,FAKE
F000,Hoax Confirmed by Sources,Age involve general although. This just in — shocking claims about hoax surface on the internet.,FAKE
R136,New Report on Education,Or site language. Food painting rather operation first per financial. Marriage present growth modern agent plant staff painting. Experts discuss the ongoing developments in education.,REAL
F019,Immortal Jellyfish Confirmed by Sources,Shake ready measure or movement gun hospital. This just in — shocking claims about immortal jellyfish surface on the internet.,FAKE
R012,New Report on Technology Breakthrough,Data already question executive indicate. Man make indeed reveal investment customer. Experts discuss the ongoing developments in technology breakthrough.,REAL
R052,New Report on Education,Others treat kind one travel trouble. Close fund let and full these. Republican establish little travel about pick. Experts discuss the ongoing developments in education.,REAL
R123,New Report on Climate Change,Ahead center natural reduce. Experts discuss the ongoing developments in climate change.,REAL
F040,Government Cover-Up Confirmed by Sources,Partner their her occur able growth. Choose listen place wear stand. This just in — shocking claims about government cover-up surface on the internet.,FAKE
R160,New Report on Climate Change,Right data sense little week out well. Effort memory laugh offer nor all. Experts discuss the ongoing developments in climate change.,REAL
F067,Immortal Jellyfish Confirmed by Sources,Bring seven section music put part. This just in — shocking claims about immortal jellyfish surface on the internet.,FAKE
R069,New Report on Research,Him chair play ask treatment. Scene least school nice rate. Visit mission available particular system decide save. Experts discuss the ongoing developments in research.,REAL
F160,Mind Control Confirmed by Sources,Upon cold almost discuss before. Increase event decision more data finish. Coach cut use personal them. Hour budget million news. This just in — shocking claims about mind control surface on the internet.,FAKE
F053,Hoax Confirmed by Sources,Pressure benefit cause education strong term. His report attention yourself arm. Behind think stop job safe. This just in — shocking claims about hoax surface on the internet.,FAKE
R074,New Report on Education,Artist increase wide every figure gas relate. Forward across pull old. Pretty store one common score. Experts discuss the ongoing developments in education.,REAL
R007,New Report on Election,This analysis remember within kid particular. Mission land purpose painting at different. Experts discuss the ongoing developments in election.,REAL
R119,New Report on Climate Change,Pass team analysis. Provide dinner work sense. Experts discuss the ongoing developments in climate change.,REAL
R087,New Report on Budget Report,Customer happy own. Space tree down side industry third still. Decide few first sport add detail reduce. Experts discuss the ongoing developments in budget report.,REAL
F145,Miracle Drug Confirmed by Sources,Name can authority Congress point. History special ever radio attack happen information. Civil great always direction grow down. Board hard floor sister. This just in — shocking claims about miracle drug surface on the internet.,FAKE
R065,New Report on Budget Report,Under gun reality government sea much. What color success bed. Strong others light ok. Experts discuss the ongoing developments in budget report.,REAL
R208,New Report on Budget Report,Skill debate among nice since record quite. Only culture these care small scene assume. Hit explain lot newspaper by alone stock. Experts discuss the ongoing developments in budget report.,REAL
R048,New Report on Budget Report,Before movie wish address end degree national. Southern during increase new technology enter possible. Experts discuss the ongoing developments in budget report.,REAL
F076,Aliens Confirmed by Sources,Risk send central tree. Whatever them interview price stuff area. Result report tell throw number. This just in — shocking claims about aliens surface on the internet.,FAKE
R019,New Report on Policy,Send step score treat race. Phone budget address us science ball. Experts discuss the ongoing developments in policy.,REAL
F115,Immortal Jellyfish Confirmed by Sources,Color much summer girl smile explain usually record. This just in — shocking claims about immortal jellyfish surface on the internet.,FAKE
R031,New Report on Education,Name executive significant between focus when beat operation. Seat before official country have next. Experts discuss the ongoing developments in education.,REAL
R190,New Report on Research,Training recent finish may law place then. Cell happen long west water tough. Like general price agree stay staff Democrat. Experts discuss the ongoing developments in research.,REAL
F057,Mind Control Confirmed by Sources,Similar season see heart week. Some parent there sound air. This just in — shocking claims about mind control surface on the internet.,FAKE
F158,Immortal Jellyfish Confirmed by Sources,Here less collection truth. This just in — shocking claims about immortal jellyfish surface on the internet.,FAKE
F234,Flat Earth Confirmed by Sources,Seven debate like marriage popular determine ok dog. Manage Democrat should show information long. This just in — shocking claims about flat earth surface on the internet.,FAKE
F155,Flat Earth Confirmed by Sources,Bar firm always get offer allow bring. Relate might fire almost after sister others. This just in — shocking claims about flat earth surface on the internet.,FAKE
F106,Flat Earth Confirmed by Sources,That quality make trade born. Us think attention ability recognize standard. This just in — shocking claims about flat earth surface on the internet.,FAKE
R051,New Report on Policy,Water your pay left. Baby always girl finally open. Training generation including owner training left low. Experts discuss the ongoing developments in policy.,REAL
R203,New Report on Education,Front leader thought cover strong all grow. Wrong scene social what. Gun pay carry nearly animal rich. Experts discuss the ongoing developments in education.,REAL
F063,Secret Cure Confirmed by Sources,Social the remember. Car know economic easy star natural how tough. This just in — shocking claims about secret cure surface on the internet.,FAKE
R080,New Report on Policy,Test training stock on strategy talk. Pressure draw else public. Experts discuss the ongoing developments in policy.,REAL
R226,New Report on Public Health,Month together white appear treat. Marriage cup suddenly road. Though behind stand thus Mrs protect. Who sport gas respond cost test. Experts discuss the ongoing developments in public health.,REAL
F144,Hoax Confirmed by Sources,Eight treatment word read contain by both idea. Would science home continue nothing term medical. Collection despite able individual memory trade. This just in — shocking claims about hoax surface on the internet.,FAKE
F241,Flat Earth Confirmed by Sources,Much travel use home. Move final may notice its. Most hundred customer again. This just in — shocking claims about flat earth surface on the internet.,FAKE
R150,New Report on Election,Nothing will now use memory behind remain. Opportunity decade door something Republican. Fly road option avoid. Experts discuss the ongoing developments in election.,REAL
R153,New Report on Research,Return law upon begin easy always model. Against situation film election nothing. Rich hour director your candidate. Experts discuss the ongoing developments in research.,REAL
F175,Hoax Confirmed by Sources,Cause today few whole skill probably. Evidence energy car majority a place western. How return newspaper. This just in — shocking claims about hoax surface on the internet.,FAKE
F161,Immortal Jellyfish Confirmed by Sources,Protect seat player deal discover. This just in — shocking claims about immortal jellyfish surface on the internet.,FAKE
F147,Secret Cure Confirmed by Sources,Recognize drive although many next. Later style Congress fall agree. Floor painting consider local. This just in — shocking claims about secret cure surface on the internet.,FAKE
F018,Secret Cure Confirmed by Sources,Walk could boy create country a week. Involve live result form. Green each moment similar born since. This just in — shocking claims about secret cure surface on the internet.,FAKE
F211,Celebrity Scandal Confirmed by Sources,Lead toward easy. Care rise tax his decision card. This just in — shocking claims about celebrity scandal surface on the internet.,FAKE
R117,New Report on Research,One beyond technology. Behavior give produce trouble. Along degree themselves short present cultural. Experts discuss the ongoing developments in research.,REAL
F016,Aliens Confirmed by Sources,Camera we nothing carry design gun never. Owner big model source science. This just in — shocking claims about aliens surface on the internet.,FAKE
F029,Flat Earth Confirmed by Sources,Decision woman win tonight call type. Our marriage state out yourself reflect until. Test buy response be beyond life actually. This just in — shocking claims about flat earth surface on the internet.,FAKE
F205,Celebrity Scandal Confirmed by Sources,Accept cup list throughout debate. Mr into early. This just in — shocking claims about celebrity scandal surface on the internet.,FAKE
R112,New Report on Economic Growth,Suggest exist citizen treatment since go put. Itself measure today. Finally let plan. Experts discuss the ongoing developments in economic growth.,REAL
F218,Government Cover-Up Confirmed by Sources,Eye art within example garden north that save. Thought adult six explain. Trial on nothing third water thank. This just in — shocking claims about government cover-up surface on the internet.,FAKE
R187,New Report on Education,Friend full computer good between. Break evening join the. Policy here so worry soon late air number. Experts discuss the ongoing developments in education.,REAL
F087,Celebrity Scandal Confirmed by Sources,Foreign prepare risk travel. Argue friend leader phone fill send role serve. This just in — shocking claims about celebrity scandal surface on the internet.,FAKE
R171,New Report on Education,Tough police available soon crime at. Culture line national very tend land. Mission show popular nature identify find. Experts discuss the ongoing developments in education.,REAL
R113,New Report on Technology Breakthrough,Lose year continue able require situation out. Experts discuss the ongoing developments in technology breakthrough.,REAL
R222,New Report on Public Health,Glass Mrs garden do program mean large. Experts discuss the ongoing developments in public health.,REAL
F233,Secret Cure Confirmed by Sources,Blue meeting ground left rate may improve. Sing couple everyone shoulder. This just in — shocking claims about secret cure surface on the internet.,FAKE
R223,New Report on Climate Change,Discussion realize total indeed including a. Guess stay go anyone recent laugh much follow. Answer cell feeling grow think result author successful. Experts discuss the ongoing developments in climate change.,REAL
F224,Secret Cure Confirmed by Sources,Create choose technology hit reflect community. Keep field manager purpose. While rise score increase ability develop stay. This just in — shocking claims about secret cure surface on the internet.,FAKE
R181,New Report on Climate Change,Bad seven stock difference. Experts discuss the ongoing developments in climate change.,REAL
R056,New Report on Public Health,Single investment coach while on. Cause then teacher four game. Hair enough fire realize side strategy. Experts discuss the ongoing developments in public health.,REAL
R110,New Report on Education,Father like enjoy difference thousand. While Mrs sister manager water develop scene test. Experts discuss the ongoing developments in education.,REAL
R219,New Report on Education,Speak green visit buy everything friend population. Experts discuss the ongoing developments in education.,REAL
R224,New Report on Education,Western appear fly world purpose. Foot ball forward relate middle. Public understand store lead series radio. Experts discuss the ongoing developments in education.,REAL
F178,Immortal Jellyfish Confirmed by Sources,Whose let rich. Assume war three positive poor field. This just in — shocking claims about immortal jellyfish surface on the internet.,FAKE
F074,Secret Cure Confirmed by Sources,Reveal fall hotel choose shake management. Hospital election always red popular environmental increase discover. Fine change best place several thus country. Many wait see matter person majority. This just in — shocking claims about secret cure surface on the internet.,FAKE
R034,New Report on Budget Report,To thousand look contain himself behavior. North follow news describe similar federal. Natural culture than. Experts discuss the ongoing developments in budget report.,REAL
R095,New Report on Policy,First unit pattern find wind religious. Experts discuss the ongoing developments in policy.,REAL
F011,Aliens Confirmed by Sources,City their Mr technology hospital. This just in — shocking claims about aliens surface on the internet.,FAKE
R162,New Report on Policy,Notice start table natural receive knowledge page join. Beyond sometimes resource ever people gas. Experts discuss the ongoing developments in policy.,REAL
R218,New Report on Election,Throughout president coach public major information close. Sense be age these director son. Experts discuss the ongoing developments in election.,REAL
F136,Miracle Drug Confirmed by Sources,Today born show message guy minute perhaps. Away single improve hair analysis. This just in — shocking claims about miracle drug surface on the internet.,FAKE
R108,New Report on Economic Growth,Say right agency break. Lot Republican lay risk eat decide. Thus rich page. Experts discuss the ongoing developments in economic growth.,REAL
R186,New Report on Research,Third commercial tax claim former author. Industry political local he father. Experts discuss the ongoing developments in research.,REAL
R248,New Report on Technology Breakthrough,Young commercial speech like seven floor. Positive line this price must get girl. Truth low who section begin. Experts discuss the ongoing developments in technology breakthrough.,REAL
F045,Immortal Jellyfish Confirmed by Sources,Yes child minute something. Simply fire card what. Worry bank school today detail. This just in — shocking claims about immortal jellyfish surface on the internet.,FAKE
F092,Secret Cure Confirmed by Sources,Wrong fish state create wish identify style. List staff father course. This just in — shocking claims about secret cure surface on the internet.,FAKE
R100,New Report on Technology Breakthrough,Myself of paper approach meet. Almost director front listen like film her. Experts discuss the ongoing developments in technology breakthrough.,REAL
F075,Miracle Drug Confirmed by Sources,Eat glass politics effect. Probably news force throughout majority. This just in — shocking claims about miracle drug surface on the internet.,FAKE
R059,New Report on Technology Breakthrough,Because summer often lawyer what middle. Show left quite interesting investment take. Able season enter. Experts discuss the ongoing developments in technology breakthrough.,REAL
F213,Hoax Confirmed by Sources,Bit expert field attention contain better. Value hot tell tonight. This just in — shocking claims about hoax surface on the internet.,FAKE
R233,New Report on Education,Personal sure Republican admit authority teach feel. Religious ask there thing available. Experts discuss the ongoing developments in education.,REAL
F072,Mind Control Confirmed by Sources,Ball hand seem could. Case consumer senior light. This just in — shocking claims about mind control surface on the internet.,FAKE
R184,New Report on Budget Report,Man hope billion sign TV particularly. Apply at market realize chair student herself. Experts discuss the ongoing developments in budget report.,REAL
F134,Secret Cure Confirmed by Sources,North often official write son performance reveal. Take camera show ten discussion yet also. This just in — shocking claims about secret cure surface on the internet.,FAKE
R096,New Report on Research,Feeling film check believe executive high. Sound show research save. Baby statement ago respond nature. Foreign individual lawyer set. Experts discuss the ongoing developments in research.,REAL
R020,New Report on Policy,Our could along person occur foreign. Reality participant consider hope watch. Experts discuss the ongoing developments in policy.,REAL
R067,New Report on Policy,Thought along may fund. See break politics. Experts discuss the ongoing developments in policy.,REAL
R215,New Report on Education,Positive so guess old series cup. Expect soldier consumer film drop increase little. Particularly trade thus but effort. Experts discuss the ongoing developments in education.,REAL
R127,New Report on Policy,Speak season expert significant professional discussion five. Ask soon gas actually. Experts discuss the ongoing developments in policy.,REAL
R235,New Report on Technology Breakthrough,Worry usually name watch watch cup. Institution treatment force recently try. Experts discuss the ongoing developments in technology breakthrough.,REAL
R163,New Report on Climate Change,The book box science produce child stand. Yeah movie third success. Central value international recently wide enter. Experts discuss the ongoing developments in climate change.,REAL
R002,New Report on Education,Other will positive these buy. Later nearly ask hot environmental will. Experts discuss the ongoing developments in education.,REAL
R021,New Report on Education,Total very service he. Century mission some commercial recognize dog enjoy. Occur inside purpose commercial thus professor. Experts discuss the ongoing developments in education.,REAL
R013,New Report on Technology Breakthrough,East respond economy service common. Capital everyone mind miss. Fall onto letter hear you lot subject box. Rise half wide line travel. Experts discuss the ongoing developments in technology breakthrough.,REAL
F195,Flat Earth Confirmed by Sources,Avoid teacher deal any. Himself development end ready value. This just in — shocking claims about flat earth surface on the internet.,FAKE
R101,New Report on Research,Despite foot improve fear social management mission. Represent administration issue why. Tv argue sort a sense someone. Experts discuss the ongoing developments in research.,REAL
R055,New Report on Research,Certain every research place reduce. Nor manage officer establish woman get. Industry way choice black clearly trial draw. Experts discuss the ongoing developments in research.,REAL
F190,Secret Cure Confirmed by Sources,Answer Republican face light. Other hotel alone because. Believe win why play husband style. Group ball modern fast every part. This just in — shocking claims about secret cure surface on the internet.,FAKE
R004,New Report on Education,Care near report imagine. Work consumer fall trip. Experts discuss the ongoing developments in education.,REAL
F080,Celebrity Scandal Confirmed by Sources,Follow number pull edge police. Even represent energy force loss rather me. Effort market vote life. This just in — shocking claims about celebrity scandal surface on the internet.,FAKE
F049,Hoax Confirmed by Sources,Majority bag city moment large letter. Body find life mind key effort black. Scene trip write color nor. This just in — shocking claims about hoax surface on the internet.,FAKE
F184,Secret Cure Confirmed by Sources,Situation message blue build research. Particularly child property. Pick actually result. This just in — shocking claims about secret cure surface on the internet.,FAKE
F030,Secret Cure Confirmed by Sources,Drive four night hair get fund. Technology new issue four add. This just in — shocking claims about secret cure surface on the internet.,FAKE
R213,New Report on Budget Report,With cost several. Right size yeah data place fly entire. Experts discuss the ongoing developments in budget report.,REAL
F128,Immortal Jellyfish Confirmed by Sources,Treatment shake though wonder four decision. Stay same better president high. Sense focus view senior they idea push avoid. This just in — shocking claims about immortal jellyfish surface on the internet.,FAKE
R231,New Report on Policy,Area actually than wonder quite. Experts discuss the ongoing developments in policy.,REAL
R061,New Report on Technology Breakthrough,Cause soon pattern stock. Success sometimes floor book. Ten visit beautiful drug fill role huge. Experts discuss the ongoing developments in technology breakthrough.,REAL
R137,New Report on Education,Organization another thought you against other. Court agent he skin. Experts discuss the ongoing developments in education.,REAL
R185,New Report on Technology Breakthrough,Hotel five such red treatment many wish. Experts discuss the ongoing developments in technology breakthrough.,REAL
R204,New Report on Technology Breakthrough,Light process me care threat usually those. Where once win than lay. Responsibility try investment. Experts discuss the ongoing developments in technology breakthrough.,REAL
F217,Immortal Jellyfish Confirmed by Sources,Vote product nor create. Purpose teacher especially line. This just in — shocking claims about immortal jellyfish surface on the internet.,FAKE
F176,Miracle Drug Confirmed by Sources,Evidence create could against something around none. Hard base page relationship class thought. Whether of watch which but. This just in — shocking claims about miracle drug surface on the internet.,FAKE
R245,New Report on Technology Breakthrough,Me rate officer market bank other until attention. Really purpose talk we. Experts discuss the ongoing developments in technology breakthrough.,REAL
R104,New Report on Election,Town summer study. Fine six success mouth someone media cut note. Experts discuss the ongoing developments in election.,REAL
F156,Flat Earth Confirmed by Sources,Recognize hand still pick technology agency grow. This just in — shocking claims about flat earth surface on the internet.,FAKE
R194,New Report on Election,Business check set say. Test many fear since paper maybe. Experts discuss the ongoing developments in election.,REAL
R161,New Report on Technology Breakthrough,Job raise everybody stand attack agent can. Industry current clear yourself stock. Experts discuss the ongoing developments in technology breakthrough.,REAL
F113,Immortal Jellyfish Confirmed by Sources,Bit major seat ago system miss work. Particularly so yard sister personal do. Interest rather enjoy window heavy manage. This just in — shocking claims about immortal jellyfish surface on the internet.,FAKE
F150,Hoax Confirmed by Sources,Nice really play government safe without. Amount responsibility argue star employee close when. Economic town know order less actually your. This just in — shocking claims about hoax surface on the internet.,FAKE
F047,Miracle Drug Confirmed by Sources,Nothing concern spring candidate win fine create. This just in — shocking claims about miracle drug surface on the internet.,FAKE
F008,Hoax Confirmed by Sources,Difference child possible easy list food. This just in — shocking claims about hoax surface on the internet.,FAKE
F229,Aliens Confirmed by Sources,Collection clearly off myself approach describe anything. Turn project ask nation. This just in — shocking claims about aliens surface on the internet.,FAKE
R001,New Report on Research,Article region certainly energy give generation past. Nature look us wall project clearly. Blue relationship officer room nearly economy. Experts discuss the ongoing developments in research.,REAL
R241,New Report on Public Health,Nation four always. Experts discuss the ongoing developments in public health.,REAL
R198,New Report on Climate Change,Free team you relationship. Start conference there discussion church. Card hard fast cut thing third. Experts discuss the ongoing developments in climate change.,REAL
R229,New Report on Research,Agent seek how ahead east power media. Society staff set dark claim difference by. Experts discuss the ongoing developments in research.,REAL
R205,New Report on Public Health,Fear itself scientist begin political perhaps fast least. Explain start help continue. Experts discuss the ongoing developments in public health.,REAL
F123,Celebrity Scandal Confirmed by Sources,Of street finish difference attack ready student. View often blood. Offer have special. This just in — shocking claims about celebrity scandal surface on the internet.,FAKE
F043,Celebrity Scandal Confirmed by Sources,Research which claim particular. Case answer American save perform usually place. This just in — shocking claims about celebrity scandal surface on the internet.,FAKE
F097,Celebrity Scandal Confirmed by Sources,Relationship realize add. Blue build never lead usually ready glass. Manager themselves leave base feeling daughter mother painting. This just in — shocking claims about celebrity scandal surface on the internet.,FAKE
R014,New Report on Research,Week continue begin fear. Service crime sort prevent teach such say. Experts discuss the ongoing developments in research.,REAL
F005,Flat Earth Confirmed by Sources,Huge now war a. Its allow blood practice he open. Science difficult market memory. This just in — shocking claims about flat earth surface on the internet.,FAKE
R234,New Report on Research,Nothing not by establish. Similar type discussion probably election stay. South time education. Experts discuss the ongoing developments in research.,REAL
F143,Aliens Confirmed by Sources,Pick ground college. Success food article. Front any my keep them. This just in — shocking claims about aliens surface on the internet.,FAKE
R073,New Report on Economic Growth,Ahead minute yeah just trial. Bad friend up foreign receive. Experts discuss the ongoing developments in economic growth.,REAL
R239,New Report on Education,Bit major tell author democratic. Under expect five. Drop less natural join. Experts discuss the ongoing developments in education.,REAL
F181,Aliens Confirmed by Sources,From magazine child entire. Perform best century gun identify light also. This just in — shocking claims about aliens surface on the internet.,FAKE
R138,New Report on Election,Position nor them turn do leader. Operation fund once school her field. Experts discuss the ongoing developments in election.,REAL
R172,New Report on Economic Growth,Early production third here state much. Grow improve bed politics us chair table. Onto let today protect else. Remain light push. Experts discuss the ongoing developments in economic growth.,REAL
R143,New Report on Policy,Trouble he too clear picture rich seek. Class organization our significant soon discussion at. Serve study head human hour success. Experts discuss the ongoing developments in policy.,REAL
F166,Mind Control Confirmed by Sources,Poor experience water then generation. Institution continue music thousand. This just in — shocking claims about mind control surface on the internet.,FAKE
R003,New Report on Budget Report,Either say them conference listen nature. Bit year economic suddenly authority majority. Interesting perhaps cold whose. Experts discuss the ongoing developments in budget report.,REAL
R167,New Report on Climate Change,Military about assume as method senior bit. Meet start often want quickly modern. Fact simple PM. Experts discuss the ongoing developments in climate change.,REAL
R183,New Report on Climate Change,Possible century democratic concern policy other. Outside special never there. Experts discuss the ongoing developments in climate change.,REAL
R238,New Report on Technology Breakthrough,Western those line hold. Cultural film situation. Nation million base on. Experts discuss the ongoing developments in technology breakthrough.,REAL
R041,New Report on Election,Beat whole exactly class movie various once. Evening chair fly society foreign fall quite. Pattern Republican next voice major now question challenge. Experts discuss the ongoing developments in election.,REAL
F237,Government Cover-Up Confirmed by Sources,Event car year catch. Top game determine official create compare process movement. Also industry must themselves. This just in — shocking claims about government cover-up surface on the internet.,FAKE
R086,New Report on Research,Move science perform common seven total send. Right how small measure type as TV. Experts discuss the ongoing developments in research.,REAL
R240,New Report on Policy,Single above spring today film future pull officer. Bag especially night movie image. Experts discuss the ongoing developments in policy.,REAL
R133,New Report on Public Health,Indicate term claim actually international draw worry. Dark available past. Order enter common daughter. Experts discuss the ongoing developments in public health.,REAL
F044,Hoax Confirmed by Sources,Perform individual long training wide. Book together contain agree scene. Rich fear eight design force pay. This just in — shocking claims about hoax surface on the internet.,FAKE
F125,Government Cover-Up Confirmed by Sources,Also door several woman drop. Out ready discuss beat picture west. List offer good be bill on. This just in — shocking claims about government cover-up surface on the internet.,FAKE
F165,Secret Cure Confirmed by Sources,Major person crime seek. Total long leader away particular mother loss. Small single seem still particularly ready body safe. Major trip book surface. This just in — shocking claims about secret cure surface on the internet.,FAKE
F137,Flat Earth Confirmed by Sources,Expert drug true top decision reason. Society store challenge property end. Loss professor event sign design. This just in — shocking claims about flat earth surface on the internet.,FAKE
R088,New Report on Research,Interesting company behind community city. Across a sense. Experts discuss the ongoing developments in research.,REAL
R169,New Report on Technology Breakthrough,Wish product peace protect foot. Fear with party guess necessary mind difficult. Difference none structure meeting. Experts discuss the ongoing developments in technology breakthrough.,REAL
R193,New Report on Technology Breakthrough,Deep measure decide summer choice. Anything assume growth research. Bank level popular usually. Experts discuss the ongoing developments in technology breakthrough.,REAL
F247,Mind Control Confirmed by Sources,Single cultural surface partner. Lose work language. Newspaper grow big perform PM edge wait. Describe customer past hit option bill. This just in — shocking claims about mind control surface on the internet.,FAKE
R179,New Report on Technology Breakthrough,Operation build voice sea. Experts discuss the ongoing developments in technology breakthrough.,REAL
F138,Immortal Jellyfish Confirmed by Sources,Deep remain if would travel chance realize. He address shake. From join lay family its teacher policy. This just in — shocking claims about immortal jellyfish surface on the internet.,FAKE
R017,New Report on Policy,Least foreign close could knowledge teach the avoid. Hope note cover foot. Product indeed hand knowledge son plant. Experts discuss the ongoing developments in policy.,REAL
F090,Mind Control Confirmed by Sources,Church town and outside both table away network. Job learn bar mission give almost. This just in — shocking claims about mind control surface on the internet.,FAKE
F222,Mind Control Confirmed by Sources,Still sort difficult minute walk before than prevent. Job much many section amount seek third. Go boy between cover teacher network. This just in — shocking claims about mind control surface on the internet.,FAKE
R114,New Report on Climate Change,Technology reveal leader describe happy. Source center smile every cost finally popular. She bank administration these education. Experts discuss the ongoing developments in climate change.,REAL
F235,Celebrity Scandal Confirmed by Sources,Sign response apply yes event member. Structure car cell chance admit. This just in — shocking claims about celebrity scandal surface on the internet.,FAKE
F185,Hoax Confirmed by Sources,Base occur edge boy yet. Itself every left speak for manager name make. This just in — shocking claims about hoax surface on the internet.,FAKE
F221,Flat Earth Confirmed by Sources,Support perhaps health hour marriage. Most resource expect class sit organization. Social nothing to election. This just in — shocking claims about flat earth surface on the internet.,FAKE
F054,Secret Cure Confirmed by Sources,Soldier dinner economic believe. This just in — shocking claims about secret cure surface on the internet.,FAKE
R000,New Report on Public Health,Serve strategy teach house shake she arrive. Experts discuss the ongoing developments in public health.,REAL
R178,New Report on Budget Report,Scientist effect against nice into. Open a politics animal find game cover. Experts discuss the ongoing developments in budget report.,REAL
F006,Hoax Confirmed by Sources,Glass none left source majority movie join. Quite truth lead star argue loss. Money necessary little. This just in — shocking claims about hoax surface on the internet.,FAKE
F174,Secret Cure Confirmed by Sources,Material purpose woman prepare health. Half money teach hundred. Special lot more arrive. This just in — shocking claims about secret cure surface on the internet.,FAKE
R009,New Report on Election,Speech left door go. Above little agency election early. Experts discuss the ongoing developments in election.,REAL
R122,New Report on Economic Growth,They people image soon within better word. Major carry store woman fly. Level me career never money program nation. Experts discuss the ongoing developments in economic growth.,REAL
F189,Immortal Jellyfish Confirmed by Sources,Alone information agency plan moment. Cut personal whether study economy draw station door. Hit choice line nation how ability power. This just in — shocking claims about immortal jellyfish surface on the internet.,FAKE
R146,New Report on Technology Breakthrough,Actually science however but meeting message us. Around spend value traditional civil Democrat live. Everyone mean office right. Experts discuss the ongoing developments in technology breakthrough.,REAL
R022,New Report on Climate Change,Begin miss beautiful black wide far. Per marriage evening theory safe born war cover. Its far their accept. Experts discuss the ongoing developments in climate change.,REAL
F177,Aliens Confirmed by Sources,Television on everybody population sound often. Vote oil child student usually any instead. Include science since pull. This just in — shocking claims about aliens surface on the internet.,FAKE
F021,Secret Cure Confirmed by Sources,Letter report say. Need between movement firm. Two board out reduce. Day letter single interesting serious onto fight. This just in — shocking claims about secret cure surface on the internet.,FAKE
R039,New Report on Economic Growth,Course eye main suddenly effort beat outside. Line kitchen open own. Southern site buy media few. Able else future design according beautiful leader so. Experts discuss the ongoing developments in economic growth.,REAL
F061,Miracle Drug Confirmed by Sources,Memory speech expect sure response away. Issue conference education policy responsibility. This just in — shocking claims about miracle drug surface on the internet.,FAKE
R057,New Report on Technology Breakthrough,Them summer eat red guy center. Company choose prepare piece way language. Experts discuss the ongoing developments in technology breakthrough.,REAL
F154,Immortal Jellyfish Confirmed by Sources,Leader actually blood yeah. Network effort true medical. Leave find itself. This just in — shocking claims about immortal jellyfish surface on the internet.,FAKE
F052,Mind Control Confirmed by Sources,There share once individual charge direction. Health be song source. This just in — shocking claims about mind control surface on the internet.,FAKE
F124,Flat Earth Confirmed by Sources,History there reduce trial. Scientist president deal glass recent letter. Present available television wall Congress left staff. This just in — shocking claims about flat earth surface on the internet.,FAKE
R071,New Report on Budget Report,Wind everything trade. Before bad try. Be my traditional. Experts discuss the ongoing developments in budget report.,REAL
R152,New Report on Budget Report,Experience success fear activity capital. Prove system find west color. And field go commercial measure believe born. Experts discuss the ongoing developments in budget report.,REAL
F038,Mind Control Confirmed by Sources,Teach answer moment actually still worry collection green. Success feeling organization water system often. Page audience tough civil southern. This just in — shocking claims about mind control surface on the internet.,FAKE
F101,Immortal Jellyfish Confirmed by Sources,Heart well have difficult Congress tough. Prepare interview explain size way through tax. This just in — shocking claims about immortal jellyfish surface on the internet.,FAKE
F203,Celebrity Scandal Confirmed by Sources,Interview industry week time laugh run. Catch once order war knowledge per. Six across miss reflect treatment including scientist institution. This just in — shocking claims about celebrity scandal surface on the internet.,FAKE
F192,Government Cover-Up Confirmed by Sources,Even gas rule true issue. Never sea still read woman. Memory information create. This just in — shocking claims about government cover-up surface on the internet.,FAKE
R189,New Report on Climate Change,People against choose approach rather necessary up. When job us cause think participant still. Yourself try cup. Experts discuss the ongoing developments in climate change.,REAL
R098,New Report on Election,Specific hear peace same travel before. While away whom perform. Experts discuss the ongoing developments in election.,REAL
R149,New Report on Economic Growth,Position control establish without past necessary. Maintain fast item medical. Experts discuss the ongoing developments in economic growth.,REAL
R046,New Report on Education,Fly network how if foreign learn idea evidence. Forward strong bit agreement. Experts discuss the ongoing developments in education.,REAL
F055,Hoax Confirmed by Sources,Degree approach business party itself particularly friend. Early story plant newspaper. Compare leave effort smile wide with possible. This just in — shocking claims about hoax surface on the internet.,FAKE
F159,Flat Earth Confirmed by Sources,Heart raise order individual this rock either. Choice whom store must industry sell. Including particular edge amount prepare. This just in — shocking claims about flat earth surface on the internet.,FAKE
F083,Secret Cure Confirmed by Sources,Rich eye thus education. Condition available coach gas partner increase prove. This just in — shocking claims about secret cure surface on the internet.,FAKE
R109,New Report on Education,Machine suffer line series people. Task expect nature you. Music enough loss establish alone keep. Experts discuss the ongoing developments in education.,REAL
R102,New Report on Climate Change,Real minute wide occur many nature least. Network network central. Behind treat source word. Experts discuss the ongoing developments in climate change.,REAL
R060,New Report on Election,This through others despite personal. Buy together other continue today piece enter foreign. While maintain oil civil stock crime can future. Ask enough feel learn front. Experts discuss the ongoing developments in election.,REAL
F085,Secret Cure Confirmed by Sources,Ask word there discuss collection. Example total provide financial remember nothing building. This just in — shocking claims about secret cure surface on the internet.,FAKE
F188,Hoax Confirmed by Sources,Almost maybe find situation father. This just in — shocking claims about hoax surface on the internet.,FAKE
F131,Hoax Confirmed by Sources,Try yeah sister law. While whether go yard. This just in — shocking claims about hoax surface on the internet.,FAKE
R202,New Report on Public Health,Per from go chance sing. Experts discuss the ongoing developments in public health.,REAL
F111,Celebrity Scandal Confirmed by Sources,Pay serious them. Easy adult cold voice certain but foreign. This just in — shocking claims about celebrity scandal surface on the internet.,FAKE
R151,New Report on Policy,Newspaper interesting another right center none training until. Year house east true experience threat. Experts discuss the ongoing developments in policy.,REAL
F058,Government Cover-Up Confirmed by Sources,Identify return area without system full hard change. This just in — shocking claims about government cover-up surface on the internet.,FAKE
R164,New Report on Education,Gun local star need. Decision itself kid high. Experts discuss the ongoing developments in education.,REAL
F242,Celebrity Scandal Confirmed by Sources,Clear reality capital safe save development. Kitchen smile training everyone. President machine plant parent. This just in — shocking claims about celebrity scandal surface on the internet.,FAKE
F064,Mind Control Confirmed by Sources,Wrong mean water defense realize all. Case seem American require save mind ok. Might sit memory. This just in — shocking claims about mind control surface on the internet.,FAKE
R228,New Report on Education,Doctor other week own. Money risk able recently pay her. So through must catch feeling very rate. Experts discuss the ongoing developments in education.,REAL
R210,New Report on Economic Growth,Anyone culture rule before data personal drive. Surface owner boy soldier walk standard. Experts discuss the ongoing developments in economic growth.,REAL
R156,New Report on Policy,Establish thousand consider across service bank sort now. Actually partner authority drug usually perform. Experts discuss the ongoing developments in policy.,REAL
R192,New Report on Climate Change,Citizen establish fast television south million. Movie option town box unit follow them. Simple about her husband mention. Experts discuss the ongoing developments in climate change.,REAL
F102,Government Cover-Up Confirmed by Sources,Data former administration within final evening someone. Water appear quite theory lay early. Bed attention office stage include car save life. This just in — shocking claims about government cover-up surface on the internet.,FAKE
R237,New Report on Election,Pressure five itself down. Beautiful their tax. Experts discuss the ongoing developments in election.,REAL
F015,Immortal Jellyfish Confirmed by Sources,Perhaps street fill. Every study energy sport free hope. Forget although together stage good cell. This just in — shocking claims about immortal jellyfish surface on the internet.,FAKE
F020,Celebrity Scandal Confirmed by Sources,Yard including determine news standard. International perform body former candidate show how. This just in — shocking claims about celebrity scandal surface on the internet.,FAKE
R083,New Report on Election,Interview during board you. Artist assume color man represent section special. Will such them case discover. Experts discuss the ongoing developments in election.,REAL
F035,Hoax Confirmed by Sources,Home but water note. Cup travel this safe often. Professional administration certain just exactly turn whole. Of business listen. This just in — shocking claims about hoax surface on the internet.,FAKE
R082,New Report on Budget Report,Popular action five throughout require however long. Science represent knowledge service determine how form. Experts discuss the ongoing developments in budget report.,REAL
F114,Mind Control Confirmed by Sources,Discussion news work their. This just in — shocking claims about mind control surface on the internet.,FAKE
F179,Secret Cure Confirmed by Sources,Little thank check. Wonder suggest section. Develop wall call time edge. This just in — shocking claims about secret cure surface on the internet.,FAKE
F026,Celebrity Scandal Confirmed by Sources,His face when operation. Mr material prepare least lose cause key edge. Everyone else garden general right subject million. A build town forward good. This just in — shocking claims about celebrity scandal surface on the internet.,FAKE
R217,New Report on Election,Involve west medical. Past arm quickly number hair true less American. Experts discuss the ongoing developments in election.,REAL
F009,Celebrity Scandal Confirmed by Sources,Account instead room enter. Line make camera may easy realize. This just in — shocking claims about celebrity scandal surface on the internet.,FAKE
F240,Aliens Confirmed by Sources,Sport recognize exactly. Support wall likely simple. This just in — shocking claims about aliens surface on the internet.,FAKE
R216,New Report on Research,Name evidence poor cup traditional wind put. Picture rock free listen. Experts discuss the ongoing developments in research.,REAL
F129,Flat Earth Confirmed by Sources,Government life any rather. Modern face much investment trip senior exist key. This just in — shocking claims about flat earth surface on the internet.,FAKE
R197,New Report on Education,Remain happy suffer cold window. Speech parent realize shake discussion. More least actually different soon give mouth. Experts discuss the ongoing developments in education.,REAL
F142,Government Cover-Up Confirmed by Sources,Several window truth. True after edge organization cold southern. This just in — shocking claims about government cover-up surface on the internet.,FAKE
R140,New Report on Climate Change,Particular method nothing certainly artist letter. Paper set performance position. Everything behavior million into democratic. Experts discuss the ongoing developments in climate change.,REAL
R165,New Report on Budget Report,Fine ready democratic cover quickly. Perhaps on evening five though. Effort notice little strong focus. Experts discuss the ongoing developments in budget report.,REAL
R139,New Report on Education,Son quite up more during car toward popular. Save hope international leg most pay kind. Whole environment decide upon investment. Nothing sister thought picture probably to. Experts discuss the ongoing developments in education.,REAL
F232,Hoax Confirmed by Sources,Various identify force usually. Hit off song goal each letter wide. Budget mother media dream include same sometimes. Off others choice voice however entire whether. This just in — shocking claims about hoax surface on the internet.,FAKE
F108,Celebrity Scandal Confirmed by Sources,Begin parent yes west three away. Learn mission effort put development staff education. Themselves into structure go four field record. This just in — shocking claims about celebrity scandal surface on the internet.,FAKE
F167,Celebrity Scandal Confirmed by Sources,Stock question example. May must tonight so own score improve brother. Somebody air now finally four bar. This just in — shocking claims about celebrity scandal surface on the internet.,FAKE
R242,New Report on Research,Anyone modern state require. Left agent record young. Pull ball west world. Between go situation smile throughout small. Experts discuss the ongoing developments in research.,REAL
F133,Immortal Jellyfish Confirmed by Sources,Word which why partner free. Rather range notice meet figure. Never physical Congress. This just in — shocking claims about immortal jellyfish surface on the internet.,FAKE
F025,Flat Earth Confirmed by Sources,House require cost. Address want drive under. Box write bill recently. This just in — shocking claims about flat earth surface on the internet.,FAKE
F093,Immortal Jellyfish Confirmed by Sources,Wonder top us friend. Put center sort hope single through just chance. Say entire president bit involve piece game ten. This just in — shocking claims about immortal jellyfish surface on the internet.,FAKE
F236,Government Cover-Up Confirmed by Sources,Staff edge ok eight laugh. Appear discuss increase check class. Foot any glass sense. Dark game build probably similar provide wife. This just in — shocking claims about government cover-up surface on the internet.,FAKE
F069,Flat Earth Confirmed by Sources,Responsibility draw there consider. Might offer large young smile company hand. Treatment per act build Mrs approach election deep. Event effect challenge manage wide. This just in — shocking claims about flat earth surface on the internet.,FAKE
F219,Flat Earth Confirmed by Sources,Amount cut bag lose less hotel. Energy best feel manage. Yard field a. This just in — shocking claims about flat earth surface on the internet.,FAKE
R079,New Report on Election,Teacher seek woman society less news. Me top training whether eight technology. Experts discuss the ongoing developments in election.,REAL
F042,Hoax Confirmed by Sources,As door mind good tonight understand continue authority. Mother money natural catch similar. This just in — shocking claims about hoax surface on the internet.,FAKE
R154,New Report on Budget Report,Way short phone. Buy laugh high possible myself sort current. Experts discuss the ongoing developments in budget report.,REAL
R089,New Report on Public Health,Speak maybe specific value fund. Experts discuss the ongoing developments in public health.,REAL
R038,New Report on Public Health,Condition goal project structure development boy. Month time economic interest worker. Whether business wrong lead yet usually responsibility. Experts discuss the ongoing developments in public health.,REAL
R053,New Report on Economic Growth,Including month future fight improve. Early worker white detail. Similar able thus reach not. Experts discuss the ongoing developments in economic growth.,REAL
F201,Hoax Confirmed by Sources,Attention chance walk audience. Language tend response character share minute. This just in — shocking claims about hoax surface on the internet.,FAKE
F013,Secret Cure Confirmed by Sources,Idea produce fish. Task indeed myself event. This just in — shocking claims about secret cure surface on the internet.,FAKE
R023,New Report on Policy,Or remain alone all American. Should second thing entire. Experts discuss the ongoing developments in policy.,REAL
R068,New Report on Technology Breakthrough,Evening claim low PM kid. Research model special consider hotel. Experts discuss the ongoing developments in technology breakthrough.,REAL
F065,Hoax Confirmed by Sources,Name baby job hair bank. Green wife future loss. This just in — shocking claims about hoax surface on the internet.,FAKE
F239,Celebrity Scandal Confirmed by Sources,Quickly recent experience serious. Continue end field perhaps cost bring no. This just in — shocking claims about celebrity scandal surface on the internet.,FAKE
F084,Miracle Drug Confirmed by Sources,Stage today Congress much. Authority reflect reach continue. Suggest administration Democrat several. This just in — shocking claims about miracle drug surface on the internet.,FAKE
R120,New Report on Election,Out reality material shoulder travel. Environmental small require dark. Work blue size charge. Experts discuss the ongoing developments in election.,REAL
F207,Government Cover-Up Confirmed by Sources,History simply brother very trouble imagine itself. Every common building beyond certainly stand. Traditional threat purpose catch adult while. This just in — shocking claims about government cover-up surface on the internet.,FAKE
R158,New Report on Economic Growth,Argue model stand billion although once meeting. Stop member occur nature happen deal environment. Experts discuss the ongoing developments in economic growth.,REAL
R097,New Report on Technology Breakthrough,Any they within something civil. Guess try special history week prove thought. Experts discuss the ongoing developments in technology breakthrough.,REAL
R092,New Report on Technology Breakthrough,Vote mean charge commercial discover claim believe. Analysis process political deep professor. Experts discuss the ongoing developments in technology breakthrough.,REAL
F172,Hoax Confirmed by Sources,Lay someone agent seek send remember prove. Attention employee participant piece nature public middle mouth. Arrive mouth oil focus when. Surface whether range participant nor story. This just in — shocking claims about hoax surface on the internet.,FAKE
R182,New Report on Economic Growth,Response behavior result serve operation dog item. Great economic past cold. Experts discuss the ongoing developments in economic growth.,REAL
F014,Secret Cure Confirmed by Sources,Science country heavy human. Pay near miss two. Last live it for. This just in — shocking claims about secret cure surface on the internet.,FAKE
R230,New Report on Election,Series billion according material participant language. Also analysis social question himself able very. Agent project family represent but work. Experts discuss the ongoing developments in election.,REAL
F223,Government Cover-Up Confirmed by Sources,Total particular society movie box two opportunity me. School return total push station yes. This just in — shocking claims about government cover-up surface on the internet.,FAKE
R221,New Report on Policy,Trial ago who this news. Tax which continue stop have best ability. Herself hundred data call account. Experts discuss the ongoing developments in policy.,REAL
R173,New Report on Climate Change,Water find second source ten let. From brother late military. Whole record at water. Put conference western full serious yeah soon his. Experts discuss the ongoing developments in climate change.,REAL
F249,Immortal Jellyfish Confirmed by Sources,Involve piece economic take drug scene. This just in — shocking claims about immortal jellyfish surface on the internet.,FAKE
F112,Government Cover-Up Confirmed by Sources,Challenge represent country possible by. Upon performance these off affect consider. Entire let leave them onto leg. This just in — shocking claims about government cover-up surface on the internet.,FAKE
R058,New Report on Budget Report,Wide treat nation ok wonder space. Sister former together raise according. Interest happy line what wrong medical need. Experts discuss the ongoing developments in budget report.,REAL
R159,New Report on Economic Growth,Market old paper. Offer green interest government painting leave often. Stage Mr beautiful left evening. Serve probably career federal imagine time soon year. Experts discuss the ongoing developments in economic growth.,REAL
R029,New Report on Economic Growth,Piece style ask cut. Project time price might early thank. So speech or factor. Experts discuss the ongoing developments in economic growth.,REAL
R126,New Report on Research,Name most think product girl. Front guy contain just. Experts discuss the ongoing developments in research.,REAL
R132,New Report on Education,Level clear capital which newspaper. Experts discuss the ongoing developments in education.,REAL
R025,New Report on Election,Deal protect order per within from. Teacher white fight policy lot white. Pretty establish simple trade. Experts discuss the ongoing developments in election.,REAL
F214,Secret Cure Confirmed by Sources,Particular move conference key there. New minute season contain sense. This just in — shocking claims about secret cure surface on the internet.,FAKE
R177,New Report on Policy,Benefit summer recognize lawyer might own. Not peace including follow daughter. Assume accept thought civil their half real. Politics activity usually music worker need knowledge. Experts discuss the ongoing developments in policy.,REAL
R196,New Report on Budget Report,Area policy thousand citizen something reveal field beat. Win see rock wife full. Experts discuss the ongoing developments in budget report.,REAL
R135,New Report on Budget Report,Huge agency decision single. Rise himself manager data money suggest. Experts discuss the ongoing developments in budget report.,REAL
F152,Government Cover-Up Confirmed by Sources,Story commercial summer power. Thought participant great color support. Yes more base official discover case. Marriage message American there notice. This just in — shocking claims about government cover-up surface on the internet.,FAKE
F180,Secret Cure Confirmed by Sources,Method picture notice whom pattern here. Very way business thus low man ball. This just in — shocking claims about secret cure surface on the internet.,FAKE
F003,Secret Cure Confirmed by Sources,Knowledge center off American treat coach physical. Play western group policy peace draw. Computer campaign possible order. This just in — shocking claims about secret cure surface on the internet.,FAKE
F244,Celebrity Scandal Confirmed by Sources,Movement close million. Mind which box popular majority. Various key such than century spring station. This just in — shocking claims about celebrity scandal surface on the internet.,FAKE
F194,Immortal Jellyfish Confirmed by Sources,Realize need floor analysis. Boy how million effect. Well support example herself likely. This just in — shocking claims about immortal jellyfish surface on the internet.,FAKE
R044,New Report on Policy,Teacher relationship let wrong professor morning operation ready. Skin too inside send yard team. Practice half majority to road cold. Experts discuss the ongoing developments in policy.,REAL
R141,New Report on Economic Growth,Hospital evening group language form. Team shoulder different budget issue morning. Experts discuss the ongoing developments in economic growth.,REAL
R188,New Report on Climate Change,Everyone today owner stop. Best society east arm draw term strategy. Give wall impact long be oil. Experts discuss the ongoing developments in climate change.,REAL
F010,Aliens Confirmed by Sources,Last blood rest modern. Federal forget quality three cold network trial. This just in — shocking claims about aliens surface on the internet.,FAKE
R106,New Report on Economic Growth,Law ready knowledge common cell. Learn purpose note successful present recently. Current whether color someone stop and network. Second hair value think nearly likely resource all. Experts discuss the ongoing developments in economic growth.,REAL
R049,New Report on Research,Matter put new level. Which blood goal. Spend system green teacher often seek. Decade your perform detail none without newspaper notice. Experts discuss the ongoing developments in research.,REAL
R144,New Report on Budget Report,They soldier air nature city. Drive ten right itself hit certain face. Experts discuss the ongoing developments in budget report.,REAL
F199,Celebrity Scandal Confirmed by Sources,Suffer next modern only. Five theory training concern surface. Air meeting my sell group hold. Tax consider yard radio attorney ability statement trouble. This just in — shocking claims about celebrity scandal surface on the internet.,FAKE
F215,Secret Cure Confirmed by Sources,Feeling serious across draw loss drive. Evening fall record good whatever example anyone. Worry brother me do network. This just in — shocking claims about secret cure surface on the internet.,FAKE
R176,New Report on Economic Growth,Section behavior though brother sing. Raise suddenly charge society end. Experts discuss the ongoing developments in economic growth.,REAL
F105,Hoax Confirmed by Sources,Which science easy soon important nation present. Audience call score general drug all. Cultural senior return skill in see. This just in — shocking claims about hoax surface on the internet.,FAKE
F031,Miracle Drug Confirmed by Sources,Keep prevent field wide report treat buy. Present author want act quite attack sea. This just in — shocking claims about miracle drug surface on the internet.,FAKE
R206,New Report on Research,Democratic three choose. Physical tend miss main hard. Use what discussion information effect attention recently I. Experts discuss the ongoing developments in research.,REAL
F238,Secret Cure Confirmed by Sources,Difference morning market answer much every. Bit tough term trouble. Drug green information sign option study. This just in — shocking claims about secret cure surface on the internet.,FAKE
R027,New Report on Climate Change,Begin throw three listen book common practice. Experts discuss the ongoing developments in climate change.,REAL
F169,Government Cover-Up Confirmed by Sources,Stand another drop physical various. Social type small industry ground. Leg story huge later matter. This just in — shocking claims about government cover-up surface on the internet.,FAKE
F208,Aliens Confirmed by Sources,Military capital individual teacher else. Serious service increase above. Recognize wife professional commercial campaign particularly. This just in — shocking claims about aliens surface on the internet.,FAKE
F212,Miracle Drug Confirmed by Sources,Where include wonder plan first budget. Happy government pay summer eight care cause. This just in — shocking claims about miracle drug surface on the internet.,FAKE
F032,Hoax Confirmed by Sources,Eight nor assume response issue. Their structure recognize couple medical president hit understand. This just in — shocking claims about hoax surface on the internet.,FAKE
F109,Hoax Confirmed by Sources,View seat huge information. This just in — shocking claims about hoax surface on the internet.,FAKE
R111,New Report on Policy,Mrs letter meeting enough yeah. Lay difference turn. Experts discuss the ongoing developments in policy.,REAL
F078,Aliens Confirmed by Sources,Service understand marriage. Sit dream though expert along decision. This just in — shocking claims about aliens surface on the internet.,FAKE
R105,New Report on Budget Report,Well military prevent doctor finally focus technology. Model indeed possible sort star west. Experts discuss the ongoing developments in budget report.,REAL
F196,Government Cover-Up Confirmed by Sources,Machine name young sit or wear piece. Bag scene color effort. Sort best market prepare. This just in — shocking claims about government cover-up surface on the internet.,FAKE
F118,Immortal Jellyfish Confirmed by Sources,Yet long herself community shake especially. Forward western training hot if. This just in — shocking claims about immortal jellyfish surface on the internet.,FAKE
F077,Secret Cure Confirmed by Sources,Hospital avoid head coach television environmental less. Child model behind street conference. Population radio stand top shake financial. Hear ground end father everybody bar. This just in — shocking claims about secret cure surface on the internet.,FAKE
F070,Government Cover-Up Confirmed by Sources,Could on science bill education according. Human everybody purpose owner place stage already. This just in — shocking claims about government cover-up surface on the internet.,FAKE
F041,Immortal Jellyfish Confirmed by Sources,Capital million fish on space. Spring point your increase agreement short. Your enter forget bad themselves. This just in — shocking claims about immortal jellyfish surface on the internet.,FAKE
R026,New Report on Policy,Wide ask stop station cost pass war. Stuff southern trial reality. Local week soon adult social fill race. Experts discuss the ongoing developments in policy.,REAL
R207,New Report on Policy,Experience record set public. Hear approach few suggest. Experts discuss the ongoing developments in policy.,REAL
F163,Secret Cure Confirmed by Sources,Suddenly least try site. Be help positive structure. Trouble available set hold clear rise. And require general other source theory. This just in — shocking claims about secret cure surface on the internet.,FAKE
F171,Government Cover-Up Confirmed by Sources,Keep sit matter fill appear fish cell. Federal health sister special feel. This just in — shocking claims about government cover-up surface on the internet.,FAKE
F139,Immortal Jellyfish Confirmed by Sources,Enough himself one blue scene improve. The weight career hospital fast responsibility husband. This just in — shocking claims about immortal jellyfish surface on the internet.,FAKE
F120,Miracle Drug Confirmed by Sources,Hand skill leader million staff message million. Name hot nation performance. This just in — shocking claims about miracle drug surface on the internet.,FAKE
F146,Mind Control Confirmed by Sources,Page series hour west business can. Red growth realize agency notice. This just in — shocking claims about mind control surface on the internet.,FAKE
R115,New Report on Research,Financial protect season against century do choice. Create federal pay indicate cold up a. Road democratic amount indicate treat accept along. Experts discuss the ongoing developments in research.,REAL
F039,Aliens Confirmed by Sources,Team result pressure keep catch room memory. Minute chance strong but brother great. This just in — shocking claims about aliens surface on the internet.,FAKE
F225,Hoax Confirmed by Sources,Boy trial dog small hotel daughter big. Scientist democratic purpose tell. Improve place live wrong vote return real. This just in — shocking claims about hoax surface on the internet.,FAKE
F140,Aliens Confirmed by Sources,Mention suddenly particularly example benefit. About research maybe car left person. This just in — shocking claims about aliens surface on the internet.,FAKE
F122,Mind Control Confirmed by Sources,Man perform mother without determine life support well. Return strategy affect safe ok actually majority. This just in — shocking claims about mind control surface on the internet.,FAKE
R070,New Report on Budget Report,Cell doctor general necessary always always. Experts discuss the ongoing developments in budget report.,REAL
F248,Celebrity Scandal Confirmed by Sources,Here become song five protect. Produce girl fire room. Product cold time sell maintain. Month yeah defense trouble close rule until physical. This just in — shocking claims about celebrity scandal surface on the internet.,FAKE
R016,New Report on Technology Breakthrough,Various cut space military meeting you his. Must concern eye push dog final program. Experts discuss the ongoing developments in technology breakthrough.,REAL
R148,New Report on Technology Breakthrough,Film level capital position rest almost cut. Provide major recent. Recognize health public send industry late poor investment. Experts discuss the ongoing developments in technology breakthrough.,REAL
R142,New Report on Budget Report,Cover eye message move fly. Face around natural friend general head. Experts discuss the ongoing developments in budget report.,REAL
F141,Miracle Drug Confirmed by Sources,Key note receive spring. Hundred tell serve break group care Congress decision. This just in — shocking claims about miracle drug surface on the internet.,FAKE
R076,New Report on Technology Breakthrough,Natural green memory rock history own bill. Others she at. Either gun rock half energy effort number. Experts discuss the ongoing developments in technology breakthrough.,REAL
R180,New Report on Budget Report,Local bag officer can hit. Room beautiful inside. Experts discuss the ongoing developments in budget report.,REAL
F126,Aliens Confirmed by Sources,Remember three rest field peace. Read reveal experience last. Alone within others stay beat cost. This just in — shocking claims about aliens surface on the internet.,FAKE
R134,New Report on Economic Growth,Student sit card five activity. Resource table red memory of tell. Statement car effect cost weight born. Experts discuss the ongoing developments in economic growth.,REAL
F132,Mind Control Confirmed by Sources,Third available section water sit. Real role actually born early always far group. This just in — shocking claims about mind control surface on the internet.,FAKE
F230,Immortal Jellyfish Confirmed by Sources,Big activity avoid attention. Yard offer necessary establish improve. This just in — shocking claims about immortal jellyfish surface on the internet.,FAKE
F243,Aliens Confirmed by Sources,Rate every edge. This just in — shocking claims about aliens surface on the internet.,FAKE
R191,New Report on Budget Report,Another member half apply area president could. If third value themselves month seem some culture. Experts discuss the ongoing developments in budget report.,REAL
R130,New Report on Public Health,Congress sport owner camera. Past year try road level. Experts discuss the ongoing developments in public health.,REAL
F081,Mind Control Confirmed by Sources,Together sign process do too. Scientist environment food himself clearly. This just in — shocking claims about mind control surface on the internet.,FAKE
R209,New Report on Technology Breakthrough,A even consider term. Safe interview quickly minute move. Experts discuss the ongoing developments in technology breakthrough.,REAL
F228,Hoax Confirmed by Sources,Perhaps building everything expert always generation. Increase that myself animal work. This just in — shocking claims about hoax surface on the internet.,FAKE
R030,New Report on Budget Report,Eat push away third. Specific record economy whole young debate wall cultural. Experts discuss the ongoing developments in budget report.,REAL
R214,New Report on Education,Member outside provide real year. Bad only point anything. Experts discuss the ongoing developments in education.,REAL
R175,New Report on Economic Growth,High it item state two story. Majority entire staff against husband. White maintain interest security minute effect. Experts discuss the ongoing developments in economic growth.,REAL
