id,filtered_words_array,features,label_index
R129,"['action', 'whatever', 'air', 'commercial', 'take', 'same.', 'question', 'mind', 'able', 'rule', 'by.', 'effort', 'level', 'hope', 'trouble', 'fast.', 'experts', 'discuss', 'ongoing', 'developments', 'election.']","(10000,[88,343,474,855,1499,1804,2909,2947,3184,3496,3556,3614,4506,4687,4831,5726,6000,6443,6633,7695,9462],[4.137164559405029,4.137164559405029,5.523458920524919,4.830311739964974,4.019381523748645,4.830311739964974,4.42484663185681,4.270695952029551,2.7826188965997183,3.6516567436233283,2.849310271098391,0.6753425559264385,0.691153161953081,0.6832166123573445,5.117993812416755,3.5085558999826545,3.8187108282864943,3.383392757028649,4.607168188650764,3.8187108282864943,0.691153161953081])",1.0
R227,"['case', 'professional', 'nearly', 'service', 'fact', 'call', 'box', 'seek.', 'ready', 'environmental', 'join', 'memory', 'black', 'draw.', 'experts', 'discuss', 'ongoing', 'developments', 'climate', 'change.']","(10000,[821,1948,2059,2155,2252,2866,2922,3614,3759,4506,4687,5146,6027,6342,6557,6941,7215,7922,8952,9462],[2.849310271098391,4.830311739964974,2.7200985396183848,4.42484663185681,3.914021008090819,4.137164559405029,4.42484663185681,0.6753425559264385,4.830311739964974,0.691153161953081,0.6832166123573445,4.270695952029551,4.137164559405029,4.270695952029551,3.8187108282864943,3.7316994512968646,4.42484663185681,3.8187108282864943,4.42484663185681,0.691153161953081])",1.0
F231,"['always', 'suggest', 'across', 'fear.', 'system', 'bit', 'know', 'day.', 'treat', 'build', 'near', 'leg', 'look', 'contain.', '—', 'shocking', 'claims', 'aliens', 'surface', 'internet.']","(10000,[503,650,1842,1989,3014,3292,3996,5850,5974,6290,7074,7281,7615,7779,7816,7936,8338,8750,9011,9939],[0.691153161953081,2.958509563063383,5.523458920524919,4.019381523748645,3.914021008090819,5.523458920524919,4.137164559405029,0.691153161953081,3.6516567436233283,4.42484663185681,3.0811118851557153,0.6832166123573445,5.117993812416755,4.137164559405029,4.607168188650764,0.691153161953081,0.691153161953081,3.6516567436233283,3.914021008090819,4.607168188650764])",0.0
R066,"['interest', 'leg', 'next.', 'eat', 'around', 'usually', 'dog', 'condition', 'imagine.', 'available', 'side', 'protect.', 'past', 'beat', 'research', 'tell', 'direction.', 'experts', 'discuss', 'ongoing', 'developments', 'policy.']","(10000,[70,1850,2475,2569,2990,3614,4506,4687,5328,5844,6197,6290,6944,7276,8693,9026,9275,9432,9462,9547,9564,9781],[4.137164559405029,4.42484663185681,3.914021008090819,3.6516567436233283,3.7316994512968646,0.6753425559264385,0.691153161953081,0.6832166123573445,3.577548771469606,3.7316994512968646,4.270695952029551,4.42484663185681,2.7826188965997183,4.019381523748645,4.830311739964974,5.117993812416755,3.914021008090819,3.8187108282864943,0.691153161953081,5.117993812416755,4.019381523748645,4.137164559405029])",1.0
F095,"['prevent', 'quite', 'modern.', 'serve', 'actually', 'way', 'until.', '—', 'shocking', 'claims', 'mind', 'control', 'surface', 'internet.']","(10000,[78,503,1208,1725,3184,3252,4430,5850,6056,6447,7281,7936,8338,9391],[4.830311739964974,0.691153161953081,2.849310271098391,4.137164559405029,2.7826188965997183,4.270695952029551,4.830311739964974,0.691153161953081,4.019381523748645,3.6516567436233283,0.6832166123573445,0.691153161953081,0.691153161953081,3.7316994512968646])",0.0
R174,"['late', 'fear', 'history', 'prevent', 'water', 'stand.', 'experts', 'discuss', 'ongoing', 'developments', 'policy.']","(10000,[2589,3079,3252,3614,4506,4687,6090,6543,6944,9462,9513],[3.383392757028649,4.019381523748645,4.270695952029551,0.6753425559264385,0.691153161953081,0.6832166123573445,4.607168188650764,4.270695952029551,2.7826188965997183,0.691153161953081,3.383392757028649])",1.0
R201,"['fly', 'realize', 'former', 'show', 'life', 'anything', 'state.', 'clearly', 'detail', 'mr', 'every', 'prove', 'pressure.', 'college', 'live', 'interview', 'officer', 'war.', 'scientist', 'standard', 'toward', 'share.', 'experts', 'discuss', 'ongoing', 'developments', 'public', 'health.']","(10000,[493,696,740,1143,1582,1770,2114,2647,2967,3032,3194,3477,3614,4019,4160,4506,4687,5214,5944,6035,6219,6226,6749,8057,8238,8929,9462,9681],[4.607168188650764,4.270695952029551,5.523458920524919,4.830311739964974,3.8187108282864943,2.8844015909096608,4.830311739964974,4.270695952029551,4.607168188650764,4.607168188650764,4.270695952029551,4.137164559405029,0.6753425559264385,3.8187108282864943,4.42484663185681,0.691153161953081,0.6832166123573445,4.42484663185681,4.019381523748645,3.4440173788450834,3.125563647726549,3.914021008090819,5.117993812416755,5.523458920524919,4.830311739964974,5.117993812416755,0.691153161953081,3.5085558999826545])",1.0
R072,"['rather', 'late', 'break.', 'election', 'stand', 'region', 'fight', 'subject', 'culture.', 'goal', 'whatever', 'military', 'middle', 'quality', 'plan.', 'town', 'huge', 'world', 'green', 'front.', 'experts', 'discuss', 'ongoing', 'developments', 'education.']","(10000,[132,551,2198,2526,2837,3079,3506,3614,4253,4506,4687,4715,5047,5089,5703,5877,6886,7695,8159,8655,9087,9360,9462,9640,9878],[4.019381523748645,3.914021008090819,4.270695952029551,4.607168188650764,3.8187108282864943,4.019381523748645,4.607168188650764,0.6753425559264385,4.830311739964974,0.691153161953081,0.6832166123573445,4.137164559405029,2.60568818844064,4.270695952029551,4.830311739964974,4.42484663185681,4.137164559405029,3.8187108282864943,4.270695952029551,4.830311739964974,5.117993812416755,4.42484663185681,0.691153161953081,5.117993812416755,4.270695952029551])",1.0
R064,"['admit', 'everyone', 'within', 'purpose.', 'third', 'read', 'play', 'risk.', 'experts', 'discuss', 'ongoing', 'developments', 'research.']","(10000,[2173,3614,4506,4687,6711,7066,7650,8714,8734,8771,8893,9462,9817],[4.270695952029551,0.6753425559264385,0.691153161953081,0.6832166123573445,5.523458920524919,2.849310271098391,4.607168188650764,4.830311739964974,4.830311739964974,3.6516567436233283,3.7316994512968646,0.691153161953081,3.577548771469606])",1.0
F037,"['together', 'painting', 'computer', 'today', 'understand', 'both.', 'share', 'ahead', 'room', 'study', 'course', 'line.', 'heavy', 'others', 'address', 'hold', 'even.', '—', 'shocking', 'claims', 'miracle', 'drug', 'surface', 'internet.']","(10000,[494,503,1034,1256,2115,2389,3652,3947,4224,4454,5850,6487,6940,7177,7281,7860,7936,8151,8268,8312,8338,8506,8949,9806],[4.019381523748645,0.691153161953081,4.137164559405029,3.125563647726549,5.117993812416755,4.42484663185681,4.42484663185681,4.830311739964974,4.607168188650764,3.914021008090819,0.691153161953081,3.8187108282864943,3.8187108282864943,5.523458920524919,0.6832166123573445,2.849310271098391,0.691153161953081,4.019381523748645,4.019381523748645,3.914021008090819,0.691153161953081,4.830311739964974,4.270695952029551,3.914021008090819])",0.0
R170,"['view', 'discuss', 'deal.', 'consumer', 'maintain', 'evening', 'leader', 'father', 'reason.', 'experts', 'discuss', 'ongoing', 'developments', 'technology', 'breakthrough.']","(10000,[1020,1526,1800,2227,3614,4506,4687,5247,5286,5375,7293,9462,9470,9475],[2.455405985391302,3.577548771469606,4.42484663185681,2.7200985396183848,1.350685111852877,0.691153161953081,0.6832166123573445,4.42484663185681,3.7316994512968646,4.830311739964974,4.137164559405029,0.691153161953081,5.523458920524919,4.607168188650764])",1.0
F110,"['exactly', 'make', 'police', 'republican.', 'late', 'wish', 'less', 'least', 'group.', '—', 'shocking', 'claims', 'celebrity', 'scandal', 'surface', 'internet.']","(10000,[495,503,1195,1634,2096,3079,3486,3525,3876,4921,5850,5966,7268,7281,7936,8338],[4.270695952029551,0.691153161953081,3.7316994512968646,4.137164559405029,4.42484663185681,4.019381523748645,2.849310271098391,4.137164559405029,4.607168188650764,2.849310271098391,0.691153161953081,5.117993812416755,5.117993812416755,0.6832166123573445,0.691153161953081,0.691153161953081])",0.0
F048,"['door', 'yard', 'determine', 'meet', 'including', 'control', 'already.', 'significant', 'measure', 'anyone', 'color', 'begin', 'outside', 'resource.', '—', 'shocking', 'claims', 'secret', 'cure', 'surface', 'internet.']","(10000,[424,503,528,666,1208,1513,3892,4847,5850,6484,6747,7281,7334,7734,7936,8338,8552,8568,9181,9832,9940],[3.914021008090819,0.691153161953081,4.270695952029551,4.019381523748645,2.849310271098391,3.914021008090819,2.5530444549552183,4.019381523748645,0.691153161953081,5.523458920524919,2.5530444549552183,0.6832166123573445,4.019381523748645,4.270695952029551,0.691153161953081,0.691153161953081,4.270695952029551,4.270695952029551,4.607168188650764,3.914021008090819,4.42484663185681])",0.0
F082,"['bad', 'hospital', 'sister', 'answer', 'guess', 'there.', 'respond', 'word', 'trip', 'public', 'popular', 'indicate.', 'present', 'forget', 'member', 'perform', 'easy', 'seven.', '—', 'shocking', 'claims', 'hoax', 'surface', 'internet.']","(10000,[503,760,1098,1770,2500,3519,3521,3619,4377,4528,4930,5782,5804,5850,6148,6790,7146,7281,7936,7956,8130,8338,8660,8945],[0.691153161953081,4.137164559405029,3.577548771469606,2.8844015909096608,4.270695952029551,4.42484663185681,3.914021008090819,4.019381523748645,2.60568818844064,5.117993812416755,3.6516567436233283,4.270695952029551,4.830311739964974,0.691153161953081,3.8187108282864943,3.914021008090819,4.270695952029551,0.6832166123573445,0.691153161953081,4.137164559405029,4.270695952029551,0.691153161953081,4.42484663185681,5.523458920524919])",0.0
F187,"['talk', 'ago', 'glass.', 'appear', 'heart', 'message', 'view.', 'space', 'enter', 'account', 'produce', 'relationship', 'gun.', '—', 'shocking', 'claims', 'miracle', 'drug', 'surface', 'internet.']","(10000,[503,1256,1648,1896,2715,4260,5850,5972,7281,7435,7586,7860,7936,8182,8338,8925,9187,9188,9432,9808],[0.691153161953081,3.125563647726549,4.137164559405029,4.42484663185681,4.137164559405029,4.019381523748645,0.691153161953081,4.830311739964974,0.6832166123573445,4.019381523748645,5.523458920524919,2.849310271098391,0.691153161953081,4.019381523748645,0.691153161953081,4.830311739964974,5.117993812416755,4.270695952029551,3.8187108282864943,4.42484663185681])",0.0
F027,"['fund', 'another', 'dog', 'job', 'particular.', 'writer', 'film', 'likely', 'form', 'million', 'one.', '—', 'shocking', 'claims', 'miracle', 'drug', 'surface', 'internet.']","(10000,[309,503,557,1256,2466,4638,5003,5621,5850,6906,7281,7860,7936,8166,8338,8633,8651,9564],[4.607168188650764,0.691153161953081,3.914021008090819,3.125563647726549,5.523458920524919,4.42484663185681,3.914021008090819,5.117993812416755,0.691153161953081,5.117993812416755,0.6832166123573445,2.849310271098391,0.691153161953081,4.137164559405029,0.691153161953081,4.830311739964974,3.914021008090819,4.019381523748645])",0.0
F202,"['effort', 'never', 'magazine', 'sound', 'support', 'each.', 'sell', 'someone', 'talk', 'make', 'move', 'action', 'compare.', 'bag', 'color', 'forget', 'song', 'either', 'mention.', '—', 'shocking', 'claims', 'hoax', 'surface', 'internet.']","(10000,[281,415,503,1073,3525,3671,4377,4485,4570,5726,5850,6021,6166,6282,6633,7146,7281,7350,7936,8217,8338,8413,8925,9126,9832],[4.137164559405029,3.8187108282864943,0.691153161953081,4.019381523748645,4.137164559405029,4.607168188650764,2.60568818844064,4.607168188650764,5.523458920524919,3.5085558999826545,0.691153161953081,4.607168188650764,4.137164559405029,4.270695952029551,4.607168188650764,4.270695952029551,0.6832166123573445,4.270695952029551,0.691153161953081,4.270695952029551,0.691153161953081,4.137164559405029,4.830311739964974,4.42484663185681,3.914021008090819])",0.0
F197,"['natural', 'character', 'create', 'door', 'world.', 'opportunity', 'else', 'real', 'current', 'policy.', 'financial', 'sound', 'training.', '—', 'shocking', 'claims', 'secret', 'cure', 'surface', 'internet.']","(10000,[503,1404,2764,3892,4847,4867,4988,5034,5850,6166,6287,6747,6944,6976,7281,7407,7936,8338,9189,9691],[0.691153161953081,4.019381523748645,5.117993812416755,2.5530444549552183,4.019381523748645,4.42484663185681,3.8187108282864943,4.607168188650764,0.691153161953081,4.137164559405029,4.019381523748645,2.5530444549552183,2.7826188965997183,4.607168188650764,0.6832166123573445,4.270695952029551,0.691153161953081,0.691153161953081,4.607168188650764,4.270695952029551])",0.0
R128,"['knowledge', 'game', 'fact', 'already.', 'development', 'phone', 'either', 'level', 'thing.', 'whatever', 'dark', 'still.', 'experts', 'discuss', 'ongoing', 'developments', 'climate', 'change.']","(10000,[697,821,1499,1626,1649,2059,2735,2871,3614,4506,4687,7215,7695,7864,8975,9126,9181,9462],[4.42484663185681,2.849310271098391,4.019381523748645,4.270695952029551,4.607168188650764,2.7200985396183848,5.117993812416755,4.270695952029551,0.6753425559264385,0.691153161953081,0.6832166123573445,4.42484663185681,3.8187108282864943,3.914021008090819,4.019381523748645,4.42484663185681,4.607168188650764,0.691153161953081])",1.0
F157,"['card', 'resource', 'pretty', 'clear', 'pressure', 'turn', 'material.', 'phone', 'first', 'free', 'act.', '—', 'shocking', 'claims', 'government', 'cover-up', 'surface', 'internet.']","(10000,[503,1073,1611,1626,1670,2141,2144,2259,3886,3919,5616,5661,5850,6403,7281,7936,8338,9813],[0.691153161953081,4.019381523748645,4.019381523748645,4.270695952029551,4.270695952029551,5.117993812416755,4.42484663185681,2.8154087194227095,4.607168188650764,4.42484663185681,5.523458920524919,4.137164559405029,0.691153161953081,4.137164559405029,0.6832166123573445,0.691153161953081,0.691153161953081,2.997730276216664])",0.0
F117,"['sometimes', 'stage', 'impact', 'draw', 'reason.', 'pay', 'difficult.', 'conference', 'oil', 'mention', 'really', 'wonder.', '—', 'shocking', 'claims', 'hoax', 'surface', 'internet.']","(10000,[30,503,1972,2907,4112,4377,4897,5375,5657,5850,5869,6035,7281,7337,7936,8167,8338,8509],[3.914021008090819,0.691153161953081,5.117993812416755,4.42484663185681,4.607168188650764,2.60568818844064,3.577548771469606,4.830311739964974,4.019381523748645,0.691153161953081,4.42484663185681,3.4440173788450834,0.6832166123573445,5.117993812416755,0.691153161953081,3.914021008090819,0.691153161953081,5.117993812416755])",0.0
F173,"['group', 'anyone', 'likely', 'ground', 'enter', 'type', 'character.', 'science', 'sure', 'around', 'seem', 'brother', 'entire.', 'step', 'camera', 'star', 'second.', '—', 'shocking', 'claims', 'secret', 'cure', 'surface', 'internet.']","(10000,[190,291,309,503,656,666,1558,1650,1821,2588,3363,3526,3892,5170,5850,6197,6487,6747,7281,7435,7766,7936,8338,8530],[5.523458920524919,4.270695952029551,4.607168188650764,0.691153161953081,4.607168188650764,4.019381523748645,4.830311739964974,4.019381523748645,4.607168188650764,4.270695952029551,3.4440173788450834,4.270695952029551,2.5530444549552183,4.270695952029551,0.691153161953081,4.270695952029551,3.8187108282864943,2.5530444549552183,0.6832166123573445,4.019381523748645,4.137164559405029,0.691153161953081,0.691153161953081,5.523458920524919])",0.0
F024,"['option', 'similar', 'may', 'age', 'american', 'mission', 'add', 'expect.', 'seat', 'see', 'difficult', 'agency.', '—', 'shocking', 'claims', 'aliens', 'surface', 'internet.']","(10000,[47,503,650,1051,1712,5354,5850,6069,7046,7281,7652,7936,8219,8338,8791,9160,9613,9887],[4.42484663185681,0.691153161953081,2.958509563063383,5.523458920524919,4.270695952029551,4.270695952029551,0.691153161953081,3.7316994512968646,4.019381523748645,0.6832166123573445,4.137164559405029,0.691153161953081,5.523458920524919,0.691153161953081,4.830311739964974,4.137164559405029,4.270695952029551,5.117993812416755])",0.0
F096,"['hospital', 'put', 'assume.', 'race', 'admit', 'chair', 'realize.', '—', 'shocking', 'claims', 'celebrity', 'scandal', 'surface', 'internet.']","(10000,[454,503,681,2710,3486,4921,4930,5850,7281,7936,8338,8550,8714,8871],[3.914021008090819,0.691153161953081,4.42484663185681,4.830311739964974,2.849310271098391,2.849310271098391,3.6516567436233283,0.691153161953081,0.6832166123573445,0.691153161953081,0.691153161953081,5.117993812416755,4.830311739964974,4.019381523748645])",0.0
R247,"['election', 'reach', 'somebody', 'appear', 'consider', 'across', 'issue.', 'clear', 'whole', 'rather', 'design', 'these.', 'experts', 'discuss', 'ongoing', 'developments', 'public', 'health.']","(10000,[132,312,627,1611,1770,2837,3089,3378,3614,3922,4506,4687,5678,6219,7074,8182,8386,9462],[4.019381523748645,4.019381523748645,4.019381523748645,4.019381523748645,2.8844015909096608,3.8187108282864943,5.117993812416755,4.830311739964974,0.6753425559264385,4.019381523748645,0.691153161953081,0.6832166123573445,5.117993812416755,3.125563647726549,3.0811118851557153,4.019381523748645,4.270695952029551,0.691153161953081])",1.0
F226,"['sort', 'choose', 'page', 'better', 'range', 'cause', 'state.', 'century', 'enjoy', 'good', 'low', 'attorney', 'site', 'word', 'air.', 'effect', 'plan', 'identify', 'enough', 'both.', '—', 'shocking', 'claims', 'government', 'cover-up', 'surface', 'internet.']","(10000,[165,316,503,1805,1918,2259,2543,2827,3519,3967,4748,4853,5720,5850,5891,6123,6168,6324,7281,7841,7936,8338,8411,8506,8929,9706,9813],[4.607168188650764,3.914021008090819,0.691153161953081,4.607168188650764,4.830311739964974,2.8154087194227095,4.019381523748645,4.137164559405029,4.42484663185681,4.137164559405029,4.270695952029551,4.270695952029551,3.7316994512968646,0.691153161953081,4.607168188650764,4.607168188650764,4.019381523748645,4.019381523748645,0.6832166123573445,4.137164559405029,0.691153161953081,0.691153161953081,3.6516567436233283,4.830311739964974,5.117993812416755,4.137164559405029,2.997730276216664])",0.0
F100,"['forward', 'every', 'important', 'play', 'international.', 'reveal', 'walk', 'industry', 'under.', '—', 'shocking', 'claims', 'flat', 'earth', 'surface', 'internet.']","(10000,[503,1507,1967,2173,2886,2918,3010,5850,6142,7281,7936,8338,8411,9676,9681,9782],[0.691153161953081,4.019381523748645,4.830311739964974,4.270695952029551,5.523458920524919,3.0385522707369192,3.6516567436233283,0.691153161953081,4.270695952029551,0.6832166123573445,0.691153161953081,0.691153161953081,3.6516567436233283,3.0385522707369192,3.5085558999826545,5.117993812416755])",0.0
F246,"['tax', 'official', 'visit', 'movie', 'manage.', 'offer', 'certain', 'plant', 'standard', 'risk', 'although', 'none', 'friend.', 'middle', 'pretty', 'design', 'behavior', 'must', 'sell.', '—', 'shocking', 'claims', 'government', 'cover-up', 'surface', 'internet.']","(10000,[503,698,735,1023,1310,1439,2259,2483,2958,2967,3228,3919,3922,5850,6587,7244,7281,7779,7936,8338,8485,8794,9288,9813,9831,9878],[0.691153161953081,4.42484663185681,4.270695952029551,3.8187108282864943,4.830311739964974,3.577548771469606,2.8154087194227095,4.607168188650764,4.019381523748645,4.607168188650764,4.830311739964974,4.42484663185681,4.019381523748645,0.691153161953081,4.019381523748645,3.577548771469606,0.6832166123573445,4.137164559405029,0.691153161953081,0.691153161953081,4.019381523748645,4.270695952029551,4.270695952029551,2.997730276216664,4.137164559405029,4.270695952029551])",0.0
F183,"['parent', 'card', 'big', 'what.', 'owner', 'represent', 'maintain', 'surface', 'although.', '—', 'shocking', 'claims', 'aliens', 'surface', 'internet.']","(10000,[503,650,2144,3048,5247,5850,6053,6852,7281,7936,8338,8363,8717,9932],[0.691153161953081,2.958509563063383,4.42484663185681,4.270695952029551,4.42484663185681,0.691153161953081,3.577548771469606,5.117993812416755,1.366433224714689,0.691153161953081,0.691153161953081,4.830311739964974,3.914021008090819,4.42484663185681])",0.0
R063,"['wear', 'environmental', 'race', 'shoulder', 'reality', 'nice.', 'anything', 'happy', 'standard', 'writer', 'player.', 'also', 'good', 'star.', 'experts', 'discuss', 'ongoing', 'developments', 'policy.']","(10000,[454,680,2114,2263,2967,3614,3792,4506,4687,5347,6027,6097,6168,6581,6756,6906,6944,8780,9462],[3.914021008090819,4.137164559405029,4.830311739964974,4.830311739964974,4.607168188650764,0.6753425559264385,4.42484663185681,0.691153161953081,0.6832166123573445,4.137164559405029,4.137164559405029,5.523458920524919,4.019381523748645,4.270695952029551,3.914021008090819,5.117993812416755,2.7826188965997183,5.523458920524919,0.691153161953081])",1.0
R005,"['follow', 'particular', 'develop', 'month', 'home.', 'spring', 'pay', 'issue', 'break', 'southern', 'create', 'special.', 'media', 'life', 'difficult', 'soon', 'whole', 'both.', 'experts', 'discuss', 'ongoing', 'developments', 'election.']","(10000,[627,668,1041,1209,1241,1404,1644,1712,3477,3556,3614,3743,4506,4687,4897,5118,5741,5861,6616,8506,8984,9367,9462],[4.019381523748645,4.019381523748645,3.577548771469606,4.42484663185681,4.019381523748645,4.019381523748645,4.137164559405029,4.270695952029551,4.137164559405029,2.849310271098391,0.6753425559264385,4.42484663185681,0.691153161953081,0.6832166123573445,3.577548771469606,4.607168188650764,4.270695952029551,4.830311739964974,4.137164559405029,4.830311739964974,4.137164559405029,4.019381523748645,0.691153161953081])",1.0
R084,"['prove', 'water', 'station.', 'upon', 'ready', 'sell', 'carry', 'size', 'begin.', 'position', 'beyond', 'score.', 'whatever', 'room', 'nation', 'way', 'trial', 'wide.', 'experts', 'discuss', 'ongoing', 'developments', 'election.']","(10000,[454,494,1290,1339,2589,3192,3410,3556,3614,4014,4321,4485,4506,4687,5214,6557,6735,7195,7274,7695,8900,9391,9462],[3.914021008090819,4.019381523748645,5.117993812416755,4.137164559405029,3.383392757028649,4.42484663185681,3.914021008090819,2.849310271098391,0.6753425559264385,4.137164559405029,4.607168188650764,4.607168188650764,0.691153161953081,0.6832166123573445,4.42484663185681,3.8187108282864943,4.42484663185681,5.117993812416755,5.117993812416755,3.8187108282864943,4.42484663185681,3.7316994512968646,0.691153161953081])",1.0
R124,"['piece', 'however', 'apply', 'reach', 'man', 'mean', 'picture.', 'media', 'race', 'source', 'leader', 'stay', 'education.', 'experts', 'discuss', 'ongoing', 'developments', 'education.']","(10000,[433,454,909,911,1209,1526,2569,2887,3133,3614,4506,4687,5047,7312,7721,8386,9462],[4.137164559405029,3.914021008090819,4.42484663185681,4.607168188650764,4.42484663185681,3.577548771469606,3.6516567436233283,5.523458920524919,4.019381523748645,0.6753425559264385,0.691153161953081,0.6832166123573445,5.21137637688128,4.42484663185681,4.137164559405029,4.270695952029551,0.691153161953081])",1.0
R118,"['minute', 'whether', 'town.', 'away', 'heart', 'rule', 'room', 'teacher', 'box', 'argue.', 'experts', 'discuss', 'ongoing', 'developments', 'research.']","(10000,[343,494,3357,3406,3614,3737,4506,4687,6278,7066,7509,7922,8708,9462,9808],[4.137164559405029,4.019381523748645,3.577548771469606,3.914021008090819,0.6753425559264385,3.914021008090819,0.691153161953081,0.6832166123573445,5.523458920524919,2.849310271098391,5.117993812416755,3.8187108282864943,3.5085558999826545,0.691153161953081,4.42484663185681])",1.0
F001,"['fly', 'reach', 'focus', 'drug', 'wind', 'simply.', 'provide', 'involve', 'growth', 'today.', 'tree', 'hold', 'half', 'special.', '—', 'shocking', 'claims', 'aliens', 'surface', 'internet.']","(10000,[320,503,650,816,1780,2389,2558,3882,3931,5118,5850,5871,5944,5946,6271,7281,7860,7936,8338,8386],[4.137164559405029,0.691153161953081,2.958509563063383,5.523458920524919,3.7316994512968646,4.42484663185681,4.42484663185681,4.830311739964974,3.914021008090819,4.607168188650764,0.691153161953081,4.607168188650764,4.019381523748645,4.019381523748645,4.137164559405029,0.6832166123573445,2.849310271098391,0.691153161953081,0.691153161953081,4.270695952029551])",0.0
F007,"['financial', 'care.', 'whose', 'laugh', 'meet', 'place', 'trade', 'low.', 'model', 'able', 'born', 'dark', 'direction', 'fact', 'guess.', '—', 'shocking', 'claims', 'immortal', 'jellyfish', 'surface', 'internet.']","(10000,[419,503,697,2066,3496,5390,5850,6390,7098,7102,7215,7255,7281,7407,7936,8338,8546,8554,9539,9545,9876,9940],[4.42484663185681,0.691153161953081,4.42484663185681,2.7508701982851385,3.6516567436233283,5.117993812416755,0.691153161953081,3.914021008090819,4.270695952029551,4.019381523748645,4.42484663185681,5.523458920524919,0.6832166123573445,4.270695952029551,0.691153161953081,0.691153161953081,5.117993812416755,4.830311739964974,4.607168188650764,4.42484663185681,2.7508701982851385,4.42484663185681])",0.0
F046,"['wear', 'produce', 'spend', 'address', 'evening.', 'rich', 'probably', 'structure', 'rock', 'dream', 'continue', 'view.', 'really', 'inside', 'want', 'always.', '—', 'shocking', 'claims', 'mind', 'control', 'surface', 'internet.']","(10000,[353,503,574,743,1208,1648,2297,2366,2996,3184,4011,4112,4454,5850,5972,6212,6581,6816,7281,7712,7936,8338,9066],[4.019381523748645,0.691153161953081,4.270695952029551,3.6516567436233283,2.849310271098391,4.137164559405029,4.137164559405029,4.137164559405029,3.6516567436233283,2.7826188965997183,4.830311739964974,4.607168188650764,3.914021008090819,0.691153161953081,4.830311739964974,4.270695952029551,4.270695952029551,4.830311739964974,0.6832166123573445,4.607168188650764,0.691153161953081,0.691153161953081,4.42484663185681])",0.0
R103,"['find', 'serve', 'provide', 'year', 'street.', 'spring', 'image', 'century.', 'tonight', 'matter', 'manager', 'along.', 'painting', 'recently', 'message.', 'experts', 'discuss', 'ongoing', 'developments', 'research.']","(10000,[1034,1644,1652,1725,1766,2034,2402,2788,3389,3614,4506,4687,5303,5946,7055,7066,7510,8899,9372,9462],[4.137164559405029,4.137164559405029,4.137164559405029,4.137164559405029,4.607168188650764,4.270695952029551,4.270695952029551,5.523458920524919,4.42484663185681,0.6753425559264385,0.691153161953081,0.6832166123573445,4.830311739964974,4.019381523748645,5.523458920524919,2.849310271098391,3.914021008090819,4.270695952029551,4.42484663185681,0.691153161953081])",1.0
R037,"['world', 'fine', 'wind', 'every', 'future.', 'film', 'citizen', 'market', 'sometimes', 'several.', 'result', 'hard', 'method', 'consider', 'technology', 'member', 'send.', 'top', 'mention', 'once.', 'experts', 'discuss', 'ongoing', 'developments', 'budget', 'report.']","(10000,[8,74,312,399,1020,2558,2657,2907,3614,4506,4687,4991,5003,5125,5328,5432,5869,5952,6015,6431,6790,8547,8692,9360,9462,9681],[4.607168188650764,4.830311739964974,4.019381523748645,4.270695952029551,2.455405985391302,4.42484663185681,3.4440173788450834,4.42484663185681,0.6753425559264385,0.691153161953081,0.6832166123573445,2.60568818844064,3.914021008090819,4.137164559405029,3.577548771469606,2.7508701982851385,4.42484663185681,4.830311739964974,4.270695952029551,4.137164559405029,3.914021008090819,4.830311739964974,5.117993812416755,4.42484663185681,0.691153161953081,3.5085558999826545])",1.0
F193,"['type', 'west', 'food.', 'care', 'travel', 'specific.', 'late', 'throughout', 'body.', '—', 'shocking', 'claims', 'secret', 'cure', 'surface', 'internet.']","(10000,[264,503,3079,3526,3892,4085,5085,5310,5726,5850,5948,6747,7281,7936,8338,8681],[4.830311739964974,0.691153161953081,4.019381523748645,4.270695952029551,2.5530444549552183,5.117993812416755,3.5085558999826545,4.019381523748645,3.5085558999826545,0.691153161953081,4.137164559405029,2.5530444549552183,0.6832166123573445,0.691153161953081,0.691153161953081,4.270695952029551])",0.0
R166,"['billion', 'try', 'space', 'thus.', 'seek', 'state', 'debate', 'argue', 'market', 'follow.', 'require', 'sing', 'general', 'others', 'dog', 'across', 'project.', 'experts', 'discuss', 'ongoing', 'developments', 'election.']","(10000,[171,258,1808,2657,2849,3556,3614,3730,4506,4687,4693,5101,5465,6451,6940,7074,7870,8276,8449,9188,9462,9564],[4.137164559405029,4.137164559405029,4.137164559405029,3.4440173788450834,5.523458920524919,2.849310271098391,0.6753425559264385,4.270695952029551,0.691153161953081,0.6832166123573445,3.914021008090819,5.523458920524919,3.7316994512968646,3.577548771469606,3.8187108282864943,3.0811118851557153,4.137164559405029,4.42484663185681,4.137164559405029,4.270695952029551,0.691153161953081,4.019381523748645])",1.0
F017,"['personal', 'campaign', 'top', 'prove.', 'dog', 'wish', 'wait', 'side.', '—', 'shocking', 'claims', 'immortal', 'jellyfish', 'surface', 'internet.']","(10000,[495,503,2066,3924,5105,5328,5477,5850,6675,7281,7936,7939,8338,9564,9876],[4.270695952029551,0.691153161953081,2.7508701982851385,4.137164559405029,4.830311739964974,3.577548771469606,5.117993812416755,0.691153161953081,4.607168188650764,0.6832166123573445,0.691153161953081,4.137164559405029,0.691153161953081,4.019381523748645,2.7508701982851385])",0.0
R008,"['player', 'short', 'sing', 'give', 'deep', 'maintain.', 'style', 'hope', 'finish', 'per', 'fill.', 'experts', 'discuss', 'ongoing', 'developments', 'economic', 'growth.']","(10000,[298,453,1262,1762,3614,3783,4506,4687,6000,6451,6475,6578,6604,8000,9034,9144,9462],[4.270695952029551,4.137164559405029,4.607168188650764,4.42484663185681,0.6753425559264385,4.137164559405029,0.691153161953081,0.6832166123573445,3.8187108282864943,3.577548771469606,5.117993812416755,4.830311739964974,4.830311739964974,4.607168188650764,2.8844015909096608,2.6902455764687034,0.691153161953081])",1.0
F071,"['answer', 'response', 'tonight', 'reflect.', 'scene', 'compare', 'range', 'task.', 'floor', 'white', 'improve', 'enter.', 'project', 'box', 'character', 'yet', 'police', 'great.', '—', 'shocking', 'claims', 'celebrity', 'scandal', 'surface', 'internet.']","(10000,[165,503,2230,2408,2445,3389,3486,3619,3876,4037,4319,4867,4921,5268,5843,5844,5850,6591,7034,7281,7922,7936,8338,8634,9246],[4.607168188650764,0.691153161953081,4.270695952029551,4.137164559405029,4.137164559405029,4.42484663185681,2.849310271098391,4.019381523748645,4.607168188650764,4.607168188650764,3.914021008090819,4.42484663185681,2.849310271098391,4.137164559405029,4.270695952029551,3.7316994512968646,0.691153161953081,5.117993812416755,5.523458920524919,0.6832166123573445,3.8187108282864943,0.691153161953081,0.691153161953081,5.523458920524919,4.607168188650764])",0.0
F028,"['occur', 'career', 'family.', 'choose', 'behind', 'lot', 'seek', 'book', 'build.', '—', 'shocking', 'claims', 'mind', 'control', 'surface', 'internet.']","(10000,[171,393,503,1208,1921,3184,4346,4930,4943,5598,5850,7281,7936,8033,8338,9706],[4.137164559405029,4.019381523748645,0.691153161953081,2.849310271098391,3.8187108282864943,2.7826188965997183,3.914021008090819,3.6516567436233283,4.137164559405029,5.523458920524919,0.691153161953081,0.6832166123573445,0.691153161953081,5.523458920524919,0.691153161953081,4.137164559405029])",0.0
F227,"['training', 'reason', 'make.', 'quality', 'agreement', 'forget', 'central', 'artist', 'often.', '—', 'shocking', 'claims', 'immortal', 'jellyfish', 'surface', 'internet.']","(10000,[503,2066,2944,3506,5850,7146,7281,7538,7576,7936,8338,8413,8757,8928,8931,9876],[0.691153161953081,2.7508701982851385,5.117993812416755,4.607168188650764,0.691153161953081,4.270695952029551,0.6832166123573445,3.8187108282864943,5.117993812416755,0.691153161953081,0.691153161953081,4.137164559405029,4.42484663185681,4.830311739964974,4.42484663185681,2.7508701982851385])",0.0
R200,"['camera', 'produce', 'first', 'building.', 'space', 'magazine', 'young', 'change', 'consumer.', 'trial', 'election', 'meeting', 'economy.', 'experts', 'discuss', 'ongoing', 'developments', 'public', 'health.']","(10000,[20,132,387,1648,1650,1770,2278,3410,3614,4506,4683,4687,5094,6219,6403,7809,8413,9188,9462],[4.270695952029551,4.019381523748645,4.830311739964974,4.137164559405029,4.019381523748645,2.8844015909096608,4.830311739964974,3.914021008090819,0.6753425559264385,0.691153161953081,5.117993812416755,0.6832166123573445,5.523458920524919,3.125563647726549,4.137164559405029,4.137164559405029,4.137164559405029,4.270695952029551,0.691153161953081])",1.0
R225,"['identify', 'resource', 'law', 'pick', 'language', 'prevent', 'skill', 'do.', 'toward', 'describe', 'agreement', 'kind', 'off.', 'paper', 'main', 'night', 'accept', 'cut', 'high.', 'design', 'effort', 'raise', 'attorney', 'professional', 'course.', 'experts', 'discuss', 'ongoing', 'developments', 'climate', 'change.']","(10000,[821,1206,1637,1670,1716,1862,2059,2155,2657,3194,3252,3527,3614,3922,3967,3979,4499,4506,4687,4853,5726,6044,6869,7085,7372,8094,8413,8690,9078,9462,9968],[2.849310271098391,4.019381523748645,4.42484663185681,4.270695952029551,4.607168188650764,4.830311739964974,2.7200985396183848,4.42484663185681,3.4440173788450834,4.270695952029551,4.270695952029551,4.270695952029551,0.6753425559264385,4.019381523748645,4.137164559405029,4.42484663185681,4.830311739964974,0.691153161953081,0.6832166123573445,4.270695952029551,3.5085558999826545,4.830311739964974,4.830311739964974,4.270695952029551,4.42484663185681,3.914021008090819,4.137164559405029,4.607168188650764,5.523458920524919,0.691153161953081,4.137164559405029])",1.0
R062,"['past', 'yes', 'none', 'opportunity.', 'visit', 'hour', 'represent', 'front', 'fear', 'game', 'vote.', 'experts', 'discuss', 'ongoing', 'developments', 'budget', 'report.']","(10000,[504,527,698,3614,4506,4533,4687,4991,5044,5432,6878,8717,8975,9275,9462,9513,9831],[4.270695952029551,3.8187108282864943,4.42484663185681,0.6753425559264385,0.691153161953081,5.523458920524919,0.6832166123573445,2.60568818844064,4.270695952029551,2.7508701982851385,5.523458920524919,3.914021008090819,4.019381523748645,3.914021008090819,0.691153161953081,3.383392757028649,4.137164559405029])",1.0
F033,"['base', 'institution', 'notice', 'social', 'join.', 'majority', 'special', 'less', 'data', 'rather', 'reveal.', '—', 'shocking', 'claims', 'hoax', 'surface', 'internet.']","(10000,[503,823,1055,1195,1525,1695,2006,2837,3243,4377,5850,7281,7936,8173,8338,9244,9994],[0.691153161953081,3.7316994512968646,4.137164559405029,3.7316994512968646,4.019381523748645,3.914021008090819,4.830311739964974,3.8187108282864943,4.830311739964974,2.60568818844064,0.691153161953081,0.6832166123573445,0.691153161953081,3.7316994512968646,0.691153161953081,4.137164559405029,4.607168188650764])",0.0
F012,"['agency', 'believe', 'from.', 'job', 'find', 'old', 'arrive', 'several', 'artist', 'director.', 'point', 'exist', 'shake', 'allow.', 'across', 'high', 'since.', '—', 'shocking', 'claims', 'hoax', 'surface', 'internet.']","(10000,[503,533,557,765,2116,2180,3495,4377,4416,5850,6602,7074,7083,7281,7391,7510,7601,7699,7936,8338,8408,8931,9227],[0.691153161953081,4.607168188650764,3.914021008090819,4.019381523748645,4.42484663185681,4.019381523748645,5.117993812416755,2.60568818844064,4.830311739964974,0.691153161953081,4.830311739964974,3.0811118851557153,4.607168188650764,0.6832166123573445,5.117993812416755,3.914021008090819,5.117993812416755,5.117993812416755,0.691153161953081,0.691153161953081,5.523458920524919,4.42484663185681,4.270695952029551])",0.0
R121,"['operation', 'break', 'medical', 'fund', 'speak', 'debate', 'down.', 'coach', 'score', 'red', 'cup', 'administration', 'fight.', 'hot', 'case', 'tv.', 'experts', 'discuss', 'ongoing', 'developments', 'research.']","(10000,[52,668,1927,3059,3514,3614,4506,4638,4687,4732,5185,5922,6342,7066,8268,8276,8356,9025,9462,9693],[4.019381523748645,4.019381523748645,4.137164559405029,4.270695952029551,4.137164559405029,0.6753425559264385,0.691153161953081,4.42484663185681,1.366433224714689,4.137164559405029,4.137164559405029,4.270695952029551,4.270695952029551,2.849310271098391,4.019381523748645,4.42484663185681,5.117993812416755,4.607168188650764,0.691153161953081,4.137164559405029])",1.0
F210,"['sing', 'another', 'back', 'picture', 'player.', 'blue', 'author', 'name', 'figure', 'seven', 'try', 'argue.', 'candidate', 'recent', 'none.', '—', 'shocking', 'claims', 'aliens', 'surface', 'internet.']","(10000,[15,503,650,2263,2481,4110,4358,4693,5591,5760,5768,5850,6451,7281,7509,7850,7936,8166,8338,8430,9350],[3.8187108282864943,0.691153161953081,2.958509563063383,4.830311739964974,3.8187108282864943,5.117993812416755,4.830311739964974,3.914021008090819,4.42484663185681,4.830311739964974,4.019381523748645,0.691153161953081,3.577548771469606,0.6832166123573445,5.117993812416755,4.137164559405029,0.691153161953081,4.137164559405029,0.691153161953081,5.117993812416755,4.42484663185681])",0.0
F151,"['office', 'single', 'weight', 'letter.', 'member', 'environmental', 'energy', 'home', 'down.', 'build', 'summer', 'situation', 'tax', 'position.', '—', 'shocking', 'claims', 'hoax', 'surface', 'internet.']","(10000,[503,1819,3014,3136,3365,4300,4377,5850,6027,6587,6790,7281,7889,7936,8004,8307,8338,8344,9025,9481],[0.691153161953081,5.117993812416755,3.914021008090819,4.270695952029551,4.42484663185681,4.607168188650764,2.60568818844064,0.691153161953081,4.137164559405029,4.019381523748645,3.914021008090819,0.6832166123573445,3.8187108282864943,0.691153161953081,4.42484663185681,3.914021008090819,0.691153161953081,4.270695952029551,4.607168188650764,3.8187108282864943])",0.0
F099,"['mother', 'fear', 'tough', 'power', 'threat', 'get', 'executive.', 'box', 'decision', 'easy.', '—', 'shocking', 'claims', 'secret', 'cure', 'surface', 'internet.']","(10000,[354,503,751,2193,3056,3892,4175,5447,5850,6747,7281,7922,7936,8070,8338,9426,9513],[4.270695952029551,0.691153161953081,5.523458920524919,4.019381523748645,4.830311739964974,2.5530444549552183,4.830311739964974,3.5085558999826545,0.691153161953081,2.5530444549552183,0.6832166123573445,3.8187108282864943,0.691153161953081,4.270695952029551,0.691153161953081,4.607168188650764,3.383392757028649])",0.0
R090,"['throughout', 'number', 'world', 'song', 'agree', 'believe.', 'group', 'continue', 'leg', 'thousand', 'finally', 'avoid', 'specific.', 'spend', 'probably', 'single', 'start', 'oil', 'local.', 'painting', 'state', 'tree', 'manage', 'thought', 'half.', 'experts', 'discuss', 'ongoing', 'developments', 'technology', 'breakthrough.']","(10000,[55,264,353,586,743,1020,1034,1388,1808,1817,2227,2297,2996,3614,4062,4506,4687,5871,5948,6035,6290,6798,6925,7350,7766,7883,7889,8519,9325,9360,9462],[3.914021008090819,4.830311739964974,4.019381523748645,4.830311739964974,3.6516567436233283,2.455405985391302,4.137164559405029,4.42484663185681,4.137164559405029,4.270695952029551,2.7200985396183848,4.137164559405029,3.6516567436233283,0.6753425559264385,5.523458920524919,0.691153161953081,0.6832166123573445,4.607168188650764,4.137164559405029,3.4440173788450834,4.42484663185681,4.42484663185681,4.607168188650764,4.270695952029551,4.137164559405029,4.42484663185681,3.8187108282864943,4.42484663185681,4.830311739964974,4.42484663185681,0.691153161953081])",1.0
R125,"['rate', 'wear', 'stay', 'industry', 'send.', 'hope', 'set', 'science', 'store', 'style', 'every', 'member', 'account.', 'experts', 'discuss', 'ongoing', 'developments', 'budget', 'report.']","(10000,[253,433,3010,3363,3614,4506,4687,4991,5342,5432,5952,6000,6581,6790,7184,8000,9211,9462,9681],[4.607168188650764,4.137164559405029,3.6516567436233283,3.4440173788450834,0.6753425559264385,0.691153161953081,0.6832166123573445,2.60568818844064,4.137164559405029,2.7508701982851385,4.830311739964974,3.8187108282864943,4.270695952029551,3.914021008090819,4.019381523748645,4.607168188650764,5.117993812416755,0.691153161953081,3.5085558999826545])",1.0
R091,"['hard', 'also', 'affect', 'conference', 'research', 'hand', 'might.', 'white', 'security', 'treat', 'world', 'audience', 'manage.', 'go', 'third', 'hear', 'base', 'many', 'experience', 'method', 'less.', 'experts', 'discuss', 'ongoing', 'developments', 'climate', 'change.']","(10000,[359,821,1312,2059,2483,2634,3423,3614,3635,3792,4506,4687,4842,5125,5188,5657,5843,6015,6055,6451,6729,8173,8750,8771,9360,9432,9462],[5.117993812416755,2.849310271098391,4.42484663185681,2.7200985396183848,4.607168188650764,5.117993812416755,4.42484663185681,0.6753425559264385,3.8187108282864943,4.42484663185681,0.691153161953081,0.6832166123573445,4.137164559405029,4.137164559405029,4.019381523748645,4.019381523748645,4.270695952029551,4.270695952029551,4.607168188650764,3.577548771469606,5.523458920524919,3.7316994512968646,3.6516567436233283,3.6516567436233283,4.42484663185681,3.8187108282864943,0.691153161953081])",1.0
R157,"['one', 'enjoy', 'though', 'occur', 'cultural.', 'language', 'difference', 'authority', 'west', 'season', 'fear', 'church.', 'federal', 'career', 'best', 'minute', 'kitchen', 'sort', 'drop.', 'billion', 'firm.', 'experts', 'discuss', 'ongoing', 'developments', 'climate', 'change.']","(10000,[258,633,756,763,815,821,1176,1716,1805,1921,2059,2358,2551,3357,3385,3614,4506,4687,4930,5085,5720,7866,8094,8471,8852,9462,9513],[4.137164559405029,4.42484663185681,4.830311739964974,4.137164559405029,4.270695952029551,2.849310271098391,4.137164559405029,4.607168188650764,4.607168188650764,3.8187108282864943,2.7200985396183848,4.137164559405029,4.830311739964974,3.577548771469606,4.270695952029551,0.6753425559264385,0.691153161953081,0.6832166123573445,3.6516567436233283,3.5085558999826545,3.7316994512968646,3.914021008090819,3.914021008090819,4.830311739964974,5.117993812416755,0.691153161953081,3.383392757028649])",1.0
F098,"['economy', 'interview', 'office', 'country', 'religious.', 'level', 'worker', 'include', 'management', 'fill', 'student.', '—', 'shocking', 'claims', 'miracle', 'drug', 'surface', 'internet.']","(10000,[217,503,1099,1241,1256,1499,2676,2953,5850,6035,7281,7860,7870,7936,8338,8344,8444,9727],[4.42484663185681,0.691153161953081,5.117993812416755,4.019381523748645,3.125563647726549,4.019381523748645,4.42484663185681,4.42484663185681,0.691153161953081,3.4440173788450834,0.6832166123573445,2.849310271098391,4.137164559405029,0.691153161953081,0.691153161953081,4.270695952029551,5.117993812416755,4.270695952029551])",0.0
F164,"['southern', 'since', 'capital', 'scientist', 'series', 'relationship', 'role', 'very.', 'treat', 'one', 'knowledge', 'political', 'black.', '—', 'shocking', 'claims', 'immortal', 'jellyfish', 'surface', 'internet.']","(10000,[503,815,2066,2611,3350,3743,3935,4260,4463,5850,6226,6287,6466,6541,7281,7864,7936,8338,8750,9876],[0.691153161953081,4.270695952029551,2.7508701982851385,5.117993812416755,4.019381523748645,4.42484663185681,4.137164559405029,4.019381523748645,3.914021008090819,0.691153161953081,3.914021008090819,4.019381523748645,5.117993812416755,4.019381523748645,0.6832166123573445,3.914021008090819,0.691153161953081,0.691153161953081,3.6516567436233283,2.7508701982851385])",0.0
R050,"['minute', 'republican', 'future', 'middle', 'treat', 'manager.', 'million', 'investment.', 'experts', 'discuss', 'ongoing', 'developments', 'economic', 'growth.']","(10000,[1734,3357,3614,4506,4616,4687,6488,7161,8651,8750,9034,9144,9462,9878],[4.607168188650764,3.577548771469606,0.6753425559264385,0.691153161953081,3.914021008090819,0.6832166123573445,4.270695952029551,5.523458920524919,3.914021008090819,3.6516567436233283,2.8844015909096608,2.6902455764687034,0.691153161953081,4.270695952029551])",1.0
R249,"['letter', 'reduce', 'weight', 'society', 'movie', 'hospital.', 'court', 'teach', 'third', 'radio', 'agency', 'learn.', 'art', 'morning', 'significant.', 'experts', 'discuss', 'ongoing', 'developments', 'climate', 'change.']","(10000,[327,564,765,821,934,1035,1439,2059,2126,3160,3614,4506,4568,4687,7854,8004,8159,8522,8771,9086,9462],[3.8187108282864943,4.270695952029551,4.019381523748645,2.849310271098391,4.830311739964974,5.117993812416755,3.577548771469606,2.7200985396183848,5.523458920524919,4.607168188650764,0.6753425559264385,0.691153161953081,4.830311739964974,0.6832166123573445,4.607168188650764,4.42484663185681,4.270695952029551,4.019381523748645,3.6516567436233283,4.607168188650764,0.691153161953081])",1.0
R093,"['answer', 'bag', 'throughout.', 'put', 'direction', 'development', 'which.', 'experts', 'discuss', 'ongoing', 'developments', 'election.']","(10000,[415,2622,2871,3556,3614,3619,4506,4687,6315,8554,8871,9462],[3.8187108282864943,5.523458920524919,4.270695952029551,2.849310271098391,0.6753425559264385,4.019381523748645,0.691153161953081,0.6832166123573445,5.523458920524919,4.830311739964974,4.019381523748645,0.691153161953081])",1.0
R131,"['particularly', 'station', 'book', 'though.', 'standard', 'pay', 'toward', 'another', 'especially', 'art', 'expert.', 'experts', 'discuss', 'ongoing', 'developments', 'education.']","(10000,[393,1510,2967,3194,3614,4506,4687,4897,5047,6443,7854,8166,8173,8415,9012,9462],[4.019381523748645,5.523458920524919,4.607168188650764,4.270695952029551,0.6753425559264385,0.691153161953081,0.6832166123573445,3.577548771469606,2.60568818844064,3.383392757028649,4.607168188650764,4.137164559405029,3.7316994512968646,4.270695952029551,5.117993812416755,0.691153161953081])",1.0
F107,"['husband', 'accept', 'several', 'politics', 'ball', 'event.', 'career', 'support', 'score', 'call', 'attorney', 'attorney', 'position', 'foreign.', '—', 'shocking', 'claims', 'flat', 'earth', 'surface', 'internet.']","(10000,[503,1339,1927,2657,2918,3822,4853,4930,5146,5279,5850,5887,7208,7281,7492,7936,8217,8338,9227,9676],[0.691153161953081,4.137164559405029,4.137164559405029,3.4440173788450834,3.0385522707369192,4.42484663185681,8.541391904059102,3.6516567436233283,4.270695952029551,5.117993812416755,0.691153161953081,3.914021008090819,4.42484663185681,0.6832166123573445,4.270695952029551,0.691153161953081,4.270695952029551,0.691153161953081,4.270695952029551,3.0385522707369192])",0.0
F153,"['day', 'cover', 'leader', 'suggest.', 'pass', 'care', 'work.', '—', 'shocking', 'claims', 'hoax', 'surface', 'internet.']","(10000,[360,503,1526,3478,4377,5310,5850,6104,7281,7936,8338,8392,9133],[4.42484663185681,0.691153161953081,3.577548771469606,4.830311739964974,2.60568818844064,4.019381523748645,0.691153161953081,4.270695952029551,0.6832166123573445,0.691153161953081,0.691153161953081,4.42484663185681,5.117993812416755])",0.0
F091,"['field', 'article', 'health', 'term.', 'well', 'choice', 'officer', 'guy', 'treatment.', '—', 'shocking', 'claims', 'flat', 'earth', 'surface', 'internet.']","(10000,[94,157,503,696,1702,2918,3143,5850,6053,6533,7074,7281,7936,8338,8805,9676],[4.42484663185681,3.7316994512968646,0.691153161953081,4.270695952029551,4.607168188650764,3.0385522707369192,4.830311739964974,0.691153161953081,3.577548771469606,4.830311739964974,3.0811118851557153,0.6832166123573445,0.691153161953081,0.691153161953081,4.019381523748645,3.0385522707369192])",0.0
R246,"['begin', 'sea', 'second', 'available.', 'peace', 'red', 'level', 'company', 'record', 'food', 'official', 'and.', 'woman', 'manage', 'business', 'control', 'goal.', 'perform', 'discussion', 'speak', 'stay', 'third.', 'experts', 'discuss', 'ongoing', 'developments', 'economic', 'growth.']","(10000,[52,433,935,942,1098,1208,1499,1513,2086,2481,3614,4347,4506,4563,4687,4732,5315,5374,6697,7883,8151,8485,8653,9034,9144,9256,9462,9617],[4.019381523748645,4.137164559405029,5.117993812416755,4.607168188650764,3.577548771469606,2.849310271098391,4.019381523748645,3.914021008090819,5.523458920524919,3.8187108282864943,0.6753425559264385,4.019381523748645,0.691153161953081,4.137164559405029,0.6832166123573445,4.137164559405029,3.7316994512968646,4.019381523748645,4.42484663185681,4.42484663185681,4.019381523748645,4.019381523748645,4.607168188650764,2.8844015909096608,2.6902455764687034,4.270695952029551,0.691153161953081,4.607168188650764])",1.0
F004,"['join', 'trade', 'defense', 'religious', 'fine', 'describe', 'ever.', 'side', 'run', 'yard', 'office.', '—', 'shocking', 'claims', 'secret', 'cure', 'surface', 'internet.']","(10000,[266,419,424,503,3543,3892,4293,5850,6431,6747,7085,7281,7765,7936,8338,8404,8952,9781],[4.830311739964974,4.42484663185681,3.914021008090819,0.691153161953081,4.270695952029551,2.5530444549552183,4.830311739964974,0.691153161953081,4.137164559405029,2.5530444549552183,4.270695952029551,0.6832166123573445,5.523458920524919,0.691153161953081,0.691153161953081,5.523458920524919,4.42484663185681,4.137164559405029])",0.0
F220,"['next', 'camera', 'front', 'memory', 'democrat.', 'evening', 'tough', 'man.', 'among', 'use', 'glass', 'sister', 'seek', 'culture.', '—', 'shocking', 'claims', 'celebrity', 'scandal', 'surface', 'internet.']","(10000,[171,503,504,1650,3486,3521,4046,4921,5133,5286,5447,5703,5850,6932,6941,7281,7362,7936,8273,8338,9924],[4.137164559405029,0.691153161953081,4.270695952029551,4.019381523748645,2.849310271098391,3.914021008090819,5.523458920524919,2.849310271098391,4.42484663185681,3.7316994512968646,3.5085558999826545,4.830311739964974,0.691153161953081,4.270695952029551,3.7316994512968646,0.6832166123573445,4.830311739964974,0.691153161953081,4.607168188650764,0.691153161953081,4.830311739964974])",0.0
F121,"['deal', 'energy', 'option', 'view', 'fill', 'street.', 'game', 'bar', 'friend', 'center.', 'page', 'public', 'pick', 'question', 'scientist', 'thing.', '—', 'shocking', 'claims', 'hoax', 'surface', 'internet.']","(10000,[488,503,1433,1770,2735,2827,2947,4377,5850,6226,6575,7281,7293,7332,7372,7936,8307,8338,8975,9372,9613,9727],[4.137164559405029,0.691153161953081,4.270695952029551,2.8844015909096608,5.117993812416755,4.137164559405029,4.270695952029551,2.60568818844064,0.691153161953081,3.914021008090819,5.117993812416755,0.6832166123573445,4.137164559405029,4.607168188650764,4.42484663185681,0.691153161953081,3.914021008090819,0.691153161953081,4.019381523748645,4.42484663185681,4.270695952029551,4.270695952029551])",0.0
F245,"['base', 'listen', 'type', 'step', 'management', 'claim', 'bed.', '—', 'shocking', 'claims', 'mind', 'control', 'surface', 'internet.']","(10000,[429,503,1208,1241,1558,3184,3526,5850,7281,7936,8173,8338,8937,9166],[4.270695952029551,0.691153161953081,2.849310271098391,4.019381523748645,4.830311739964974,2.7826188965997183,4.270695952029551,0.691153161953081,0.6832166123573445,0.691153161953081,3.7316994512968646,0.691153161953081,3.914021008090819,4.830311739964974])",0.0
R035,"['fly', 'bank', 'camera', 'speak.', 'different', 'sense', 'put.', 'lay', 'manager', 'vote', 'compare', 'never', 'course.', 'experts', 'discuss', 'ongoing', 'developments', 'climate', 'change.']","(10000,[281,821,1650,1652,2059,3614,4475,4499,4506,4687,5447,5476,5750,5944,6683,8982,9214,9246,9462],[4.137164559405029,2.849310271098391,4.019381523748645,4.137164559405029,2.7200985396183848,0.6753425559264385,4.019381523748645,4.830311739964974,0.691153161953081,0.6832166123573445,3.5085558999826545,4.607168188650764,5.523458920524919,4.019381523748645,4.830311739964974,4.270695952029551,3.914021008090819,4.607168188650764,0.691153161953081])",1.0
R024,"['appear', 'way', 'already', 'half', 'father', 'glass.', 'collection', 'choice', 'make', 'claim', 'push.', 'experts', 'discuss', 'ongoing', 'developments', 'education.']","(10000,[594,1780,1800,3525,3614,4506,4687,5047,6053,7074,8182,8209,8937,9391,9432,9462],[5.117993812416755,3.7316994512968646,4.42484663185681,4.137164559405029,0.6753425559264385,0.691153161953081,0.6832166123573445,2.60568818844064,3.577548771469606,3.0811118851557153,4.019381523748645,4.019381523748645,3.914021008090819,3.7316994512968646,3.8187108282864943,0.691153161953081])",1.0
F079,"['beautiful', 'seven', 'decide.', 'focus', 'success', 'front.', 'bad', 'management', 'sort', 'finish.', '—', 'shocking', 'claims', 'miracle', 'drug', 'surface', 'internet.']","(10000,[503,1241,1256,1273,3931,4253,4310,5720,5850,7281,7688,7850,7860,7936,7956,8338,9828],[0.691153161953081,4.019381523748645,3.125563647726549,3.577548771469606,3.914021008090819,4.830311739964974,5.117993812416755,3.7316994512968646,0.691153161953081,0.6832166123573445,4.830311739964974,4.137164559405029,2.849310271098391,0.691153161953081,4.137164559405029,0.691153161953081,4.019381523748645])",0.0
R094,"['foot', 'responsibility', 'local', 'become.', 'yard', 'assume', 'audience', 'about.', 'reveal', 'approach', 'total', 'south', 'matter.', 'experts', 'discuss', 'ongoing', 'developments', 'policy.']","(10000,[228,424,1312,1507,2176,2664,3095,3502,3614,4506,4687,4816,6279,6944,7890,7968,9462,9714],[4.137164559405029,3.914021008090819,4.42484663185681,4.019381523748645,5.523458920524919,4.019381523748645,4.019381523748645,4.137164559405029,0.6753425559264385,0.691153161953081,0.6832166123573445,4.019381523748645,4.019381523748645,2.7826188965997183,4.607168188650764,5.117993812416755,0.691153161953081,5.523458920524919])",1.0
R040,"['newspaper', 'box', 'site', 'partner', 'list.', 'view', 'mission', 'air', 'interest', 'cost', 'entire', 'action.', 'worker', 'evidence', 'city', 'need', 'local', 'city', 'crime.', 'experts', 'discuss', 'ongoing', 'developments', 'policy.']","(10000,[70,88,116,228,278,2054,2676,3238,3614,4490,4506,4687,5495,5891,6069,6537,6944,7293,7922,8824,8961,9213,9462],[4.137164559405029,4.137164559405029,4.42484663185681,4.137164559405029,5.523458920524919,4.42484663185681,4.42484663185681,4.270695952029551,0.6753425559264385,4.019381523748645,0.691153161953081,0.6832166123573445,9.660623479929948,4.607168188650764,3.7316994512968646,4.42484663185681,2.7826188965997183,4.137164559405029,3.8187108282864943,4.270695952029551,5.523458920524919,5.523458920524919,0.691153161953081])",1.0
F170,"['relate', 'nature', 'eat', 'wrong.', 'bed', 'even', 'half', 'spring', 'seem', 'article', 'population.', 'trade', 'page', 'expert', 'put.', '—', 'shocking', 'claims', 'immortal', 'jellyfish', 'surface', 'internet.']","(10000,[419,503,914,988,1644,1702,1780,2066,2588,2827,3611,4905,5476,5850,6406,6599,7276,7281,7936,8338,9497,9876],[4.42484663185681,0.691153161953081,4.137164559405029,4.830311739964974,4.137164559405029,4.607168188650764,3.7316994512968646,2.7508701982851385,4.270695952029551,4.137164559405029,3.914021008090819,5.117993812416755,4.607168188650764,0.691153161953081,4.270695952029551,5.117993812416755,4.019381523748645,0.6832166123573445,0.691153161953081,0.691153161953081,4.607168188650764,2.7508701982851385])",0.0
F130,"['water', 'help', 'home', 'force', 'keep', 'western.', 'mention', 'whole', 'throw', 'be.', 'technology', 'hear', 'hundred', 'work.', '—', 'shocking', 'claims', 'immortal', 'jellyfish', 'surface', 'internet.']","(10000,[360,391,503,627,1020,2066,2589,2907,3365,3497,4842,5175,5850,6562,7281,7936,8325,8338,9347,9594,9876],[4.42484663185681,4.270695952029551,0.691153161953081,4.019381523748645,2.455405985391302,2.7508701982851385,3.383392757028649,4.42484663185681,4.42484663185681,4.019381523748645,4.137164559405029,4.42484663185681,0.691153161953081,5.523458920524919,0.6832166123573445,0.691153161953081,4.607168188650764,0.691153161953081,4.607168188650764,4.137164559405029,2.7508701982851385])",0.0
R085,"['order', 'successful', 'cultural', 'run.', 'example', 'happen', 'party', 'possible', 'ball', 'carry.', 'experts', 'discuss', 'ongoing', 'developments', 'economic', 'growth.']","(10000,[1226,1379,3614,3881,4506,4687,4704,5659,6100,7492,7912,9034,9144,9233,9462,9606],[4.137164559405029,4.42484663185681,0.6753425559264385,5.523458920524919,0.691153161953081,0.6832166123573445,4.42484663185681,5.117993812416755,4.019381523748645,4.270695952029551,5.117993812416755,2.8844015909096608,2.6902455764687034,4.270695952029551,0.691153161953081,4.270695952029551])",1.0
R054,"['stage', 'past', 'away', 'relationship', 'final', 'pm.', 'medical', 'mouth', 'young', 'republican', 'old', 'right.', 'stuff', 'first', 'baby', 'everything', 'treat.', 'experts', 'discuss', 'ongoing', 'developments', 'budget', 'report.']","(10000,[30,1348,1653,2660,3614,3737,4260,4506,4616,4687,4991,5432,6403,6486,7083,7497,7722,7809,8268,9066,9156,9275,9462],[3.914021008090819,4.607168188650764,4.607168188650764,4.830311739964974,0.6753425559264385,3.914021008090819,4.019381523748645,0.691153161953081,3.914021008090819,0.6832166123573445,2.60568818844064,2.7508701982851385,4.137164559405029,4.830311739964974,4.607168188650764,4.830311739964974,4.830311739964974,4.137164559405029,4.019381523748645,4.42484663185681,3.7316994512968646,3.914021008090819,0.691153161953081])",1.0
R047,"['think', 'national', 'threat', 'exactly', 'pm.', 'simply', 'worker', 'player.', 'street', 'whatever', 'follow', 'left.', 'experts', 'discuss', 'ongoing', 'developments', 'technology', 'breakthrough.']","(10000,[1020,1642,2096,2227,2263,2335,2676,3614,3684,4506,4687,5134,6486,7695,7910,8070,9367,9462],[2.455405985391302,4.607168188650764,4.42484663185681,2.7200985396183848,4.830311739964974,4.137164559405029,4.42484663185681,0.6753425559264385,4.607168188650764,0.691153161953081,0.6832166123573445,5.117993812416755,4.830311739964974,3.8187108282864943,4.607168188650764,4.270695952029551,4.019381523748645,0.691153161953081])",1.0
R199,"['station', 'program', 'financial', 'article', 'laugh', 'whether', 'spring.', 'character', 'board', 'discover', 'beautiful', 'edge', 'game', 'must', 'example.', 'experts', 'discuss', 'ongoing', 'developments', 'economic', 'growth.']","(10000,[573,1023,1273,1702,1834,3406,3614,3921,4170,4506,4687,4867,7098,7407,7454,8415,8975,9034,9144,9183,9462],[4.830311739964974,3.8187108282864943,3.577548771469606,4.607168188650764,5.117993812416755,3.914021008090819,0.6753425559264385,4.019381523748645,4.42484663185681,0.691153161953081,0.6832166123573445,4.42484663185681,4.270695952029551,4.270695952029551,4.42484663185681,4.270695952029551,4.019381523748645,2.8844015909096608,2.6902455764687034,5.117993812416755,0.691153161953081])",1.0
F062,"['guy', 'hope', 'prepare', 'natural.', 'billion', 'class', 'bring.', '—', 'shocking', 'claims', 'miracle', 'drug', 'surface', 'internet.']","(10000,[94,258,503,1256,1766,2286,4007,4237,5850,6000,7281,7860,7936,8338],[4.42484663185681,4.137164559405029,0.691153161953081,3.125563647726549,4.607168188650764,4.019381523748645,4.42484663185681,5.523458920524919,0.691153161953081,3.8187108282864943,0.6832166123573445,2.849310271098391,0.691153161953081,0.691153161953081])",0.0
R244,"['certain', 'several', 'side', 'evening.', 'leader', 'hit', 'job', 'reality.', 'experts', 'discuss', 'ongoing', 'developments', 'technology', 'breakthrough.']","(10000,[557,1020,1526,2227,3082,3614,4011,4506,4687,8252,9227,9288,9462,9781],[3.914021008090819,2.455405985391302,3.577548771469606,2.7200985396183848,5.117993812416755,0.6753425559264385,4.830311739964974,0.691153161953081,0.6832166123573445,3.914021008090819,4.270695952029551,4.270695952029551,0.691153161953081,4.137164559405029])",1.0
R107,"['board', 'campaign', 'president', 'avoid', 'civil', 'six', 'reduce.', 'experts', 'discuss', 'ongoing', 'developments', 'election.']","(10000,[593,1306,1388,3556,3614,4506,4687,5401,6077,6675,7454,9462],[4.137164559405029,3.7316994512968646,4.42484663185681,2.849310271098391,0.6753425559264385,0.691153161953081,0.6832166123573445,4.607168188650764,4.270695952029551,4.607168188650764,4.42484663185681,0.691153161953081])",1.0
F148,"['way', 'simple', 'structure', 'wish', 'significant', 'little.', 'speech', 'hour', 'rule', 'on.', '—', 'shocking', 'claims', 'aliens', 'surface', 'internet.']","(10000,[343,495,502,503,527,650,2913,2996,5611,5850,7281,7709,7936,8338,8552,9391],[4.137164559405029,4.270695952029551,4.137164559405029,0.691153161953081,3.8187108282864943,2.958509563063383,3.577548771469606,3.6516567436233283,4.607168188650764,0.691153161953081,0.6832166123573445,4.830311739964974,0.691153161953081,0.691153161953081,4.270695952029551,3.7316994512968646])",0.0
F023,"['risk', 'loss', 'phone', 'arm', 'stand', 'education', 'perform.', 'reality', 'machine', 'back.', '—', 'shocking', 'claims', 'mind', 'control', 'surface', 'internet.']","(10000,[503,680,1208,1626,2110,3184,3984,5329,5530,5850,6886,7281,7936,8040,8338,8794,9513],[0.691153161953081,4.137164559405029,2.849310271098391,4.270695952029551,5.523458920524919,2.7826188965997183,4.607168188650764,4.137164559405029,4.607168188650764,0.691153161953081,4.137164559405029,0.6832166123573445,0.691153161953081,3.8187108282864943,0.691153161953081,4.270695952029551,3.383392757028649])",0.0
R075,"['third', 'behind', 'adult', 'scene.', 'design', 'network', 'new', 'parent', 'staff', 'allow', 'reduce.', 'experts', 'discuss', 'ongoing', 'developments', 'budget', 'report.']","(10000,[72,585,3614,3922,4346,4506,4687,4835,4991,5432,6077,6224,8771,9152,9372,9462,9932],[4.137164559405029,3.914021008090819,0.6753425559264385,4.019381523748645,3.914021008090819,0.691153161953081,0.6832166123573445,4.607168188650764,2.60568818844064,2.7508701982851385,4.270695952029551,3.914021008090819,3.6516567436233283,4.42484663185681,4.42484663185681,0.691153161953081,4.42484663185681])",1.0
R220,"['threat', 'material', 'fall', 'role', 'effort', 'treatment.', 'across', 'adult', 'court', 'oil', 'allow.', 'experts', 'discuss', 'ongoing', 'developments', 'public', 'health.']","(10000,[72,1770,3143,3231,3350,3614,3729,4506,4568,4687,5726,6035,6219,7074,7601,8070,9462],[4.137164559405029,2.8844015909096608,4.830311739964974,4.42484663185681,4.019381523748645,0.6753425559264385,4.019381523748645,0.691153161953081,4.830311739964974,0.6832166123573445,3.5085558999826545,3.4440173788450834,3.125563647726549,3.0811118851557153,5.117993812416755,4.270695952029551,0.691153161953081])",1.0
R099,"['prove', 'light', 'popular', 'recently', 'social', 'rock', 'conference', 'six.', 'series', 'happy', 'pay', 'evidence', 'learn', 'church', 'major.', 'experts', 'discuss', 'ongoing', 'developments', 'economic', 'growth.']","(10000,[574,823,1273,1720,2034,2054,3004,3614,4463,4506,4687,4897,5214,5347,5657,5967,6148,9034,9144,9462,9829],[4.270695952029551,3.7316994512968646,3.577548771469606,4.42484663185681,4.270695952029551,4.42484663185681,5.523458920524919,0.6753425559264385,3.914021008090819,0.691153161953081,0.6832166123573445,3.577548771469606,4.42484663185681,4.137164559405029,4.019381523748645,4.270695952029551,3.8187108282864943,2.8844015909096608,2.6902455764687034,0.691153161953081,5.117993812416755])",1.0
F066,"['clear', 'lawyer', 'child', 'window', 'enter', 'recognize.', 'act', 'president', 'within', 'mention', 'high', 'anything.', 'away', 'statement', 'authority', 'thought', 'center', 'party', 'organization', 'actually.', 'show', 'future.', '—', 'shocking', 'claims', 'flat', 'earth', 'surface', 'internet.']","(10000,[55,503,1176,1306,1364,1379,1480,1611,2116,2403,2907,2918,3737,3888,4019,5850,6928,7244,7281,7381,7435,7751,7936,8338,8547,9021,9676,9817],[3.914021008090819,0.691153161953081,4.137164559405029,3.7316994512968646,4.137164559405029,4.42484663185681,4.137164559405029,4.019381523748645,4.42484663185681,4.42484663185681,4.42484663185681,3.0385522707369192,3.914021008090819,4.607168188650764,3.8187108282864943,0.691153161953081,4.607168188650764,3.577548771469606,0.6832166123573445,4.607168188650764,4.019381523748645,4.830311739964974,0.691153161953081,0.691153161953081,4.830311739964974,4.607168188650764,3.0385522707369192,7.155097542939212])",0.0
F060,"['mrs', 'sit', 'prevent.', 'blue', 'benefit', 'environmental.', 'trip', 'whatever', 'information', 'husband', 'around', 'collection.', '—', 'shocking', 'claims', 'flat', 'earth', 'surface', 'internet.']","(10000,[503,2338,2918,3652,5653,5768,5782,5850,6197,6946,7208,7281,7695,7936,8190,8338,9216,9676,9751],[0.691153161953081,5.117993812416755,3.0385522707369192,4.42484663185681,4.607168188650764,4.019381523748645,4.270695952029551,0.691153161953081,4.270695952029551,4.137164559405029,4.42484663185681,0.6832166123573445,3.8187108282864943,0.691153161953081,3.914021008090819,0.691153161953081,5.523458920524919,3.0385522707369192,4.270695952029551])",0.0
F022,"['skill', 'side', 'minute', 'teach', 'still.', 'national', 'building', 'operation.', '—', 'shocking', 'claims', 'government', 'cover-up', 'surface', 'internet.']","(10000,[503,1649,2259,3357,5850,5852,5887,7281,7910,7936,8338,8522,9781,9813,9968],[0.691153161953081,4.607168188650764,2.8154087194227095,3.577548771469606,0.691153161953081,4.607168188650764,3.914021008090819,0.6832166123573445,4.607168188650764,0.691153161953081,0.691153161953081,4.019381523748645,4.137164559405029,2.997730276216664,4.137164559405029])",0.0
F127,"['view', 'technology', 'keep', 'hot', 'home.', 'charge', 'ground', 'series', 'political', 'garden', 'tree', 'four.', '—', 'shocking', 'claims', 'mind', 'control', 'surface', 'internet.']","(10000,[503,1020,1208,3184,3935,4463,5850,5861,5871,5936,6487,6812,7281,7293,7936,7960,8338,9594,9693],[0.691153161953081,2.455405985391302,2.849310271098391,2.7826188965997183,4.137164559405029,3.914021008090819,0.691153161953081,4.830311739964974,4.607168188650764,4.607168188650764,3.8187108282864943,4.607168188650764,0.6832166123573445,4.137164559405029,0.691153161953081,5.523458920524919,0.691153161953081,4.137164559405029,4.137164559405029])",0.0
R212,"['near', 'young', 'law', 'discover', 'certain.', 'financial', 'religious', 'crime', 'hour', 'window', 'teacher', 'enter.', 'experts', 'discuss', 'ongoing', 'developments', 'education.']","(10000,[527,731,2403,3614,3979,4170,4293,4506,4687,5047,5268,5974,7407,7809,8708,9380,9462],[3.8187108282864943,4.42484663185681,4.42484663185681,0.6753425559264385,4.42484663185681,4.42484663185681,4.830311739964974,0.691153161953081,0.6832166123573445,2.60568818844064,4.137164559405029,3.6516567436233283,4.270695952029551,4.137164559405029,3.5085558999826545,5.523458920524919,0.691153161953081])",1.0
F119,"['animal', 'item', 'stage', 'general', 'vote', 'series.', 'fast', 'lay', 'back', 'push', 'simple.', 'everything', 'among', 'east', 'its.', '—', 'shocking', 'claims', 'mind', 'control', 'surface', 'internet.']","(10000,[30,503,1208,1916,3184,4475,4805,5465,5850,5978,6576,7015,7281,7360,7362,7936,8338,8430,8667,9156,9214,9263],[3.914021008090819,0.691153161953081,2.849310271098391,4.607168188650764,2.7826188965997183,4.019381523748645,5.117993812416755,3.7316994512968646,0.691153161953081,4.42484663185681,4.270695952029551,5.117993812416755,0.6832166123573445,4.607168188650764,4.830311739964974,0.691153161953081,0.691153161953081,5.117993812416755,5.523458920524919,3.7316994512968646,3.914021008090819,3.914021008090819])",0.0
F103,"['fast', 'phone', 'according', 'training.', 'say', 'cultural', 'station', 'address', 'change', 'effect', 'daughter.', 'movie', 'friend', 'new', 'building', 'truth', 'talk.', '—', 'shocking', 'claims', 'hoax', 'surface', 'internet.']","(10000,[387,488,503,585,1439,1626,2069,2764,3809,4377,4454,5850,5852,5862,6324,6836,7281,7564,7936,8338,8415,9233,9263],[4.830311739964974,4.137164559405029,0.691153161953081,3.914021008090819,3.577548771469606,4.270695952029551,4.830311739964974,5.117993812416755,5.117993812416755,2.60568818844064,3.914021008090819,0.691153161953081,4.607168188650764,4.607168188650764,4.019381523748645,4.830311739964974,0.6832166123573445,4.830311739964974,0.691153161953081,0.691153161953081,4.270695952029551,4.270695952029551,3.914021008090819])",0.0
F191,"['growth', 'character', 'popular', 'take.', 'win', 'half', 'instead', 'congress.', 'amount', 'health', 'tv', 'feeling', 'pressure', 'your.', '—', 'shocking', 'claims', 'mind', 'control', 'surface', 'internet.']","(10000,[320,503,613,1208,1780,2398,2513,3184,4198,4357,4527,4547,4867,5661,5850,6148,7222,7281,7936,8338,8805],[4.137164559405029,0.691153161953081,3.914021008090819,2.849310271098391,3.7316994512968646,4.137164559405029,5.117993812416755,2.7826188965997183,5.117993812416755,5.117993812416755,5.117993812416755,4.42484663185681,4.42484663185681,4.137164559405029,0.691153161953081,3.8187108282864943,4.137164559405029,0.6832166123573445,0.691153161953081,0.691153161953081,4.019381523748645])",0.0
F002,"['congress', 'soldier', 'democratic', 'bed.', 'market', 'tough', 'theory', 'dream', 'door', 'local.', 'leave', 'memory', 'teacher', 'local', 'need.', '—', 'shocking', 'claims', 'mind', 'control', 'surface', 'internet.']","(10000,[228,503,1208,1468,2366,2657,2913,3184,4141,4847,5447,5606,5850,6544,6941,7281,7936,8338,8708,8728,9166,9325],[4.137164559405029,0.691153161953081,2.849310271098391,4.607168188650764,4.137164559405029,3.4440173788450834,3.577548771469606,2.7826188965997183,4.42484663185681,4.019381523748645,3.5085558999826545,4.270695952029551,0.691153161953081,4.830311739964974,3.7316994512968646,0.6832166123573445,0.691153161953081,0.691153161953081,3.5085558999826545,3.6516567436233283,4.830311739964974,4.830311739964974])",0.0
R155,"['help', 'camera', 'reason', 'defense', 'environment', 'own.', 'experts', 'discuss', 'ongoing', 'developments', 'election.']","(10000,[1650,2407,2944,3543,3556,3614,4506,4687,7813,9347,9462],[4.019381523748645,4.830311739964974,5.117993812416755,4.270695952029551,2.849310271098391,0.6753425559264385,0.691153161953081,0.6832166123573445,4.42484663185681,4.607168188650764,0.691153161953081])",1.0
R006,"['number', 'pull', 'them.', 'simple', 'maybe', 'ever', 'water', 'perform.', 'exactly', 'agent', 'worry', 'key.', 'experts', 'discuss', 'ongoing', 'developments', 'technology', 'breakthrough.']","(10000,[1020,2096,2227,2589,2913,3614,4506,4657,4687,4818,5016,5594,6597,8343,8519,8957,9462,9513],[2.455405985391302,4.42484663185681,2.7200985396183848,3.383392757028649,3.577548771469606,0.6753425559264385,0.691153161953081,4.830311739964974,0.6832166123573445,4.607168188650764,3.914021008090819,4.830311739964974,4.42484663185681,4.270695952029551,4.42484663185681,4.42484663185681,0.691153161953081,3.383392757028649])",1.0
F086,"['service', 'beautiful', 'sign', 'least', 'international', 'view.', 'discussion', 'responsibility', 'social', 'approach', 'affect', 'degree.', 'degree', 'husband', 'idea', 'build', 'challenge.', '—', 'shocking', 'claims', 'government', 'cover-up', 'surface', 'internet.']","(10000,[188,503,823,1273,1634,2252,2259,3014,3095,3502,4928,5315,5850,5958,5972,6055,6756,7208,7281,7936,8172,8338,9813,9943],[4.42484663185681,0.691153161953081,3.7316994512968646,3.577548771469606,4.137164559405029,3.914021008090819,2.8154087194227095,3.914021008090819,4.019381523748645,4.137164559405029,5.523458920524919,3.7316994512968646,0.691153161953081,4.607168188650764,4.830311739964974,4.607168188650764,3.914021008090819,4.42484663185681,0.6832166123573445,0.691153161953081,5.117993812416755,0.691153161953081,2.997730276216664,4.607168188650764])",0.0
R168,"['continue', 'sense', 'speak', 'available.', 'run', 'development', 'quite', 'whose.', 'experts', 'discuss', 'ongoing', 'developments', 'election.']","(10000,[266,743,2481,2871,3556,3614,4506,4687,4732,5447,6056,6383,9462],[4.830311739964974,3.6516567436233283,3.8187108282864943,4.270695952029551,2.849310271098391,0.6753425559264385,0.691153161953081,0.6832166123573445,4.137164559405029,3.5085558999826545,4.019381523748645,5.117993812416755,0.691153161953081])",1.0
R077,"['hit', 'book', 'price', 'skin', 'action', 'line', 'husband.', 'contain', 'anyone', 'opportunity', 'bag', 'tend', 'night.', 'experts', 'discuss', 'ongoing', 'developments', 'public', 'health.']","(10000,[393,415,666,1182,1738,1770,1810,3222,3614,4506,4687,5833,6219,6633,6976,7493,8252,9142,9462],[4.019381523748645,3.8187108282864943,4.019381523748645,3.8187108282864943,4.270695952029551,2.8844015909096608,4.42484663185681,5.523458920524919,0.6753425559264385,0.691153161953081,0.6832166123573445,5.117993812416755,3.125563647726549,4.607168188650764,4.607168188650764,4.019381523748645,3.914021008090819,4.607168188650764,0.691153161953081])",1.0
F209,"['movie', 'effect', 'model', 'sound', 'even', 'top', 'agreement.', '—', 'shocking', 'claims', 'hoax', 'surface', 'internet.']","(10000,[503,1439,4377,5328,5850,6166,6324,6406,7102,7281,7936,8338,9892],[0.691153161953081,3.577548771469606,2.60568818844064,3.577548771469606,0.691153161953081,4.137164559405029,4.019381523748645,4.270695952029551,4.019381523748645,0.6832166123573445,0.691153161953081,0.691153161953081,5.117993812416755])",0.0
R236,"['almost', 'buy', 'moment', 'send', 'must.', 'send', 'available', 'matter', 'hot', 'win.', 'sport', 'wife', 'tonight.', 'experts', 'discuss', 'ongoing', 'developments', 'public', 'health.']","(10000,[80,1770,2402,2475,3021,3401,3614,3739,4506,4687,5523,6219,6436,8278,8566,9184,9462,9693],[4.137164559405029,2.8844015909096608,4.270695952029551,3.914021008090819,4.607168188650764,4.607168188650764,0.6753425559264385,5.523458920524919,0.691153161953081,0.6832166123573445,8.274329118810059,3.125563647726549,5.523458920524919,4.137164559405029,4.270695952029551,4.830311739964974,0.691153161953081,4.137164559405029])",1.0
F186,"['prepare', 'nature', 'president', 'tonight.', 'east', 'ability', 'role', 'say.', '—', 'shocking', 'claims', 'aliens', 'surface', 'internet.']","(10000,[503,650,1306,2286,3350,3611,3681,5739,5850,6576,7281,7936,8338,9184],[0.691153161953081,2.958509563063383,3.7316994512968646,4.019381523748645,4.019381523748645,3.914021008090819,4.42484663185681,4.42484663185681,0.691153161953081,4.270695952029551,0.6832166123573445,0.691153161953081,0.691153161953081,4.830311739964974])",0.0
R243,"['oil', 'professional.', 'experts', 'discuss', 'ongoing', 'developments', 'public', 'health.']","(10000,[1770,3614,4506,4687,6035,6219,7691,9462],[2.8844015909096608,0.6753425559264385,0.691153161953081,0.6832166123573445,3.4440173788450834,3.125563647726549,5.523458920524919,0.691153161953081])",1.0
F094,"['sure', 'particularly', 'property', 'time.', 'heavy', 'cost', 'either.', '—', 'shocking', 'claims', 'immortal', 'jellyfish', 'surface', 'internet.']","(10000,[503,1821,2066,2733,4490,5276,5850,6443,7281,7632,7936,8338,8949,9876],[0.691153161953081,4.607168188650764,2.7508701982851385,5.117993812416755,4.019381523748645,5.523458920524919,0.691153161953081,3.383392757028649,0.6832166123573445,5.117993812416755,0.691153161953081,0.691153161953081,4.270695952029551,2.7508701982851385])",0.0
R032,"['plan', 'wrong', 'bed', 'fund', 'agree.', 'gas', 'wear', 'air', 'end', 'quite', 'real', 'stop.', 'everything', 'suffer', 'road.', 'experts', 'discuss', 'ongoing', 'developments', 'economic', 'growth.']","(10000,[88,453,1831,3614,4506,4638,4687,5607,6056,6123,6135,6512,6521,6581,6917,9034,9144,9156,9462,9497,9691],[4.137164559405029,4.137164559405029,5.117993812416755,0.6753425559264385,0.691153161953081,4.42484663185681,0.6832166123573445,4.270695952029551,4.019381523748645,4.607168188650764,4.42484663185681,4.019381523748645,5.117993812416755,4.270695952029551,5.117993812416755,2.8844015909096608,2.6902455764687034,3.7316994512968646,0.691153161953081,4.607168188650764,4.270695952029551])",1.0
R033,"['either', 'cause', 'director', 'large', 'break', 'society', 'firm.', 'popular', 'president', 'often', 'check', 'number', 'know.', 'rather', 'memory', 'break', 'able', 'well', 'care.', 'experts', 'discuss', 'ongoing', 'developments', 'education.']","(10000,[7,157,316,327,668,843,1306,1853,2551,2837,3496,3614,3901,4506,4687,5047,5390,6148,6941,7022,8519,9126,9462],[4.270695952029551,3.7316994512968646,3.914021008090819,3.8187108282864943,8.03876304749729,5.523458920524919,3.7316994512968646,4.607168188650764,4.830311739964974,3.8187108282864943,3.6516567436233283,0.6753425559264385,4.42484663185681,0.691153161953081,0.6832166123573445,2.60568818844064,5.117993812416755,3.8187108282864943,3.7316994512968646,4.607168188650764,4.42484663185681,4.42484663185681,0.691153161953081])",1.0
R045,"['lay', 'majority', 'claim', 'similar', 'free', 'mouth.', 'second', 'buy', 'leave.', 'experts', 'discuss', 'ongoing', 'developments', 'technology', 'breakthrough.']","(10000,[80,1020,1073,1769,2227,3283,3614,4475,4506,4687,7046,8937,9244,9256,9462],[4.137164559405029,2.455405985391302,4.019381523748645,5.523458920524919,2.7200985396183848,4.830311739964974,0.6753425559264385,4.019381523748645,0.691153161953081,0.6832166123573445,4.019381523748645,3.914021008090819,4.137164559405029,4.270695952029551,0.691153161953081])",1.0
R116,"['community', 'design', 'entire', 'hear.', 'experts', 'discuss', 'ongoing', 'developments', 'education.']","(10000,[286,3614,3922,4506,4687,5047,8174,8824,9462],[5.523458920524919,0.6753425559264385,4.019381523748645,0.691153161953081,0.6832166123573445,2.60568818844064,4.830311739964974,4.270695952029551,0.691153161953081])",1.0
F056,"['cup', 'five.', '—', 'shocking', 'claims', 'celebrity', 'scandal', 'surface', 'internet.']","(10000,[503,1776,3059,3486,4921,5850,7281,7936,8338],[0.691153161953081,4.607168188650764,4.270695952029551,2.849310271098391,2.849310271098391,0.691153161953081,0.6832166123573445,0.691153161953081,0.691153161953081])",0.0
R043,"['national', 'hold', 'usually', 'family', 'production', 'government.', 'vote', 'establish', 'throw', 'red', 'yes', 'finish.', 'political', 'head', 'song', 'analysis', 'lead.', 'experts', 'discuss', 'ongoing', 'developments', 'policy.']","(10000,[52,1064,1296,2389,2923,2990,3614,3935,4506,4687,5044,5710,6944,7350,7386,7688,7910,8297,8325,8353,9214,9462],[4.019381523748645,4.607168188650764,4.607168188650764,4.42484663185681,3.914021008090819,3.7316994512968646,0.6753425559264385,4.137164559405029,0.691153161953081,0.6832166123573445,4.270695952029551,5.117993812416755,2.7826188965997183,4.270695952029551,5.523458920524919,4.830311739964974,4.607168188650764,4.830311739964974,4.607168188650764,5.117993812416755,3.914021008090819,0.691153161953081])",1.0
R145,"['ten', 'hospital', 'sound', 'whom.', 'thousand', 'leader', 'begin', 'fine.', 'experts', 'discuss', 'ongoing', 'developments', 'economic', 'growth.']","(10000,[292,735,1513,1526,3614,4506,4687,4930,5085,6166,6798,9034,9144,9462],[5.523458920524919,4.270695952029551,3.914021008090819,3.577548771469606,0.6753425559264385,0.691153161953081,0.6832166123573445,3.6516567436233283,3.5085558999826545,4.137164559405029,4.42484663185681,2.8844015909096608,2.6902455764687034,0.691153161953081])",1.0
F200,"['left', 'picture', 'large.', 'tax', 'piece', 'high', 'claim.', '—', 'shocking', 'claims', 'secret', 'cure', 'surface', 'internet.']","(10000,[503,1662,1876,2116,2481,3133,3713,3892,5850,6587,6747,7281,7936,8338],[0.691153161953081,3.7316994512968646,5.523458920524919,4.42484663185681,3.8187108282864943,4.019381523748645,5.117993812416755,2.5530444549552183,0.691153161953081,4.019381523748645,2.5530444549552183,0.6832166123573445,0.691153161953081,0.691153161953081])",0.0
F034,"['soon', 'stage', 'every', 'forward', 'must', 'major.', 'draw', 'catch.', '—', 'shocking', 'claims', 'celebrity', 'scandal', 'surface', 'internet.']","(10000,[30,503,1023,1041,3486,4921,5850,6426,7281,7936,8167,8338,8411,9681,9829],[3.914021008090819,0.691153161953081,3.8187108282864943,3.577548771469606,2.849310271098391,2.849310271098391,0.691153161953081,5.117993812416755,0.6832166123573445,0.691153161953081,3.914021008090819,0.691153161953081,3.6516567436233283,3.5085558999826545,5.117993812416755])",0.0
F149,"['forward', 'population', 'many', 'morning', 'trial', 'for.', 'heavy', 'speech', 'nature.', 'well', 'respond', 'sense', 'son', 'hundred.', '—', 'shocking', 'claims', 'secret', 'cure', 'surface', 'internet.']","(10000,[157,209,502,503,2500,3160,3410,3892,4241,5188,5447,5850,6747,7281,7692,7936,8338,8346,8411,8949,9258],[3.7316994512968646,4.607168188650764,4.137164559405029,0.691153161953081,4.270695952029551,4.607168188650764,3.914021008090819,2.5530444549552183,5.117993812416755,4.019381523748645,3.5085558999826545,0.691153161953081,2.5530444549552183,0.6832166123573445,5.117993812416755,0.691153161953081,0.691153161953081,4.830311739964974,3.6516567436233283,4.270695952029551,4.830311739964974])",0.0
F051,"['pm', 'party', 'walk.', '—', 'shocking', 'claims', 'secret', 'cure', 'surface', 'internet.']","(10000,[503,1379,3892,5850,6747,7026,7281,7936,8338,8423],[0.691153161953081,4.42484663185681,2.5530444549552183,0.691153161953081,2.5530444549552183,4.830311739964974,0.6832166123573445,0.691153161953081,0.691153161953081,5.117993812416755])",0.0
F089,"['pressure', 'cold', 'south.', 'social', 'lot', 'form', 'out.', '—', 'shocking', 'claims', 'flat', 'earth', 'surface', 'internet.']","(10000,[503,823,2918,3920,4640,4943,5621,5661,5778,5850,7281,7936,8338,9676],[0.691153161953081,3.7316994512968646,3.0385522707369192,3.914021008090819,5.523458920524919,4.137164559405029,5.117993812416755,4.137164559405029,4.830311739964974,0.691153161953081,0.6832166123573445,0.691153161953081,0.691153161953081,3.0385522707369192])",0.0
F135,"['act', 'big', 'top', 'wall', 'foreign.', 'summer', 'information', 'leader', 'treatment', 'movement', 'only.', 'toward', 'investment', 'region', 'cultural', 'time', 'air.', '—', 'shocking', 'claims', 'flat', 'earth', 'surface', 'internet.']","(10000,[503,1243,1526,1562,1918,2918,3048,3194,3822,5294,5328,5850,6404,6928,7281,7936,8015,8157,8159,8190,8338,9233,9481,9676],[0.691153161953081,3.914021008090819,3.577548771469606,4.42484663185681,4.830311739964974,3.0385522707369192,4.270695952029551,4.270695952029551,4.42484663185681,4.607168188650764,3.577548771469606,0.691153161953081,3.914021008090819,4.607168188650764,0.6832166123573445,0.691153161953081,4.019381523748645,3.914021008090819,4.270695952029551,3.914021008090819,0.691153161953081,4.270695952029551,3.8187108282864943,3.0385522707369192])",0.0
F088,"['realize', 'note', 'record', 'western.', 'whose', 'fear', 'body', 'american', 'try', 'sell.', '—', 'shocking', 'claims', 'government', 'cover-up', 'surface', 'internet.']","(10000,[503,841,1310,1582,2259,3497,4347,4693,5850,7281,7652,7936,8338,9513,9539,9813,9909],[0.691153161953081,4.607168188650764,4.830311739964974,3.8187108282864943,2.8154087194227095,4.019381523748645,4.019381523748645,3.914021008090819,0.691153161953081,0.6832166123573445,4.137164559405029,0.691153161953081,0.691153161953081,3.383392757028649,4.607168188650764,2.997730276216664,4.42484663185681])",0.0
R010,"['reality', 'serious', 'plant', 'series', 'cause.', 'collection', 'relationship', 'stock', 'three', 'fast.', 'everything', 'discussion', 'choice.', 'experts', 'discuss', 'ongoing', 'developments', 'election.']","(10000,[680,779,793,1117,3556,3614,4260,4463,4506,4687,4831,5315,5925,7070,7244,8209,9156,9462],[4.137164559405029,4.830311739964974,4.42484663185681,4.270695952029551,2.849310271098391,0.6753425559264385,4.019381523748645,3.914021008090819,0.691153161953081,0.6832166123573445,5.117993812416755,3.7316994512968646,4.137164559405029,5.117993812416755,3.577548771469606,4.019381523748645,3.7316994512968646,0.691153161953081])",1.0
R211,"['political', 'address', 'must', 'loss', 'coach.', 'cause', 'give', 'much.', 'role', 'drive', 'notice', 'whatever', 'five', 'least.', 'success', 'need', 'energy', 'responsibility', 'tough', 'bit.', 'experts', 'discuss', 'ongoing', 'developments', 'policy.']","(10000,[316,1023,1479,1525,1595,3163,3350,3502,3614,3783,3935,4454,4506,4687,5329,5447,5974,6325,6537,6944,7634,7695,8307,9462,9828],[3.914021008090819,3.8187108282864943,5.523458920524919,4.019381523748645,5.117993812416755,4.830311739964974,4.019381523748645,4.137164559405029,0.6753425559264385,4.137164559405029,4.137164559405029,3.914021008090819,0.691153161953081,0.6832166123573445,4.137164559405029,3.5085558999826545,3.6516567436233283,4.270695952029551,4.42484663185681,2.7826188965997183,4.607168188650764,3.8187108282864943,3.914021008090819,0.691153161953081,4.019381523748645])",1.0
F204,"['allow', 'position', 'physical', 'commercial.', 'north', 'continue', 'decade', 'television', 'recent.', 'modern', 'run', 'evening', 'center', 'right.', '—', 'shocking', 'claims', 'miracle', 'drug', 'surface', 'internet.']","(10000,[266,503,743,1256,1339,1480,1778,2336,2660,4613,4835,5286,5850,6030,7117,7281,7860,7936,8338,8649,8713],[4.830311739964974,0.691153161953081,3.6516567436233283,3.125563647726549,4.137164559405029,4.137164559405029,4.607168188650764,4.019381523748645,4.830311739964974,5.523458920524919,4.607168188650764,3.7316994512968646,0.691153161953081,4.830311739964974,5.117993812416755,0.6832166123573445,2.849310271098391,0.691153161953081,0.691153161953081,4.42484663185681,4.42484663185681])",0.0
F168,"['whose', 'strong', 'participant', 'sometimes', 'official', 'economic', 'democrat.', 'middle', 'respond', 'sea', 'read.', 'together', 'see', 'goal', 'fight.', 'trial', 'open', 'practice', 'everything', 'easy.', '—', 'shocking', 'claims', 'miracle', 'drug', 'surface', 'internet.']","(10000,[503,1256,2500,3410,4175,4280,4687,5089,5354,5396,5783,5850,5869,6355,7281,7860,7936,8312,8338,8485,9144,9156,9459,9539,9617,9878,9924],[0.691153161953081,3.125563647726549,4.270695952029551,3.914021008090819,4.830311739964974,4.830311739964974,0.6832166123573445,4.270695952029551,4.270695952029551,4.270695952029551,4.830311739964974,0.691153161953081,4.42484663185681,4.137164559405029,0.6832166123573445,2.849310271098391,0.691153161953081,3.914021008090819,0.691153161953081,4.019381523748645,2.6902455764687034,3.7316994512968646,5.523458920524919,4.607168188650764,4.607168188650764,4.270695952029551,4.830311739964974])",0.0
R011,"['listen', 'official', 'reach', 'ok', 'car', 'possible', 'act.', 'tv', 'american', 'walk', 'improve', 'expert', 'make', 'war', 'development.', 'eat', 'hundred', 'safe', 'half', 'key.', 'experts', 'discuss', 'ongoing', 'developments', 'public', 'health.']","(10000,[429,913,914,1770,1780,2141,2408,2645,3525,3614,3674,4506,4547,4657,4687,5175,6100,6142,6219,7276,7642,7652,8386,8485,8719,9462],[4.270695952029551,5.117993812416755,4.137164559405029,2.8844015909096608,3.7316994512968646,5.117993812416755,4.137164559405029,4.42484663185681,4.137164559405029,0.6753425559264385,3.914021008090819,0.691153161953081,4.42484663185681,4.830311739964974,0.6832166123573445,4.42484663185681,4.019381523748645,4.270695952029551,3.125563647726549,4.019381523748645,4.137164559405029,4.137164559405029,4.270695952029551,4.019381523748645,4.42484663185681,0.691153161953081])",1.0
R232,"['generation', 'remember', 'morning.', 'past', 'better', 'fear', 'budget', 'key', 'model', 'mission.', 'look', 'drive', 'remember', 'total', 'information', 'part', 'high.', 'experts', 'discuss', 'ongoing', 'developments', 'climate', 'change.']","(10000,[821,2059,2543,3131,3614,4115,4489,4506,4687,4991,5685,6279,6325,6963,7102,8094,8190,8740,9275,9462,9513,9939],[2.849310271098391,2.7200985396183848,4.019381523748645,4.270695952029551,0.6753425559264385,5.117993812416755,5.117993812416755,0.691153161953081,0.6832166123573445,2.60568818844064,8.84969326371362,4.019381523748645,4.270695952029551,4.830311739964974,4.019381523748645,3.914021008090819,3.914021008090819,5.117993812416755,3.914021008090819,0.691153161953081,3.383392757028649,4.607168188650764])",1.0
R042,"['hold', 'nearly', 'tend', 'movie', 'rule', 'husband.', 'trip', 'member', 'knowledge', 'capital.', 'general', 'new', 'green', 'follow', 'agree', 'relationship.', 'experts', 'discuss', 'ongoing', 'developments', 'public', 'health.']","(10000,[101,343,551,585,1320,1439,1770,1810,2389,2866,3614,4506,4687,5465,5782,6219,6790,6925,7864,9142,9367,9462],[4.830311739964974,4.137164559405029,3.914021008090819,3.914021008090819,5.117993812416755,3.577548771469606,2.8844015909096608,4.42484663185681,4.42484663185681,4.137164559405029,0.6753425559264385,0.691153161953081,0.6832166123573445,3.7316994512968646,4.270695952029551,3.125563647726549,3.914021008090819,4.607168188650764,3.914021008090819,4.607168188650764,4.019381523748645,0.691153161953081])",1.0
F182,"['increase', 'police', 'hard', 'wrong.', 'defense', 'difficult', 'benefit', 'moment.', 'position', 'order', 'society', 'hard.', '—', 'shocking', 'claims', 'hoax', 'surface', 'internet.']","(10000,[327,503,1226,1339,1712,2117,3543,3876,4096,4377,4905,5125,5653,5850,7281,7936,7963,8338],[3.8187108282864943,0.691153161953081,4.137164559405029,4.137164559405029,4.270695952029551,5.117993812416755,4.270695952029551,4.607168188650764,5.117993812416755,2.60568818844064,5.117993812416755,4.137164559405029,4.607168188650764,0.691153161953081,0.6832166123573445,0.691153161953081,3.5085558999826545,0.691153161953081])",0.0
F036,"['week', 'factor', 'church', 'audience', 'others', 'million', 'model.', 'simple', 'attorney', 'score', 'behind', 'machine.', 'even', 'issue', 'dream', 'discover', 'site.', '—', 'shocking', 'claims', 'miracle', 'drug', 'surface', 'internet.']","(10000,[503,1256,1273,1312,1902,1927,2366,2913,4170,4346,4648,4853,5122,5850,6406,6616,6940,7281,7860,7936,8338,8651,9156,9561],[0.691153161953081,3.125563647726549,3.577548771469606,4.42484663185681,5.523458920524919,4.137164559405029,4.137164559405029,3.577548771469606,4.42484663185681,3.914021008090819,5.117993812416755,4.270695952029551,4.137164559405029,0.691153161953081,4.270695952029551,4.137164559405029,3.8187108282864943,0.6832166123573445,2.849310271098391,0.691153161953081,0.691153161953081,3.914021008090819,3.7316994512968646,5.523458920524919])",0.0
F068,"['wall', 'collection', 'course', 'experience', 'perform', 'miss.', 'thank', 'firm', 'effort.', 'nearly', 'still', 'season', 'specific.', '—', 'shocking', 'claims', 'secret', 'cure', 'surface', 'internet.']","(10000,[264,503,1098,1687,2358,2866,2912,3635,3652,3712,3892,5850,6404,6747,6961,7281,7936,8209,8338,8894],[4.830311739964974,0.691153161953081,3.577548771469606,5.117993812416755,4.137164559405029,4.137164559405029,4.830311739964974,3.8187108282864943,4.42484663185681,4.270695952029551,2.5530444549552183,0.691153161953081,3.914021008090819,2.5530444549552183,5.117993812416755,0.6832166123573445,0.691153161953081,4.019381523748645,0.691153161953081,5.117993812416755])",0.0
R015,"['deep', 'amount', 'room.', 'newspaper', 'outside', 'mission', 'single', 'east.', 'notice', 'interview', 'time', 'industry', 'participant.', 'ago', 'everyone', 'part', 'surface', 'amount', 'boy.', 'experts', 'discuss', 'ongoing', 'developments', 'election.']","(10000,[1167,1525,1762,1896,2366,3010,3238,3556,3614,4506,4687,6035,6069,7222,7281,7889,8046,8157,8568,8740,8893,9462],[5.523458920524919,4.019381523748645,8.84969326371362,4.42484663185681,4.137164559405029,3.6516567436233283,4.270695952029551,2.849310271098391,0.6753425559264385,0.691153161953081,0.6832166123573445,3.4440173788450834,3.7316994512968646,8.274329118810059,0.6832166123573445,3.8187108282864943,5.117993812416755,3.914021008090819,4.270695952029551,5.117993812416755,3.7316994512968646,0.691153161953081])",1.0
R147,"['good', 'economy', 'science', 'land', 'region', 'politics', 'experience', 'learn.', 'explain', 'door', 'billion', 'thing', 'building.', 'health', 'real', 'new', 'price', 'above.', 'rather', 'current', 'anyone', 'out.', 'experts', 'discuss', 'ongoing', 'developments', 'climate', 'change.']","(10000,[217,258,585,666,821,1035,1738,2059,2278,2406,2837,3363,3614,3635,3857,4506,4687,4847,5341,5778,5887,6168,7148,8159,8805,9189,9462,9691],[4.42484663185681,4.137164559405029,3.914021008090819,4.019381523748645,2.849310271098391,5.117993812416755,4.270695952029551,2.7200985396183848,4.830311739964974,4.830311739964974,3.8187108282864943,3.4440173788450834,0.6753425559264385,3.8187108282864943,4.607168188650764,0.691153161953081,0.6832166123573445,4.019381523748645,4.42484663185681,4.830311739964974,3.914021008090819,4.019381523748645,5.117993812416755,4.270695952029551,4.019381523748645,4.607168188650764,0.691153161953081,4.270695952029551])",1.0
F198,"['increase', 'life', 'none', 'store', 'address', 'provide', 'garden.', '—', 'shocking', 'claims', 'government', 'cover-up', 'surface', 'internet.']","(10000,[503,2259,3477,4454,5850,5946,7184,7281,7432,7936,7963,8338,9813,9831],[0.691153161953081,2.8154087194227095,4.137164559405029,3.914021008090819,0.691153161953081,4.019381523748645,4.019381523748645,0.6832166123573445,5.523458920524919,0.691153161953081,3.5085558999826545,0.691153161953081,2.997730276216664,4.137164559405029])",0.0
R081,"['far', 'significant', 'fall', 'teacher', 'voice', 'marriage.', 'home', 'beautiful', 'third', 'weight', 'west', 'of.', 'understand', 'cut', 'do.', 'experts', 'discuss', 'ongoing', 'developments', 'climate', 'change.']","(10000,[821,1206,1273,1344,1862,2059,2759,3365,3530,3614,3729,4158,4506,4687,5085,6487,8004,8552,8708,8771,9462],[2.849310271098391,4.019381523748645,3.577548771469606,4.830311739964974,4.830311739964974,2.7200985396183848,5.523458920524919,4.42484663185681,4.42484663185681,0.6753425559264385,4.019381523748645,4.830311739964974,0.691153161953081,0.6832166123573445,3.5085558999826545,3.8187108282864943,4.42484663185681,4.270695952029551,3.5085558999826545,3.6516567436233283,0.691153161953081])",1.0
F050,"['republican', 'capital', 'hear', 'kind', 'stage.', 'free', 'fine', 'attorney', 'book', 'brother.', 'pass', 'important', 'whatever', 'heavy', 'professor', 'news.', '—', 'shocking', 'claims', 'aliens', 'surface', 'internet.']","(10000,[393,503,650,1073,1195,1967,2543,4616,4842,4853,5098,5850,6044,6431,6541,6643,7281,7695,7936,8338,8392,8949],[4.019381523748645,0.691153161953081,2.958509563063383,4.019381523748645,3.7316994512968646,4.830311739964974,4.019381523748645,3.914021008090819,4.137164559405029,4.270695952029551,5.117993812416755,0.691153161953081,4.830311739964974,4.137164559405029,4.019381523748645,5.523458920524919,0.6832166123573445,3.8187108282864943,0.691153161953081,0.691153161953081,4.42484663185681,4.270695952029551])",0.0
F162,"['room', 'skill', 'short', 'property.', 'store', 'mr', 'vote', 'represent', 'bag', 'second', 'light.', 'leave', 'suffer', 'strategy.', '—', 'shocking', 'claims', 'celebrity', 'scandal', 'surface', 'internet.']","(10000,[415,494,503,1262,2647,2913,3486,4390,4921,5850,6135,7184,7281,7516,7936,8208,8338,8717,9214,9256,9968],[3.8187108282864943,4.019381523748645,0.691153161953081,4.607168188650764,4.270695952029551,3.577548771469606,2.849310271098391,4.830311739964974,2.849310271098391,0.691153161953081,4.42484663185681,4.019381523748645,0.6832166123573445,4.830311739964974,0.691153161953081,5.117993812416755,0.691153161953081,3.914021008090819,3.914021008090819,4.270695952029551,4.137164559405029])",0.0
R028,"['author', 'show', 'follow', 'eat.', 'organization', 'huge', 'yeah', 'together', 'performance', 'leg.', 'experts', 'discuss', 'ongoing', 'developments', 'technology', 'breakthrough.']","(10000,[1020,1238,1364,2198,2227,2406,3249,3614,4019,4506,4687,8312,9350,9351,9367,9462],[2.455405985391302,5.117993812416755,4.137164559405029,4.270695952029551,2.7200985396183848,4.830311739964974,3.8187108282864943,0.6753425559264385,3.8187108282864943,0.691153161953081,0.6832166123573445,3.914021008090819,4.42484663185681,4.607168188650764,4.019381523748645,0.691153161953081])",1.0
R195,"['true', 'something', 'raise', 'big', 'some.', 'hour', 'town', 'item', 'feeling', 'put', 'already.', 'experts', 'discuss', 'ongoing', 'developments', 'budget', 'report.']","(10000,[527,613,1916,3048,3527,3614,4506,4687,4715,4991,5432,7183,7188,8871,9181,9462,9826],[3.8187108282864943,3.914021008090819,4.607168188650764,4.270695952029551,4.270695952029551,0.6753425559264385,0.691153161953081,0.6832166123573445,4.137164559405029,2.60568818844064,2.7508701982851385,5.523458920524919,4.137164559405029,4.019381523748645,4.607168188650764,0.691153161953081,4.42484663185681])",1.0
F116,"['carry', 'agent', 'fact', 'adult', 'pay', 'feel', 'government.', 'fish', 'fight', 'four', 'set', 'miss', 'it.', '—', 'shocking', 'claims', 'aliens', 'surface', 'internet.']","(10000,[72,454,503,650,1071,1243,1376,2526,3115,4897,5016,5342,5710,5850,7215,7281,7805,7936,8338],[4.137164559405029,3.914021008090819,0.691153161953081,2.958509563063383,4.137164559405029,3.914021008090819,4.607168188650764,4.607168188650764,4.830311739964974,3.577548771469606,3.914021008090819,4.137164559405029,5.117993812416755,0.691153161953081,4.42484663185681,0.6832166123573445,5.523458920524919,0.691153161953081,0.691153161953081])",0.0
R018,"['contain', 'future', 'member', 'though', 'issue', 'effect', 'join', 'find.', 'effect', 'large', 'others', 'personal', 'notice.', 'experts', 'discuss', 'ongoing', 'developments', 'research.']","(10000,[3385,3614,4506,4687,6324,6488,6616,6790,6940,7022,7066,7359,7366,7493,7939,8952,9462],[4.270695952029551,0.6753425559264385,0.691153161953081,0.6832166123573445,8.03876304749729,4.270695952029551,4.137164559405029,3.914021008090819,3.8187108282864943,4.607168188650764,2.849310271098391,5.117993812416755,4.607168188650764,4.019381523748645,4.137164559405029,4.42484663185681,0.691153161953081])",1.0
F073,"['collection', 'indeed', 'goal', 'side', 'head', 'we.', 'outside', 'threat', 'tax', 'increase', 'cover.', 'player', 'win', 'western', 'apply', 'next', 'image', 'wall.', '—', 'shocking', 'claims', 'immortal', 'jellyfish', 'surface', 'internet.']","(10000,[503,524,1064,2066,2398,2412,3072,4934,5089,5303,5850,6587,6604,7281,7312,7936,7963,8070,8209,8273,8338,8568,8867,9781,9876],[0.691153161953081,3.6516567436233283,4.607168188650764,2.7508701982851385,4.137164559405029,5.117993812416755,5.523458920524919,4.270695952029551,4.270695952029551,4.830311739964974,0.691153161953081,4.019381523748645,4.830311739964974,0.6832166123573445,4.42484663185681,0.691153161953081,3.5085558999826545,4.270695952029551,4.019381523748645,4.607168188650764,0.691153161953081,4.270695952029551,4.830311739964974,4.137164559405029,2.7508701982851385])",0.0
F059,"['water', 'simply', 'store.', 'century', 'occur', 'power', 'loss', 'defense', 'generation.', 'century', 'sport', 'feeling', 'better', 'way.', 'machine', 'control', 'south', 'civil', 'capital.', '—', 'shocking', 'claims', 'miracle', 'drug', 'surface', 'internet.']","(10000,[101,503,593,613,1208,1256,1642,1921,2543,2589,3056,3543,4639,4695,4816,5329,5850,7281,7443,7841,7860,7936,8040,8278,8338],[4.830311739964974,0.691153161953081,4.137164559405029,3.914021008090819,2.849310271098391,3.125563647726549,4.607168188650764,3.8187108282864943,4.019381523748645,3.383392757028649,4.830311739964974,4.270695952029551,5.523458920524919,4.830311739964974,4.019381523748645,4.137164559405029,0.691153161953081,0.6832166123573445,5.523458920524919,8.274329118810059,2.849310271098391,0.691153161953081,3.8187108282864943,4.137164559405029,0.691153161953081])",0.0
R078,"['organization', 'break', 'happen', 'wonder.', 'science', 'matter', 'walk.', 'business', 'early', 'decision', 'every', 'pretty', 'prepare', 'exactly.', 'experts', 'discuss', 'ongoing', 'developments', 'budget', 'report.']","(10000,[160,668,1364,2193,2286,2402,3363,3614,3919,4092,4506,4687,4704,4991,5374,5432,8423,8509,9462,9681],[5.117993812416755,4.019381523748645,4.137164559405029,4.019381523748645,4.019381523748645,4.270695952029551,3.4440173788450834,0.6753425559264385,4.42484663185681,4.137164559405029,0.691153161953081,0.6832166123573445,4.42484663185681,2.60568818844064,4.019381523748645,2.7508701982851385,5.117993812416755,5.117993812416755,0.691153161953081,3.5085558999826545])",1.0
F216,"['within', 'occur', 'concern', 'space', 'girl', 'bag', 'couple.', 'hour', 'early', 'anyone', 'team', 'enter', 'important.', 'computer', 'experience', 'tv', 'natural', 'treat', 'bar', 'open.', '—', 'shocking', 'claims', 'secret', 'cure', 'surface', 'internet.']","(10000,[415,468,503,527,666,708,1029,1921,1968,3065,3635,3892,4092,4547,4988,5850,6747,7281,7332,7381,7435,7936,8151,8338,8750,9188,9817],[3.8187108282864943,4.42484663185681,0.691153161953081,3.8187108282864943,4.019381523748645,5.523458920524919,4.270695952029551,3.8187108282864943,4.42484663185681,5.523458920524919,3.8187108282864943,2.5530444549552183,4.137164559405029,4.42484663185681,3.8187108282864943,0.691153161953081,2.5530444549552183,0.6832166123573445,4.607168188650764,4.607168188650764,4.019381523748645,0.691153161953081,4.019381523748645,0.691153161953081,3.6516567436233283,4.270695952029551,3.577548771469606])",0.0
F206,"['miss', 'method', 'technology', 'human', 'everyone', 'human.', 'reveal', 'little', 'style.', 'happy', 'able', 'away', 'process', 'art', 'report', 'draw', 'actually.', '—', 'shocking', 'claims', 'celebrity', 'scandal', 'surface', 'internet.']","(10000,[503,1020,1071,1507,1590,3486,3496,3500,3737,3888,4921,5347,5850,6015,6505,7281,7854,7936,8040,8167,8303,8338,8391,8893],[0.691153161953081,2.455405985391302,4.137164559405029,4.019381523748645,4.270695952029551,2.849310271098391,3.6516567436233283,4.830311739964974,3.914021008090819,4.607168188650764,2.849310271098391,4.137164559405029,0.691153161953081,4.270695952029551,4.270695952029551,0.6832166123573445,4.607168188650764,0.691153161953081,3.8187108282864943,3.914021008090819,4.830311739964974,0.691153161953081,4.830311739964974,3.7316994512968646])",0.0
R036,"['break', 'difference', 'however.', 'condition', 'eat', 'new', 'check', 'attack', 'deep.', 'meet', 'note', 'republican', 'might', 'here.', 'administration', 'reflect', 'move', 'seek.', 'experts', 'discuss', 'ongoing', 'developments', 'research.']","(10000,[585,668,1982,2922,3614,3901,3924,4506,4616,4687,5185,5321,5328,5693,6282,7008,7066,7276,7866,9261,9462,9909,9940],[3.914021008090819,4.019381523748645,5.117993812416755,4.42484663185681,0.6753425559264385,4.42484663185681,4.137164559405029,0.691153161953081,3.914021008090819,0.6832166123573445,4.137164559405029,4.270695952029551,3.577548771469606,4.42484663185681,4.270695952029551,5.117993812416755,2.849310271098391,4.019381523748645,3.914021008090819,5.523458920524919,0.691153161953081,4.42484663185681,4.42484663185681])",1.0
F104,"['suddenly', 'health', 'physical', 'affect.', 'edge', 'decide', 'team.', 'role', 'since', 'pass', 'fast', 'evidence.', '—', 'shocking', 'claims', 'aliens', 'surface', 'internet.']","(10000,[503,650,3350,3921,5692,5850,6021,6287,7281,7936,8293,8338,8392,8581,8649,8805,9263,9588],[0.691153161953081,2.958509563063383,4.019381523748645,4.019381523748645,5.523458920524919,0.691153161953081,4.607168188650764,4.019381523748645,0.6832166123573445,0.691153161953081,4.42484663185681,0.691153161953081,4.42484663185681,4.137164559405029,4.42484663185681,4.019381523748645,3.914021008090819,5.117993812416755])",0.0
F000,"['age', 'involve', 'general', 'although.', '—', 'shocking', 'claims', 'hoax', 'surface', 'internet.']","(10000,[503,4377,5465,5850,6271,6852,7281,7936,8338,8791],[0.691153161953081,2.60568818844064,3.7316994512968646,0.691153161953081,4.137164559405029,5.117993812416755,0.6832166123573445,0.691153161953081,0.691153161953081,4.830311739964974])",0.0
R136,"['site', 'language.', 'food', 'painting', 'rather', 'operation', 'first', 'per', 'financial.', 'marriage', 'present', 'growth', 'modern', 'agent', 'plant', 'staff', 'painting.', 'experts', 'discuss', 'ongoing', 'developments', 'education.']","(10000,[298,320,1034,1109,2336,2837,3614,4506,4687,5016,5047,5891,5922,6224,6229,6403,7138,7244,8130,8653,9462,9998],[4.270695952029551,4.137164559405029,4.137164559405029,5.117993812416755,4.019381523748645,3.8187108282864943,0.6753425559264385,0.691153161953081,0.6832166123573445,3.914021008090819,2.60568818844064,4.607168188650764,4.270695952029551,3.914021008090819,4.270695952029551,4.137164559405029,5.117993812416755,3.577548771469606,4.270695952029551,4.607168188650764,0.691153161953081,4.607168188650764])",1.0
F019,"['shake', 'ready', 'measure', 'movement', 'gun', 'hospital.', '—', 'shocking', 'claims', 'immortal', 'jellyfish', 'surface', 'internet.']","(10000,[503,528,934,2066,2180,5294,5850,6557,7281,7936,8313,8338,9876],[0.691153161953081,4.270695952029551,4.830311739964974,2.7508701982851385,4.019381523748645,4.607168188650764,0.691153161953081,3.8187108282864943,0.6832166123573445,0.691153161953081,4.137164559405029,0.691153161953081,2.7508701982851385])",0.0
R012,"['data', 'already', 'question', 'executive', 'indicate.', 'man', 'make', 'indeed', 'reveal', 'investment', 'customer.', 'experts', 'discuss', 'ongoing', 'developments', 'technology', 'breakthrough.']","(10000,[594,1020,1507,1562,1695,2227,2569,2947,3525,3614,4506,4528,4687,4934,6714,9462,9966],[5.117993812416755,2.455405985391302,4.019381523748645,4.42484663185681,3.914021008090819,2.7200985396183848,3.6516567436233283,4.270695952029551,4.137164559405029,0.6753425559264385,0.691153161953081,5.117993812416755,0.6832166123573445,4.270695952029551,5.523458920524919,0.691153161953081,4.830311739964974])",1.0
R052,"['others', 'treat', 'kind', 'one', 'travel', 'trouble.', 'close', 'fund', 'let', 'full', 'these.', 'republican', 'establish', 'little', 'travel', 'pick.', 'experts', 'discuss', 'ongoing', 'developments', 'education.']","(10000,[317,815,1590,2923,3497,3614,4506,4616,4638,4687,5047,5344,5678,6044,6940,8267,8681,8750,8897,9462],[4.607168188650764,4.270695952029551,4.270695952029551,3.914021008090819,4.019381523748645,0.6753425559264385,0.691153161953081,3.914021008090819,4.42484663185681,0.6832166123573445,2.60568818844064,5.523458920524919,5.117993812416755,4.830311739964974,3.8187108282864943,4.270695952029551,8.541391904059102,3.6516567436233283,4.607168188650764,0.691153161953081])",1.0
R123,"['ahead', 'center', 'natural', 'reduce.', 'experts', 'discuss', 'ongoing', 'developments', 'climate', 'change.']","(10000,[821,1480,2059,3614,4506,4687,4988,6077,8268,9462],[2.849310271098391,4.137164559405029,2.7200985396183848,0.6753425559264385,0.691153161953081,0.6832166123573445,3.8187108282864943,4.270695952029551,4.019381523748645,0.691153161953081])",1.0
F040,"['partner', 'occur', 'able', 'growth.', 'choose', 'listen', 'place', 'wear', 'stand.', '—', 'shocking', 'claims', 'government', 'cover-up', 'surface', 'internet.']","(10000,[116,429,503,1921,2259,3496,5850,6090,6390,6581,7281,7936,8338,9034,9706,9813],[4.42484663185681,4.270695952029551,0.691153161953081,3.8187108282864943,2.8154087194227095,3.6516567436233283,0.691153161953081,4.607168188650764,3.914021008090819,4.270695952029551,0.6832166123573445,0.691153161953081,0.691153161953081,2.8844015909096608,4.137164559405029,2.997730276216664])",0.0
R160,"['right', 'data', 'sense', 'little', 'week', 'well.', 'effort', 'memory', 'laugh', 'offer', 'all.', 'experts', 'discuss', 'ongoing', 'developments', 'climate', 'change.']","(10000,[821,1535,1590,1695,1790,2059,2958,3614,4506,4687,5122,5447,5726,6941,7098,8833,9462],[2.849310271098391,4.607168188650764,4.270695952029551,3.914021008090819,4.137164559405029,2.7200985396183848,4.019381523748645,0.6753425559264385,0.691153161953081,0.6832166123573445,4.137164559405029,3.5085558999826545,3.5085558999826545,3.7316994512968646,4.270695952029551,5.117993812416755,0.691153161953081])",1.0
F067,"['bring', 'seven', 'section', 'music', 'put', 'part.', '—', 'shocking', 'claims', 'immortal', 'jellyfish', 'surface', 'internet.']","(10000,[503,2066,3057,4903,5850,6370,6968,7281,7850,7936,8338,8871,9876],[0.691153161953081,2.7508701982851385,5.117993812416755,5.117993812416755,0.691153161953081,4.607168188650764,4.270695952029551,0.6832166123573445,4.137164559405029,0.691153161953081,0.691153161953081,4.019381523748645,2.7508701982851385])",0.0
R069,"['chair', 'play', 'ask', 'treatment.', 'scene', 'least', 'school', 'nice', 'rate.', 'visit', 'mission', 'available', 'particular', 'system', 'decide', 'save.', 'experts', 'discuss', 'ongoing', 'developments', 'research.']","(10000,[681,698,980,1634,1637,2173,2475,2679,3143,3370,3507,3614,3996,4506,4687,5844,6069,7066,8293,8984,9462],[4.42484663185681,4.42484663185681,4.830311739964974,4.137164559405029,4.42484663185681,4.270695952029551,3.914021008090819,4.607168188650764,4.830311739964974,4.607168188650764,3.914021008090819,0.6753425559264385,4.137164559405029,0.691153161953081,0.6832166123573445,3.7316994512968646,3.7316994512968646,2.849310271098391,4.42484663185681,4.137164559405029,0.691153161953081])",1.0
F160,"['upon', 'cold', 'almost', 'discuss', 'before.', 'increase', 'event', 'decision', 'data', 'finish.', 'coach', 'cut', 'use', 'personal', 'them.', 'hour', 'budget', 'million', 'news.', '—', 'shocking', 'claims', 'mind', 'control', 'surface', 'internet.']","(10000,[503,527,1195,1206,1208,1695,2193,3184,3514,3614,3920,4991,5133,5850,6735,7281,7688,7696,7728,7936,7939,7963,8338,8566,8651,8957],[0.691153161953081,3.8187108282864943,3.7316994512968646,4.019381523748645,2.849310271098391,3.914021008090819,4.019381523748645,2.7826188965997183,4.137164559405029,0.6753425559264385,3.914021008090819,2.60568818844064,4.42484663185681,0.691153161953081,4.42484663185681,0.6832166123573445,4.830311739964974,5.117993812416755,4.42484663185681,0.691153161953081,4.137164559405029,3.5085558999826545,0.691153161953081,4.270695952029551,3.914021008090819,4.42484663185681])",0.0
F053,"['pressure', 'benefit', 'cause', 'education', 'strong', 'term.', 'report', 'attention', 'arm.', 'behind', 'think', 'stop', 'job', 'safe.', '—', 'shocking', 'claims', 'hoax', 'surface', 'internet.']","(10000,[316,503,557,796,2091,2335,3144,4346,4377,5530,5653,5661,5850,6355,6505,6533,7281,7936,8338,8497],[3.914021008090819,0.691153161953081,3.914021008090819,4.270695952029551,5.117993812416755,4.137164559405029,4.137164559405029,3.914021008090819,2.60568818844064,4.607168188650764,4.607168188650764,4.137164559405029,0.691153161953081,4.137164559405029,4.270695952029551,4.830311739964974,0.6832166123573445,0.691153161953081,0.691153161953081,5.523458920524919])",0.0
R074,"['artist', 'increase', 'wide', 'every', 'figure', 'gas', 'relate.', 'forward', 'across', 'pull', 'old.', 'pretty', 'store', 'one', 'common', 'score.', 'experts', 'discuss', 'ongoing', 'developments', 'education.']","(10000,[815,2812,2836,3614,3919,4110,4506,4687,5047,5607,6332,6597,7074,7184,7195,7848,7963,8411,8931,9462,9681],[4.270695952029551,5.523458920524919,3.914021008090819,0.6753425559264385,4.42484663185681,5.117993812416755,0.691153161953081,0.6832166123573445,2.60568818844064,4.270695952029551,4.270695952029551,4.42484663185681,3.0811118851557153,4.019381523748645,5.117993812416755,5.523458920524919,3.5085558999826545,3.6516567436233283,4.42484663185681,0.691153161953081,3.5085558999826545])",1.0
R007,"['analysis', 'remember', 'within', 'kid', 'particular.', 'mission', 'land', 'purpose', 'painting', 'different.', 'experts', 'discuss', 'ongoing', 'developments', 'election.']","(10000,[1034,1296,3409,3556,3614,3723,4506,4687,5685,6069,7148,8089,8633,9462,9817],[4.137164559405029,4.607168188650764,4.830311739964974,2.849310271098391,0.6753425559264385,5.117993812416755,0.691153161953081,0.6832166123573445,4.42484663185681,3.7316994512968646,5.117993812416755,3.914021008090819,4.830311739964974,0.691153161953081,3.577548771469606])",1.0
R119,"['pass', 'team', 'analysis.', 'provide', 'dinner', 'work', 'sense.', 'experts', 'discuss', 'ongoing', 'developments', 'climate', 'change.']","(10000,[353,468,821,2059,2240,3614,4506,4687,5946,6421,8392,9462,9527],[4.019381523748645,4.42484663185681,2.849310271098391,2.7200985396183848,5.117993812416755,0.6753425559264385,0.691153161953081,0.6832166123573445,4.019381523748645,4.830311739964974,4.42484663185681,0.691153161953081,4.42484663185681])",1.0
R087,"['customer', 'happy', 'own.', 'space', 'tree', 'side', 'industry', 'third', 'still.', 'decide', 'first', 'sport', 'add', 'detail', 'reduce.', 'experts', 'discuss', 'ongoing', 'developments', 'budget', 'report.']","(10000,[1143,1413,1649,3010,3614,4506,4687,4991,5347,5432,5871,6077,6403,7813,8278,8293,8771,9188,9462,9781,9887],[4.830311739964974,4.830311739964974,4.607168188650764,3.6516567436233283,0.6753425559264385,0.691153161953081,0.6832166123573445,2.60568818844064,4.137164559405029,2.7508701982851385,4.607168188650764,4.270695952029551,4.137164559405029,4.42484663185681,4.137164559405029,4.42484663185681,3.6516567436233283,4.270695952029551,0.691153161953081,4.137164559405029,5.117993812416755])",1.0
F145,"['name', 'authority', 'congress', 'point.', 'history', 'special', 'ever', 'radio', 'attack', 'happen', 'information.', 'civil', 'great', 'always', 'direction', 'grow', 'down.', 'board', 'hard', 'floor', 'sister.', '—', 'shocking', 'claims', 'miracle', 'drug', 'surface', 'internet.']","(10000,[15,454,503,593,750,1055,1176,1256,2404,2664,4319,4704,5125,5594,5693,5850,5955,6543,7281,7454,7860,7936,8338,8554,8728,9011,9025,9086],[3.8187108282864943,3.914021008090819,0.691153161953081,4.137164559405029,4.830311739964974,4.137164559405029,4.137164559405029,3.125563647726549,4.607168188650764,4.019381523748645,3.914021008090819,4.42484663185681,4.137164559405029,4.830311739964974,4.42484663185681,0.691153161953081,5.117993812416755,4.270695952029551,0.6832166123573445,4.42484663185681,2.849310271098391,0.691153161953081,0.691153161953081,4.830311739964974,3.6516567436233283,3.914021008090819,4.607168188650764,4.607168188650764])",0.0
R065,"['gun', 'reality', 'government', 'sea', 'much.', 'color', 'success', 'bed.', 'strong', 'others', 'light', 'ok.', 'experts', 'discuss', 'ongoing', 'developments', 'budget', 'report.']","(10000,[680,1720,2259,3614,4506,4687,4991,5432,5553,6355,6940,7634,8313,9166,9462,9617,9828,9832],[4.137164559405029,4.42484663185681,2.8154087194227095,0.6753425559264385,0.691153161953081,0.6832166123573445,2.60568818844064,2.7508701982851385,5.117993812416755,4.137164559405029,3.8187108282864943,4.607168188650764,4.137164559405029,4.830311739964974,0.691153161953081,4.607168188650764,4.019381523748645,3.914021008090819])",1.0
R208,"['skill', 'debate', 'among', 'nice', 'since', 'record', 'quite.', 'culture', 'care', 'small', 'scene', 'assume.', 'hit', 'explain', 'lot', 'newspaper', 'alone', 'stock.', 'experts', 'discuss', 'ongoing', 'developments', 'budget', 'report.']","(10000,[222,2492,3238,3370,3614,4347,4506,4644,4687,4943,4991,5310,5341,5432,5844,6287,7362,8252,8276,8550,8645,8878,9462,9968],[4.270695952029551,4.270695952029551,4.270695952029551,4.607168188650764,0.6753425559264385,4.019381523748645,0.691153161953081,4.830311739964974,0.6832166123573445,4.137164559405029,2.60568818844064,4.019381523748645,4.42484663185681,2.7508701982851385,3.7316994512968646,4.019381523748645,4.830311739964974,3.914021008090819,4.42484663185681,5.117993812416755,4.607168188650764,4.830311739964974,0.691153161953081,4.137164559405029])",1.0
R048,"['movie', 'wish', 'address', 'end', 'degree', 'national.', 'southern', 'increase', 'new', 'technology', 'enter', 'possible.', 'experts', 'discuss', 'ongoing', 'developments', 'budget', 'report.']","(10000,[453,495,585,1020,1439,2272,3614,3743,4454,4506,4687,4991,5432,7435,7682,7963,9462,9943],[4.137164559405029,4.270695952029551,3.914021008090819,2.455405985391302,3.577548771469606,5.117993812416755,0.6753425559264385,4.42484663185681,3.914021008090819,0.691153161953081,0.6832166123573445,2.60568818844064,2.7508701982851385,4.019381523748645,5.523458920524919,3.5085558999826545,0.691153161953081,4.607168188650764])",1.0
F076,"['risk', 'send', 'central', 'tree.', 'whatever', 'interview', 'price', 'stuff', 'area.', 'result', 'report', 'tell', 'throw', 'number.', '—', 'shocking', 'claims', 'aliens', 'surface', 'internet.']","(10000,[399,503,650,1738,1850,4105,4702,5523,5850,6035,6505,7281,7695,7722,7936,8325,8338,8794,8928,9357],[4.270695952029551,0.691153161953081,2.958509563063383,4.270695952029551,4.42484663185681,5.523458920524919,4.607168188650764,4.137164559405029,0.691153161953081,3.4440173788450834,4.270695952029551,0.6832166123573445,3.8187108282864943,4.830311739964974,0.691153161953081,4.607168188650764,0.691153161953081,4.270695952029551,4.830311739964974,5.523458920524919])",0.0
R019,"['send', 'step', 'score', 'treat', 'race.', 'phone', 'budget', 'address', 'us', 'science', 'ball.', 'experts', 'discuss', 'ongoing', 'developments', 'policy.']","(10000,[320,1558,1626,1927,3363,3614,4454,4506,4687,4991,5523,5947,6660,6944,8750,9462],[4.137164559405029,4.830311739964974,4.270695952029551,4.137164559405029,3.4440173788450834,0.6753425559264385,3.914021008090819,0.691153161953081,0.6832166123573445,2.60568818844064,4.137164559405029,5.117993812416755,4.270695952029551,2.7826188965997183,3.6516567436233283,0.691153161953081])",1.0
F115,"['color', 'much', 'summer', 'girl', 'smile', 'explain', 'usually', 'record.', '—', 'shocking', 'claims', 'immortal', 'jellyfish', 'surface', 'internet.']","(10000,[503,524,924,1029,2066,2713,2990,5341,5850,7281,7936,8338,9481,9832,9876],[0.691153161953081,3.6516567436233283,5.117993812416755,4.270695952029551,2.7508701982851385,4.270695952029551,3.7316994512968646,4.42484663185681,0.691153161953081,0.6832166123573445,0.691153161953081,0.691153161953081,3.8187108282864943,3.914021008090819,2.7508701982851385])",0.0
R031,"['name', 'executive', 'significant', 'focus', 'beat', 'operation.', 'seat', 'official', 'country', 'next.', 'experts', 'discuss', 'ongoing', 'developments', 'education.']","(10000,[15,47,2569,3614,3931,4506,4687,5047,5844,5887,7870,8485,8552,9462,9966],[3.8187108282864943,4.42484663185681,3.6516567436233283,0.6753425559264385,3.914021008090819,0.691153161953081,0.6832166123573445,2.60568818844064,3.7316994512968646,3.914021008090819,4.137164559405029,4.019381523748645,4.270695952029551,0.691153161953081,4.830311739964974])",1.0
R190,"['training', 'recent', 'finish', 'may', 'law', 'place', 'then.', 'cell', 'happen', 'long', 'west', 'water', 'tough.', 'like', 'general', 'price', 'agree', 'stay', 'staff', 'democrat.', 'experts', 'discuss', 'ongoing', 'developments', 'research.']","(10000,[433,1738,2589,3210,3330,3614,3979,4506,4687,4704,5085,5379,5465,5591,6224,6390,6578,6925,7036,7066,7538,8904,9160,9462,9924],[4.137164559405029,4.270695952029551,3.383392757028649,4.607168188650764,4.42484663185681,0.6753425559264385,4.42484663185681,0.691153161953081,0.6832166123573445,4.42484663185681,3.5085558999826545,5.523458920524919,3.7316994512968646,4.42484663185681,3.914021008090819,3.914021008090819,4.830311739964974,4.607168188650764,4.830311739964974,2.849310271098391,3.8187108282864943,4.42484663185681,4.137164559405029,0.691153161953081,4.830311739964974])",1.0
F057,"['similar', 'season', 'see', 'heart', 'week.', 'parent', 'sound', 'air.', '—', 'shocking', 'claims', 'mind', 'control', 'surface', 'internet.']","(10000,[503,1208,1918,2302,2358,3184,5354,5850,6166,7046,7281,7936,8338,9808,9932],[0.691153161953081,2.849310271098391,4.830311739964974,5.117993812416755,4.137164559405029,2.7826188965997183,4.270695952029551,0.691153161953081,4.137164559405029,4.019381523748645,0.6832166123573445,0.691153161953081,0.691153161953081,4.42484663185681,4.42484663185681])",0.0
F158,"['less', 'collection', 'truth.', '—', 'shocking', 'claims', 'immortal', 'jellyfish', 'surface', 'internet.']","(10000,[503,1195,2066,5850,6373,7281,7936,8209,8338,9876],[0.691153161953081,3.7316994512968646,2.7508701982851385,0.691153161953081,5.117993812416755,0.6832166123573445,0.691153161953081,4.019381523748645,0.691153161953081,2.7508701982851385])",0.0
F234,"['seven', 'debate', 'like', 'marriage', 'popular', 'determine', 'ok', 'dog.', 'manage', 'democrat', 'show', 'information', 'long.', '—', 'shocking', 'claims', 'flat', 'earth', 'surface', 'internet.']","(10000,[273,503,1122,2645,2918,3330,4019,5234,5850,6148,6229,7281,7734,7850,7883,7936,8190,8276,8338,9676],[5.117993812416755,0.691153161953081,5.523458920524919,4.42484663185681,3.0385522707369192,4.42484663185681,3.8187108282864943,4.830311739964974,0.691153161953081,3.8187108282864943,4.270695952029551,0.6832166123573445,4.270695952029551,4.137164559405029,4.42484663185681,0.691153161953081,3.914021008090819,4.42484663185681,0.691153161953081,3.0385522707369192])",0.0
F155,"['bar', 'firm', 'always', 'get', 'offer', 'allow', 'bring.', 'relate', 'might', 'fire', 'almost', 'sister', 'others.', '—', 'shocking', 'claims', 'flat', 'earth', 'surface', 'internet.']","(10000,[503,988,1766,2918,2958,3521,3924,4673,4835,5191,5850,7281,7332,7936,8338,8566,8894,9011,9426,9676],[0.691153161953081,4.830311739964974,4.607168188650764,3.0385522707369192,4.019381523748645,3.914021008090819,4.137164559405029,5.523458920524919,4.607168188650764,4.607168188650764,0.691153161953081,0.6832166123573445,4.607168188650764,0.691153161953081,0.691153161953081,4.270695952029551,5.117993812416755,3.914021008090819,4.607168188650764,3.0385522707369192])",0.0
F106,"['quality', 'make', 'trade', 'born.', 'us', 'think', 'attention', 'ability', 'recognize', 'standard.', '—', 'shocking', 'claims', 'flat', 'earth', 'surface', 'internet.']","(10000,[419,503,1112,2335,2918,3144,3286,3506,3525,3681,5850,6660,7281,7936,8171,8338,9676],[4.42484663185681,0.691153161953081,4.830311739964974,4.137164559405029,3.0385522707369192,4.137164559405029,4.830311739964974,4.607168188650764,4.137164559405029,4.42484663185681,0.691153161953081,4.270695952029551,0.6832166123573445,0.691153161953081,3.914021008090819,0.691153161953081,3.0385522707369192])",0.0
R051,"['water', 'pay', 'left.', 'baby', 'always', 'girl', 'finally', 'open.', 'training', 'generation', 'including', 'owner', 'training', 'left', 'low.', 'experts', 'discuss', 'ongoing', 'developments', 'policy.']","(10000,[1029,1348,1662,1817,2589,3614,4506,4687,4897,5134,6053,6944,6963,7334,7381,7538,8546,9011,9462],[4.270695952029551,4.607168188650764,3.7316994512968646,4.270695952029551,3.383392757028649,0.6753425559264385,0.691153161953081,0.6832166123573445,3.577548771469606,5.117993812416755,3.577548771469606,2.7826188965997183,4.830311739964974,4.019381523748645,4.607168188650764,7.637421656572989,5.117993812416755,3.914021008090819,0.691153161953081])",1.0
R203,"['front', 'leader', 'thought', 'cover', 'strong', 'grow.', 'wrong', 'scene', 'social', 'what.', 'gun', 'pay', 'carry', 'nearly', 'animal', 'rich.', 'experts', 'discuss', 'ongoing', 'developments', 'education.']","(10000,[55,454,504,823,1526,2866,3614,4506,4687,4897,5047,5442,5844,6104,6355,6512,7360,8094,8313,8363,9462],[3.914021008090819,3.914021008090819,4.270695952029551,3.7316994512968646,3.577548771469606,4.137164559405029,0.6753425559264385,0.691153161953081,0.6832166123573445,3.577548771469606,2.60568818844064,5.117993812416755,3.7316994512968646,4.270695952029551,4.137164559405029,4.019381523748645,4.607168188650764,3.914021008090819,4.137164559405029,4.830311739964974,0.691153161953081])",1.0
F063,"['social', 'remember.', 'car', 'know', 'economic', 'easy', 'star', 'natural', 'tough.', '—', 'shocking', 'claims', 'secret', 'cure', 'surface', 'internet.']","(10000,[503,760,823,3674,3892,4988,5170,5849,5850,6747,7036,7281,7779,7936,8338,9144],[0.691153161953081,4.137164559405029,3.7316994512968646,3.914021008090819,2.5530444549552183,3.8187108282864943,4.270695952029551,5.523458920524919,0.691153161953081,2.5530444549552183,4.830311739964974,0.6832166123573445,4.137164559405029,0.691153161953081,0.691153161953081,2.6902455764687034])",0.0
R080,"['test', 'training', 'stock', 'strategy', 'talk.', 'pressure', 'draw', 'else', 'public.', 'experts', 'discuss', 'ongoing', 'developments', 'policy.']","(10000,[793,2291,3614,3809,4506,4687,5034,5661,6586,6944,7538,8167,8366,9462],[4.42484663185681,4.830311739964974,0.6753425559264385,5.117993812416755,0.691153161953081,0.6832166123573445,4.607168188650764,4.137164559405029,4.830311739964974,2.7826188965997183,3.8187108282864943,3.914021008090819,5.117993812416755,0.691153161953081])",1.0
R226,"['month', 'together', 'white', 'appear', 'treat.', 'marriage', 'cup', 'suddenly', 'road.', 'though', 'behind', 'stand', 'thus', 'mrs', 'protect.', 'sport', 'gas', 'respond', 'cost', 'test.', 'experts', 'discuss', 'ongoing', 'developments', 'public', 'health.']","(10000,[1770,1831,2500,3059,3385,3614,4346,4490,4506,4687,5607,5684,5741,5843,6219,6229,6886,8182,8278,8312,8581,8693,8960,9066,9462,9751],[2.8844015909096608,5.117993812416755,4.270695952029551,4.270695952029551,4.270695952029551,0.6753425559264385,3.914021008090819,4.019381523748645,0.691153161953081,0.6832166123573445,4.270695952029551,4.019381523748645,4.270695952029551,4.270695952029551,3.125563647726549,4.270695952029551,4.137164559405029,4.019381523748645,4.137164559405029,3.914021008090819,4.137164559405029,4.830311739964974,5.117993812416755,4.42484663185681,0.691153161953081,4.270695952029551])",1.0
F144,"['eight', 'treatment', 'word', 'read', 'contain', 'idea.', 'science', 'home', 'continue', 'nothing', 'term', 'medical.', 'collection', 'despite', 'able', 'individual', 'memory', 'trade.', '—', 'shocking', 'claims', 'hoax', 'surface', 'internet.']","(10000,[503,743,1301,1375,2188,3363,3365,3496,3519,4292,4377,5850,6941,7166,7281,7493,7650,7936,8015,8209,8338,8482,8614,9210],[0.691153161953081,3.6516567436233283,4.830311739964974,5.523458920524919,4.607168188650764,3.4440173788450834,4.42484663185681,3.6516567436233283,4.42484663185681,3.8187108282864943,2.60568818844064,0.691153161953081,3.7316994512968646,4.830311739964974,0.6832166123573445,4.019381523748645,4.607168188650764,0.691153161953081,4.019381523748645,4.019381523748645,0.691153161953081,4.270695952029551,4.270695952029551,4.607168188650764])",0.0
F241,"['much', 'travel', 'use', 'home.', 'move', 'final', 'may', 'notice', 'its.', 'hundred', 'customer', 'again.', '—', 'shocking', 'claims', 'flat', 'earth', 'surface', 'internet.']","(10000,[503,524,1413,1525,1653,1898,2918,5133,5175,5850,5861,6282,7015,7281,7936,8338,8681,9160,9676],[0.691153161953081,3.6516567436233283,4.830311739964974,4.019381523748645,4.607168188650764,5.117993812416755,3.0385522707369192,4.42484663185681,4.42484663185681,0.691153161953081,4.830311739964974,4.270695952029551,5.117993812416755,0.6832166123573445,0.691153161953081,0.691153161953081,4.270695952029551,4.137164559405029,3.0385522707369192])",0.0
R150,"['nothing', 'use', 'memory', 'behind', 'remain.', 'opportunity', 'decade', 'door', 'something', 'republican.', 'fly', 'road', 'option', 'avoid.', 'experts', 'discuss', 'ongoing', 'developments', 'election.']","(10000,[1175,2604,3556,3614,4292,4346,4506,4687,4847,5133,5725,5944,5966,6030,6941,6976,9462,9613,9826],[4.830311739964974,5.523458920524919,2.849310271098391,0.6753425559264385,3.8187108282864943,3.914021008090819,0.691153161953081,0.6832166123573445,4.019381523748645,4.42484663185681,4.607168188650764,4.019381523748645,5.117993812416755,4.830311739964974,3.7316994512968646,4.607168188650764,0.691153161953081,4.270695952029551,4.42484663185681])",1.0
R153,"['return', 'law', 'upon', 'begin', 'easy', 'always', 'model.', 'situation', 'film', 'election', 'nothing.', 'rich', 'hour', 'director', 'candidate.', 'experts', 'discuss', 'ongoing', 'developments', 'research.']","(10000,[132,527,547,635,760,1513,1853,3136,3614,3979,4506,4687,5003,6212,6735,7066,8661,9011,9156,9462],[4.019381523748645,3.8187108282864943,5.523458920524919,4.137164559405029,4.137164559405029,3.914021008090819,4.607168188650764,4.270695952029551,0.6753425559264385,4.42484663185681,0.691153161953081,0.6832166123573445,3.914021008090819,4.270695952029551,4.42484663185681,2.849310271098391,5.523458920524919,3.914021008090819,3.7316994512968646,0.691153161953081])",1.0
F175,"['cause', 'today', 'whole', 'skill', 'probably.', 'evidence', 'energy', 'car', 'majority', 'place', 'western.', 'return', 'newspaper.', '—', 'shocking', 'claims', 'hoax', 'surface', 'internet.']","(10000,[316,503,627,635,2054,3497,3674,4377,4737,5415,5850,6390,7281,7936,8307,8338,9244,9806,9968],[3.914021008090819,0.691153161953081,4.019381523748645,4.137164559405029,4.42484663185681,4.019381523748645,3.914021008090819,2.60568818844064,4.830311739964974,5.523458920524919,0.691153161953081,3.914021008090819,0.6832166123573445,0.691153161953081,3.914021008090819,0.691153161953081,4.137164559405029,3.914021008090819,4.137164559405029])",0.0
F161,"['protect', 'seat', 'player', 'deal', 'discover.', '—', 'shocking', 'claims', 'immortal', 'jellyfish', 'surface', 'internet.']","(10000,[47,503,1433,1848,2066,5850,6604,7235,7281,7936,8338,9876],[4.42484663185681,0.691153161953081,4.270695952029551,4.830311739964974,2.7508701982851385,0.691153161953081,4.830311739964974,4.42484663185681,0.6832166123573445,0.691153161953081,0.691153161953081,2.7508701982851385])",0.0
F147,"['recognize', 'drive', 'although', 'many', 'next.', 'later', 'style', 'congress', 'fall', 'agree.', 'floor', 'painting', 'consider', 'local.', '—', 'shocking', 'claims', 'secret', 'cure', 'surface', 'internet.']","(10000,[312,503,560,1034,3729,3892,4319,5188,5844,5850,6325,6521,6747,7281,7779,7936,8000,8171,8338,8728,9325],[4.019381523748645,0.691153161953081,4.830311739964974,4.137164559405029,4.019381523748645,2.5530444549552183,3.914021008090819,4.019381523748645,3.7316994512968646,0.691153161953081,4.270695952029551,5.117993812416755,2.5530444549552183,0.6832166123573445,4.137164559405029,0.691153161953081,4.607168188650764,3.914021008090819,0.691153161953081,3.6516567436233283,4.830311739964974])",0.0
F018,"['walk', 'boy', 'create', 'country', 'week.', 'involve', 'live', 'result', 'form.', 'green', 'moment', 'similar', 'born', 'since.', '—', 'shocking', 'claims', 'secret', 'cure', 'surface', 'internet.']","(10000,[157,399,493,503,551,1404,2302,3401,3892,4249,5850,6142,6271,6747,7046,7281,7699,7870,7936,8338,9545],[3.7316994512968646,4.270695952029551,4.607168188650764,0.691153161953081,3.914021008090819,4.019381523748645,5.117993812416755,4.607168188650764,2.5530444549552183,4.830311739964974,0.691153161953081,4.270695952029551,4.137164559405029,2.5530444549552183,4.019381523748645,0.6832166123573445,5.117993812416755,4.137164559405029,0.691153161953081,0.691153161953081,4.42484663185681])",0.0
F211,"['lead', 'toward', 'easy.', 'care', 'rise', 'tax', 'decision', 'card.', '—', 'shocking', 'claims', 'celebrity', 'scandal', 'surface', 'internet.']","(10000,[503,2092,2193,3194,3486,4175,4816,4921,5310,5356,5850,6587,7281,7936,8338],[0.691153161953081,5.523458920524919,4.019381523748645,4.270695952029551,2.849310271098391,4.830311739964974,4.019381523748645,2.849310271098391,4.019381523748645,4.42484663185681,0.691153161953081,4.019381523748645,0.6832166123573445,0.691153161953081,0.691153161953081])",0.0
R117,"['one', 'beyond', 'technology.', 'behavior', 'give', 'produce', 'trouble.', 'along', 'degree', 'short', 'present', 'cultural.', 'experts', 'discuss', 'ongoing', 'developments', 'research.']","(10000,[317,735,815,1262,1648,2840,3614,3783,4506,4687,7066,8130,8471,8893,8900,9462,9943],[4.607168188650764,4.270695952029551,4.270695952029551,4.607168188650764,4.137164559405029,4.607168188650764,0.6753425559264385,4.137164559405029,0.691153161953081,0.6832166123573445,2.849310271098391,4.270695952029551,4.830311739964974,3.7316994512968646,4.42484663185681,0.691153161953081,4.607168188650764])",1.0
F016,"['camera', 'nothing', 'carry', 'design', 'gun', 'never.', 'owner', 'big', 'model', 'source', 'science.', '—', 'shocking', 'claims', 'aliens', 'surface', 'internet.']","(10000,[454,503,650,1650,3048,3334,3922,4292,5850,6053,7040,7102,7281,7721,7936,8313,8338],[3.914021008090819,0.691153161953081,2.958509563063383,4.019381523748645,4.270695952029551,5.117993812416755,4.019381523748645,3.8187108282864943,0.691153161953081,3.577548771469606,5.523458920524919,4.019381523748645,0.6832166123573445,4.137164559405029,0.691153161953081,4.137164559405029,0.691153161953081])",0.0
F029,"['decision', 'woman', 'win', 'tonight', 'call', 'type.', 'marriage', 'state', 'reflect', 'until.', 'test', 'buy', 'response', 'beyond', 'life', 'actually.', '—', 'shocking', 'claims', 'flat', 'earth', 'surface', 'internet.']","(10000,[80,503,1808,2193,2398,2445,2918,3389,3477,3888,4430,4563,5146,5321,5850,6229,6586,7281,7936,8338,8900,9676,9700],[4.137164559405029,0.691153161953081,4.137164559405029,4.019381523748645,4.137164559405029,4.137164559405029,3.0385522707369192,4.42484663185681,4.137164559405029,4.607168188650764,4.830311739964974,4.137164559405029,4.270695952029551,4.270695952029551,0.691153161953081,4.270695952029551,4.830311739964974,0.6832166123573445,0.691153161953081,0.691153161953081,4.42484663185681,3.0385522707369192,5.523458920524919])",0.0
F205,"['accept', 'cup', 'list', 'throughout', 'debate.', 'mr', 'early.', '—', 'shocking', 'claims', 'celebrity', 'scandal', 'surface', 'internet.']","(10000,[503,2647,2657,3059,3479,3486,3753,4921,5850,5948,7281,7936,8338,8728],[0.691153161953081,4.270695952029551,3.4440173788450834,4.270695952029551,5.523458920524919,2.849310271098391,4.830311739964974,2.849310271098391,0.691153161953081,4.137164559405029,0.6832166123573445,0.691153161953081,0.691153161953081,3.6516567436233283])",0.0
R112,"['suggest', 'exist', 'citizen', 'treatment', 'since', 'go', 'put.', 'measure', 'today.', 'finally', 'let', 'plan.', 'experts', 'discuss', 'ongoing', 'developments', 'economic', 'growth.']","(10000,[8,528,1817,3614,3882,4506,4687,5476,6287,6451,6602,7816,8015,8267,9034,9087,9144,9462],[4.607168188650764,4.270695952029551,4.270695952029551,0.6753425559264385,4.830311739964974,0.691153161953081,0.6832166123573445,4.607168188650764,4.019381523748645,3.577548771469606,4.830311739964974,4.607168188650764,4.019381523748645,4.270695952029551,2.8844015909096608,5.117993812416755,2.6902455764687034,0.691153161953081])",1.0
F218,"['eye', 'art', 'within', 'example', 'garden', 'north', 'save.', 'thought', 'adult', 'six', 'explain.', 'trial', 'nothing', 'third', 'water', 'thank.', '—', 'shocking', 'claims', 'government', 'cover-up', 'surface', 'internet.']","(10000,[55,72,503,798,980,1341,1778,2259,2589,3410,3605,4292,5401,5850,5936,7281,7854,7936,8338,8771,9606,9813,9817],[3.914021008090819,4.137164559405029,0.691153161953081,5.117993812416755,4.830311739964974,4.42484663185681,4.607168188650764,2.8154087194227095,3.383392757028649,3.914021008090819,5.523458920524919,3.8187108282864943,4.607168188650764,0.691153161953081,4.607168188650764,0.6832166123573445,4.607168188650764,0.691153161953081,0.691153161953081,3.6516567436233283,4.270695952029551,2.997730276216664,3.577548771469606])",0.0
R187,"['friend', 'full', 'computer', 'good', 'between.', 'break', 'evening', 'join', 'the.', 'policy', 'worry', 'soon', 'late', 'air', 'number.', 'experts', 'discuss', 'ongoing', 'developments', 'education.']","(10000,[88,488,668,1041,2260,3011,3079,3614,4142,4506,4687,4702,5047,5286,6168,8151,8343,8897,8952,9462],[4.137164559405029,4.137164559405029,4.019381523748645,3.577548771469606,5.523458920524919,5.523458920524919,4.019381523748645,0.6753425559264385,4.270695952029551,0.691153161953081,0.6832166123573445,4.607168188650764,2.60568818844064,3.7316994512968646,4.019381523748645,4.019381523748645,4.270695952029551,4.607168188650764,4.42484663185681,0.691153161953081])",1.0
F087,"['foreign', 'prepare', 'risk', 'travel.', 'argue', 'friend', 'leader', 'phone', 'fill', 'send', 'role', 'serve.', '—', 'shocking', 'claims', 'celebrity', 'scandal', 'surface', 'internet.']","(10000,[488,503,1526,1626,2286,2959,3350,3486,3730,4921,5523,5850,6206,7160,7281,7936,8338,8794,9727],[4.137164559405029,0.691153161953081,3.577548771469606,4.270695952029551,4.019381523748645,4.830311739964974,4.019381523748645,2.849310271098391,4.270695952029551,2.849310271098391,4.137164559405029,0.691153161953081,4.270695952029551,5.523458920524919,0.6832166123573445,0.691153161953081,0.691153161953081,4.270695952029551,4.270695952029551])",0.0
R171,"['tough', 'police', 'available', 'soon', 'crime', 'at.', 'culture', 'line', 'national', 'tend', 'land.', 'mission', 'show', 'popular', 'nature', 'identify', 'find.', 'experts', 'discuss', 'ongoing', 'developments', 'education.']","(10000,[731,1041,1182,1810,2475,3611,3614,3876,3967,4019,4506,4687,5047,5447,6069,6148,7152,7359,7910,8645,9123,9462],[4.42484663185681,3.577548771469606,3.8187108282864943,4.42484663185681,3.914021008090819,3.914021008090819,0.6753425559264385,4.607168188650764,4.137164559405029,3.8187108282864943,0.691153161953081,0.6832166123573445,2.60568818844064,3.5085558999826545,3.7316994512968646,3.8187108282864943,4.830311739964974,5.117993812416755,4.607168188650764,4.607168188650764,5.523458920524919,0.691153161953081])",1.0
R113,"['lose', 'year', 'continue', 'able', 'require', 'situation', 'out.', 'experts', 'discuss', 'ongoing', 'developments', 'technology', 'breakthrough.']","(10000,[743,1020,2227,3136,3496,3614,4422,4506,4687,5778,8449,8899,9462],[3.6516567436233283,2.455405985391302,2.7200985396183848,4.270695952029551,3.6516567436233283,0.6753425559264385,4.607168188650764,0.691153161953081,0.6832166123573445,4.830311739964974,4.137164559405029,4.270695952029551,0.691153161953081])",1.0
R222,"['glass', 'mrs', 'garden', 'program', 'mean', 'large.', 'experts', 'discuss', 'ongoing', 'developments', 'public', 'health.']","(10000,[573,909,1770,3614,3713,4506,4687,5936,6219,6932,9462,9751],[4.830311739964974,4.42484663185681,2.8844015909096608,0.6753425559264385,5.117993812416755,0.691153161953081,0.6832166123573445,4.607168188650764,3.125563647726549,4.270695952029551,0.691153161953081,4.270695952029551])",1.0
F233,"['blue', 'meeting', 'ground', 'left', 'rate', 'may', 'improve.', 'sing', 'couple', 'everyone', 'shoulder.', '—', 'shocking', 'claims', 'secret', 'cure', 'surface', 'internet.']","(10000,[20,253,503,1662,3740,3892,5564,5768,5850,6451,6487,6747,7281,7702,7936,8338,8893,9160],[4.270695952029551,4.607168188650764,0.691153161953081,3.7316994512968646,5.523458920524919,2.5530444549552183,4.42484663185681,4.019381523748645,0.691153161953081,3.577548771469606,3.8187108282864943,2.5530444549552183,0.6832166123573445,5.117993812416755,0.691153161953081,0.691153161953081,3.7316994512968646,4.137164559405029])",0.0
R223,"['discussion', 'realize', 'total', 'indeed', 'including', 'a.', 'guess', 'stay', 'go', 'anyone', 'recent', 'laugh', 'much', 'follow.', 'answer', 'cell', 'feeling', 'grow', 'think', 'result', 'author', 'successful.', 'experts', 'discuss', 'ongoing', 'developments', 'climate', 'change.']","(10000,[399,433,524,613,666,821,1582,2059,2335,2404,3210,3614,3619,3984,4506,4687,4934,5315,5591,6279,6451,7098,7334,7870,8389,8660,9350,9462],[4.270695952029551,4.137164559405029,3.6516567436233283,3.914021008090819,4.019381523748645,2.849310271098391,3.8187108282864943,2.7200985396183848,4.137164559405029,4.607168188650764,4.607168188650764,0.6753425559264385,4.019381523748645,4.607168188650764,0.691153161953081,0.6832166123573445,4.270695952029551,3.7316994512968646,4.42484663185681,4.019381523748645,3.577548771469606,4.270695952029551,4.019381523748645,4.137164559405029,4.607168188650764,4.42484663185681,4.42484663185681,0.691153161953081])",1.0
F224,"['create', 'choose', 'technology', 'hit', 'reflect', 'community.', 'keep', 'field', 'manager', 'purpose.', 'rise', 'score', 'increase', 'ability', 'develop', 'stay.', '—', 'shocking', 'claims', 'secret', 'cure', 'surface', 'internet.']","(10000,[503,1020,1241,1404,1652,1927,3681,3892,4816,4959,5321,5850,6747,7074,7281,7936,7963,8252,8338,8734,9594,9706,9766],[0.691153161953081,2.455405985391302,4.019381523748645,4.019381523748645,4.137164559405029,4.137164559405029,4.42484663185681,2.5530444549552183,4.019381523748645,4.830311739964974,4.270695952029551,0.691153161953081,2.5530444549552183,3.0811118851557153,0.6832166123573445,0.691153161953081,3.5085558999826545,3.914021008090819,0.691153161953081,4.830311739964974,4.137164559405029,4.137164559405029,4.830311739964974])",0.0
R181,"['bad', 'seven', 'stock', 'difference.', 'experts', 'discuss', 'ongoing', 'developments', 'climate', 'change.']","(10000,[793,821,2059,3614,4506,4687,7850,7956,8915,9462],[4.42484663185681,2.849310271098391,2.7200985396183848,0.6753425559264385,0.691153161953081,0.6832166123573445,4.137164559405029,4.137164559405029,5.523458920524919,0.691153161953081])",1.0
R056,"['single', 'investment', 'coach', 'on.', 'cause', 'teacher', 'four', 'game.', 'hair', 'enough', 'fire', 'realize', 'side', 'strategy.', 'experts', 'discuss', 'ongoing', 'developments', 'public', 'health.']","(10000,[316,1243,1562,1582,1770,3514,3614,4506,4687,4748,5191,5498,5611,6219,7516,7664,7889,8708,9462,9781],[3.914021008090819,3.914021008090819,4.42484663185681,3.8187108282864943,2.8844015909096608,4.137164559405029,0.6753425559264385,0.691153161953081,0.6832166123573445,4.270695952029551,4.607168188650764,5.523458920524919,4.607168188650764,3.125563647726549,4.830311739964974,4.270695952029551,3.8187108282864943,3.5085558999826545,0.691153161953081,4.137164559405029])",1.0
R110,"['father', 'like', 'enjoy', 'difference', 'thousand.', 'mrs', 'sister', 'manager', 'water', 'develop', 'scene', 'test.', 'experts', 'discuss', 'ongoing', 'developments', 'education.']","(10000,[1241,1652,1800,1805,2589,3330,3521,3614,4506,4687,5047,5844,6444,7866,8960,9462,9751],[4.019381523748645,4.137164559405029,4.42484663185681,4.607168188650764,3.383392757028649,4.42484663185681,3.914021008090819,0.6753425559264385,0.691153161953081,0.6832166123573445,2.60568818844064,3.7316994512968646,5.117993812416755,3.914021008090819,5.117993812416755,0.691153161953081,4.270695952029551])",1.0
R219,"['speak', 'green', 'visit', 'buy', 'everything', 'friend', 'population.', 'experts', 'discuss', 'ongoing', 'developments', 'education.']","(10000,[80,488,551,698,3614,4506,4687,4732,5047,6599,9156,9462],[4.137164559405029,4.137164559405029,3.914021008090819,4.42484663185681,0.6753425559264385,0.691153161953081,0.6832166123573445,4.137164559405029,2.60568818844064,5.117993812416755,3.7316994512968646,0.691153161953081])",1.0
R224,"['western', 'appear', 'fly', 'world', 'purpose.', 'foot', 'ball', 'forward', 'relate', 'middle.', 'public', 'understand', 'store', 'lead', 'series', 'radio.', 'experts', 'discuss', 'ongoing', 'developments', 'education.']","(10000,[524,988,1770,3614,4463,4506,4687,5047,5356,5944,6069,6487,7184,7492,7890,8182,8411,8734,9032,9360,9462],[3.6516567436233283,4.830311739964974,2.8844015909096608,0.6753425559264385,3.914021008090819,0.691153161953081,0.6832166123573445,2.60568818844064,4.42484663185681,4.019381523748645,3.7316994512968646,3.8187108282864943,4.019381523748645,4.270695952029551,4.607168188650764,4.019381523748645,3.6516567436233283,4.830311739964974,5.523458920524919,4.42484663185681,0.691153161953081])",1.0
F178,"['whose', 'let', 'rich.', 'assume', 'war', 'three', 'positive', 'poor', 'field.', '—', 'shocking', 'claims', 'immortal', 'jellyfish', 'surface', 'internet.']","(10000,[1,503,2066,2664,3132,5442,5850,5925,7281,7936,8103,8267,8338,8719,9539,9876],[4.42484663185681,0.691153161953081,2.7508701982851385,4.019381523748645,5.117993812416755,5.117993812416755,0.691153161953081,4.137164559405029,0.6832166123573445,0.691153161953081,4.607168188650764,4.270695952029551,0.691153161953081,4.42484663185681,4.607168188650764,2.7508701982851385])",0.0
F074,"['reveal', 'fall', 'hotel', 'choose', 'shake', 'management.', 'hospital', 'election', 'always', 'red', 'popular', 'environmental', 'increase', 'discover.', 'fine', 'change', 'best', 'place', 'several', 'thus', 'country.', 'many', 'wait', 'see', 'matter', 'person', 'majority.', '—', 'shocking', 'claims', 'secret', 'cure', 'surface', 'internet.']","(10000,[52,132,387,503,763,1507,1815,1848,2180,2402,2663,3249,3709,3729,3892,4930,5188,5354,5477,5684,5850,6027,6148,6390,6431,6747,7281,7936,7963,8338,9011,9062,9227,9706],[4.019381523748645,4.019381523748645,4.830311739964974,0.691153161953081,4.137164559405029,4.019381523748645,5.523458920524919,4.830311739964974,4.019381523748645,4.270695952029551,4.607168188650764,3.8187108282864943,4.42484663185681,4.019381523748645,2.5530444549552183,3.6516567436233283,4.019381523748645,4.270695952029551,5.117993812416755,4.019381523748645,0.691153161953081,4.137164559405029,3.8187108282864943,3.914021008090819,4.137164559405029,2.5530444549552183,0.6832166123573445,0.691153161953081,3.5085558999826545,0.691153161953081,3.914021008090819,5.523458920524919,4.270695952029551,4.137164559405029])",0.0
R034,"['thousand', 'look', 'contain', 'behavior.', 'north', 'follow', 'news', 'describe', 'similar', 'federal.', 'natural', 'culture', 'than.', 'experts', 'discuss', 'ongoing', 'developments', 'budget', 'report.']","(10000,[1778,1822,2433,2782,3614,4506,4687,4988,4991,5432,6798,6988,7046,7085,7493,8645,9367,9462,9939],[4.607168188650764,5.523458920524919,4.607168188650764,5.523458920524919,0.6753425559264385,0.691153161953081,0.6832166123573445,3.8187108282864943,2.60568818844064,2.7508701982851385,4.42484663185681,5.523458920524919,4.019381523748645,4.270695952029551,4.019381523748645,4.607168188650764,4.019381523748645,0.691153161953081,4.607168188650764])",1.0
R095,"['first', 'unit', 'pattern', 'find', 'wind', 'religious.', 'experts', 'discuss', 'ongoing', 'developments', 'policy.']","(10000,[617,2558,3614,4506,4687,6335,6403,6944,7510,8444,9462],[4.607168188650764,4.42484663185681,0.6753425559264385,0.691153161953081,0.6832166123573445,5.117993812416755,4.137164559405029,2.7826188965997183,3.914021008090819,5.117993812416755,0.691153161953081])",1.0
F011,"['city', 'mr', 'technology', 'hospital.', '—', 'shocking', 'claims', 'aliens', 'surface', 'internet.']","(10000,[503,650,934,1020,2647,5495,5850,7281,7936,8338],[0.691153161953081,2.958509563063383,4.830311739964974,2.455405985391302,4.270695952029551,4.830311739964974,0.691153161953081,0.6832166123573445,0.691153161953081,0.691153161953081])",0.0
R162,"['notice', 'start', 'table', 'natural', 'receive', 'knowledge', 'page', 'join.', 'beyond', 'sometimes', 'resource', 'ever', 'people', 'gas.', 'experts', 'discuss', 'ongoing', 'developments', 'policy.']","(10000,[1525,1670,2827,2996,3614,3931,4263,4506,4617,4687,4988,5594,5869,6944,7864,8900,9462,9544,9994],[4.019381523748645,4.270695952029551,4.137164559405029,3.6516567436233283,0.6753425559264385,3.914021008090819,4.830311739964974,0.691153161953081,5.117993812416755,0.6832166123573445,3.8187108282864943,4.830311739964974,4.42484663185681,2.7826188965997183,3.914021008090819,4.42484663185681,0.691153161953081,5.523458920524919,4.607168188650764])",1.0
R218,"['throughout', 'president', 'coach', 'public', 'major', 'information', 'close.', 'sense', 'age', 'director', 'son.', 'experts', 'discuss', 'ongoing', 'developments', 'election.']","(10000,[1058,1306,1440,1770,1853,3514,3556,3614,4506,4687,5447,5948,7937,8190,8791,9462],[4.137164559405029,3.7316994512968646,5.523458920524919,2.8844015909096608,4.607168188650764,4.137164559405029,2.849310271098391,0.6753425559264385,0.691153161953081,0.6832166123573445,3.5085558999826545,4.137164559405029,5.523458920524919,3.914021008090819,4.830311739964974,0.691153161953081])",1.0
F136,"['today', 'born', 'show', 'message', 'guy', 'minute', 'perhaps.', 'away', 'single', 'improve', 'hair', 'analysis.', '—', 'shocking', 'claims', 'miracle', 'drug', 'surface', 'internet.']","(10000,[94,503,1256,2408,2715,3357,3737,4019,5441,5850,6421,7281,7664,7860,7889,7936,8338,9545,9806],[4.42484663185681,0.691153161953081,3.125563647726549,4.137164559405029,4.137164559405029,3.577548771469606,3.914021008090819,3.8187108282864943,5.523458920524919,0.691153161953081,4.830311739964974,0.6832166123573445,4.270695952029551,2.849310271098391,3.8187108282864943,0.691153161953081,0.691153161953081,4.42484663185681,3.914021008090819])",0.0
R108,"['say', 'right', 'agency', 'break.', 'lot', 'republican', 'lay', 'risk', 'eat', 'decide.', 'thus', 'rich', 'page.', 'experts', 'discuss', 'ongoing', 'developments', 'economic', 'growth.']","(10000,[765,1790,3614,3813,4310,4475,4506,4616,4687,4943,5684,5862,6212,7276,8794,9034,9144,9462,9640],[4.019381523748645,4.137164559405029,0.6753425559264385,5.523458920524919,5.117993812416755,4.019381523748645,0.691153161953081,3.914021008090819,0.6832166123573445,4.137164559405029,4.019381523748645,4.607168188650764,4.270695952029551,4.019381523748645,4.270695952029551,2.8844015909096608,2.6902455764687034,0.691153161953081,5.117993812416755])",1.0
R186,"['third', 'commercial', 'tax', 'claim', 'former', 'author.', 'industry', 'political', 'local', 'father.', 'experts', 'discuss', 'ongoing', 'developments', 'research.']","(10000,[228,373,3010,3614,3935,4160,4506,4687,6443,6587,7066,8771,8937,9132,9462],[4.137164559405029,5.523458920524919,3.6516567436233283,0.6753425559264385,4.137164559405029,4.42484663185681,0.691153161953081,0.6832166123573445,3.383392757028649,4.019381523748645,2.849310271098391,3.6516567436233283,3.914021008090819,5.117993812416755,0.691153161953081])",1.0
R248,"['young', 'commercial', 'speech', 'like', 'seven', 'floor.', 'positive', 'line', 'price', 'must', 'get', 'girl.', 'truth', 'low', 'section', 'begin.', 'experts', 'discuss', 'ongoing', 'developments', 'technology', 'breakthrough.']","(10000,[1,502,1020,1023,1182,1738,2069,2227,2920,3330,3614,4506,4687,6443,6968,7274,7370,7809,7850,8411,9426,9462],[4.42484663185681,4.137164559405029,2.455405985391302,3.8187108282864943,3.8187108282864943,4.270695952029551,4.830311739964974,2.7200985396183848,5.523458920524919,4.42484663185681,0.6753425559264385,0.691153161953081,0.6832166123573445,3.383392757028649,4.270695952029551,5.117993812416755,5.117993812416755,4.137164559405029,4.137164559405029,3.6516567436233283,4.607168188650764,0.691153161953081])",1.0
F045,"['yes', 'child', 'minute', 'something.', 'simply', 'fire', 'card', 'what.', 'worry', 'bank', 'school', 'today', 'detail.', '—', 'shocking', 'claims', 'immortal', 'jellyfish', 'surface', 'internet.']","(10000,[503,1642,2066,2144,2336,2679,3357,4240,5044,5191,5850,7244,7281,7936,8338,8343,8363,8982,9806,9876],[0.691153161953081,4.607168188650764,2.7508701982851385,4.42484663185681,4.019381523748645,4.607168188650764,3.577548771469606,5.523458920524919,4.270695952029551,4.607168188650764,0.691153161953081,3.577548771469606,0.6832166123573445,0.691153161953081,0.691153161953081,4.270695952029551,4.830311739964974,4.270695952029551,3.914021008090819,2.7508701982851385])",0.0
F092,"['wrong', 'fish', 'state', 'create', 'wish', 'identify', 'style.', 'list', 'staff', 'father', 'course.', '—', 'shocking', 'claims', 'secret', 'cure', 'surface', 'internet.']","(10000,[495,503,1376,1404,1800,1808,3500,3892,3967,4499,5850,6224,6512,6747,7281,7936,8338,8728],[4.270695952029551,0.691153161953081,4.607168188650764,4.019381523748645,4.42484663185681,4.137164559405029,4.830311739964974,2.5530444549552183,4.137164559405029,4.830311739964974,0.691153161953081,3.914021008090819,4.019381523748645,2.5530444549552183,0.6832166123573445,0.691153161953081,0.691153161953081,3.6516567436233283])",0.0
R100,"['paper', 'approach', 'meet.', 'almost', 'director', 'front', 'listen', 'like', 'film', 'her.', 'experts', 'discuss', 'ongoing', 'developments', 'technology', 'breakthrough.']","(10000,[429,504,1020,1853,2227,2347,3095,3330,3614,4506,4687,5003,7748,8566,8690,9462],[4.270695952029551,4.270695952029551,2.455405985391302,4.607168188650764,2.7200985396183848,5.523458920524919,4.019381523748645,4.42484663185681,0.6753425559264385,0.691153161953081,0.6832166123573445,3.914021008090819,5.117993812416755,4.270695952029551,4.607168188650764,0.691153161953081])",1.0
F075,"['eat', 'glass', 'politics', 'effect.', 'probably', 'news', 'force', 'throughout', 'majority.', '—', 'shocking', 'claims', 'miracle', 'drug', 'surface', 'internet.']","(10000,[391,503,1256,1890,2297,2433,3709,5850,5887,5948,6932,7276,7281,7860,7936,8338],[4.270695952029551,0.691153161953081,3.125563647726549,4.607168188650764,4.137164559405029,4.607168188650764,4.42484663185681,0.691153161953081,3.914021008090819,4.137164559405029,4.270695952029551,4.019381523748645,0.6832166123573445,2.849310271098391,0.691153161953081,0.691153161953081])",0.0
R059,"['summer', 'often', 'lawyer', 'middle.', 'show', 'left', 'quite', 'interesting', 'investment', 'take.', 'able', 'season', 'enter.', 'experts', 'discuss', 'ongoing', 'developments', 'technology', 'breakthrough.']","(10000,[7,1020,1562,1662,2227,2358,3496,3614,3634,4019,4357,4506,4687,5268,6056,6069,9021,9462,9481],[4.270695952029551,2.455405985391302,4.42484663185681,3.7316994512968646,2.7200985396183848,4.137164559405029,3.6516567436233283,0.6753425559264385,4.42484663185681,3.8187108282864943,5.117993812416755,0.691153161953081,0.6832166123573445,4.137164559405029,4.019381523748645,3.7316994512968646,4.607168188650764,0.691153161953081,3.8187108282864943])",1.0
F213,"['bit', 'expert', 'field', 'attention', 'contain', 'better.', 'value', 'hot', 'tell', 'tonight.', '—', 'shocking', 'claims', 'hoax', 'surface', 'internet.']","(10000,[503,914,1850,1989,3144,4377,5850,7074,7078,7281,7403,7493,7936,8338,9184,9693],[0.691153161953081,4.137164559405029,4.42484663185681,4.019381523748645,4.137164559405029,2.60568818844064,0.691153161953081,3.0811118851557153,5.523458920524919,0.6832166123573445,4.270695952029551,4.019381523748645,0.691153161953081,0.691153161953081,4.830311739964974,4.137164559405029])",0.0
R233,"['personal', 'sure', 'republican', 'admit', 'authority', 'teach', 'feel.', 'religious', 'ask', 'thing', 'available.', 'experts', 'discuss', 'ongoing', 'developments', 'education.']","(10000,[1176,1821,2481,3507,3614,3857,4293,4506,4616,4687,5047,7939,8522,8714,9462,9682],[4.137164559405029,4.607168188650764,3.8187108282864943,3.914021008090819,0.6753425559264385,4.607168188650764,4.830311739964974,0.691153161953081,3.914021008090819,0.6832166123573445,2.60568818844064,4.137164559405029,4.019381523748645,4.830311739964974,0.691153161953081,5.117993812416755])",1.0
F072,"['ball', 'hand', 'seem', 'could.', 'case', 'consumer', 'senior', 'light.', '—', 'shocking', 'claims', 'mind', 'control', 'surface', 'internet.']","(10000,[503,1208,2588,3184,3423,4144,4390,5850,6342,7281,7492,7876,7936,8338,9475],[0.691153161953081,2.849310271098391,4.270695952029551,2.7826188965997183,4.42484663185681,4.42484663185681,4.830311739964974,0.691153161953081,4.270695952029551,0.6832166123573445,4.270695952029551,5.117993812416755,0.691153161953081,0.691153161953081,4.607168188650764])",0.0
R184,"['man', 'hope', 'billion', 'sign', 'tv', 'particularly.', 'apply', 'market', 'realize', 'chair', 'student', 'herself.', 'experts', 'discuss', 'ongoing', 'developments', 'budget', 'report.']","(10000,[258,681,1582,2238,2569,2657,3536,3614,4506,4547,4687,4991,5432,6000,6756,7312,9168,9462],[4.137164559405029,4.42484663185681,3.8187108282864943,5.523458920524919,3.6516567436233283,3.4440173788450834,4.830311739964974,0.6753425559264385,0.691153161953081,4.42484663185681,0.6832166123573445,2.60568818844064,2.7508701982851385,3.8187108282864943,3.914021008090819,4.42484663185681,5.117993812416755,0.691153161953081])",1.0
F134,"['north', 'often', 'official', 'write', 'son', 'performance', 'reveal.', 'take', 'camera', 'show', 'ten', 'discussion', 'yet', 'also.', '—', 'shocking', 'claims', 'secret', 'cure', 'surface', 'internet.']","(10000,[7,209,503,855,1650,1778,2006,3892,4019,4037,5085,5315,5445,5850,6747,7281,7936,8121,8338,8485,9351],[4.270695952029551,4.607168188650764,0.691153161953081,4.830311739964974,4.019381523748645,4.607168188650764,4.830311739964974,2.5530444549552183,3.8187108282864943,4.607168188650764,3.5085558999826545,3.7316994512968646,4.830311739964974,0.691153161953081,2.5530444549552183,0.6832166123573445,0.691153161953081,5.117993812416755,0.691153161953081,4.019381523748645,4.607168188650764])",0.0
R096,"['feeling', 'film', 'check', 'believe', 'executive', 'high.', 'sound', 'show', 'research', 'save.', 'baby', 'statement', 'ago', 'respond', 'nature.', 'foreign', 'individual', 'lawyer', 'set.', 'experts', 'discuss', 'ongoing', 'developments', 'research.']","(10000,[533,613,980,1348,1896,2500,3614,3901,4019,4506,4687,5003,5767,6166,6206,7066,8094,8346,8614,9021,9432,9462,9817,9966],[4.607168188650764,3.914021008090819,4.830311739964974,4.607168188650764,4.42484663185681,4.270695952029551,0.6753425559264385,4.42484663185681,3.8187108282864943,0.691153161953081,0.6832166123573445,3.914021008090819,5.523458920524919,4.137164559405029,4.270695952029551,2.849310271098391,3.914021008090819,4.830311739964974,4.270695952029551,4.607168188650764,3.8187108282864943,0.691153161953081,3.577548771469606,4.830311739964974])",1.0
R020,"['along', 'person', 'occur', 'foreign.', 'reality', 'participant', 'consider', 'hope', 'watch.', 'experts', 'discuss', 'ongoing', 'developments', 'policy.']","(10000,[312,680,1921,2519,2840,3249,3614,3822,4506,4687,5396,6000,6944,9462],[4.019381523748645,4.137164559405029,3.8187108282864943,5.523458920524919,4.607168188650764,3.8187108282864943,0.6753425559264385,4.42484663185681,0.691153161953081,0.6832166123573445,4.270695952029551,3.8187108282864943,2.7826188965997183,0.691153161953081])",1.0
R067,"['thought', 'along', 'may', 'fund.', 'see', 'break', 'politics.', 'experts', 'discuss', 'ongoing', 'developments', 'policy.']","(10000,[55,211,668,2840,3614,4506,4687,5354,6623,6944,9160,9462],[3.914021008090819,5.523458920524919,4.019381523748645,4.607168188650764,0.6753425559264385,0.691153161953081,0.6832166123573445,4.270695952029551,4.830311739964974,2.7826188965997183,4.137164559405029,0.691153161953081])",1.0
R215,"['positive', 'guess', 'old', 'series', 'cup.', 'expect', 'soldier', 'consumer', 'film', 'drop', 'increase', 'little.', 'particularly', 'trade', 'thus', 'effort.', 'experts', 'discuss', 'ongoing', 'developments', 'education.']","(10000,[1,419,2912,3614,3691,4141,4463,4506,4687,5003,5047,5684,6443,7083,7709,7963,8577,8660,9300,9462,9475],[4.42484663185681,4.42484663185681,4.830311739964974,0.6753425559264385,4.42484663185681,4.42484663185681,3.914021008090819,0.691153161953081,0.6832166123573445,3.914021008090819,2.60568818844064,4.019381523748645,3.383392757028649,4.607168188650764,4.830311739964974,3.5085558999826545,4.830311739964974,4.42484663185681,4.830311739964974,0.691153161953081,4.607168188650764])",1.0
R127,"['speak', 'season', 'expert', 'significant', 'professional', 'discussion', 'five.', 'ask', 'soon', 'gas', 'actually.', 'experts', 'discuss', 'ongoing', 'developments', 'policy.']","(10000,[914,1041,1776,2155,2358,3507,3614,3888,4506,4687,4732,5315,5607,6944,8552,9462],[4.137164559405029,3.577548771469606,4.607168188650764,4.42484663185681,4.137164559405029,3.914021008090819,0.6753425559264385,4.607168188650764,0.691153161953081,0.6832166123573445,4.137164559405029,3.7316994512968646,4.270695952029551,2.7826188965997183,4.270695952029551,0.691153161953081])",1.0
R235,"['worry', 'usually', 'name', 'watch', 'watch', 'cup.', 'institution', 'treatment', 'force', 'recently', 'try.', 'experts', 'discuss', 'ongoing', 'developments', 'technology', 'breakthrough.']","(10000,[15,391,1020,2034,2227,2708,2990,3243,3614,3960,4506,4687,8015,8343,9300,9462],[3.8187108282864943,4.270695952029551,2.455405985391302,4.270695952029551,2.7200985396183848,8.84969326371362,3.7316994512968646,4.830311739964974,0.6753425559264385,5.117993812416755,0.691153161953081,0.6832166123573445,4.019381523748645,4.270695952029551,4.830311739964974,0.691153161953081])",1.0
R163,"['book', 'box', 'science', 'produce', 'child', 'stand.', 'yeah', 'movie', 'third', 'success.', 'central', 'value', 'international', 'recently', 'wide', 'enter.', 'experts', 'discuss', 'ongoing', 'developments', 'climate', 'change.']","(10000,[188,393,821,1439,1648,2034,2059,2836,3249,3363,3614,4506,4687,5268,6090,7244,7403,7922,8280,8771,8928,9462],[4.42484663185681,4.019381523748645,2.849310271098391,3.577548771469606,4.137164559405029,4.270695952029551,2.7200985396183848,3.914021008090819,3.8187108282864943,3.4440173788450834,0.6753425559264385,0.691153161953081,0.6832166123573445,4.137164559405029,4.607168188650764,3.577548771469606,4.270695952029551,3.8187108282864943,5.117993812416755,3.6516567436233283,4.830311739964974,0.691153161953081])",1.0
R002,"['positive', 'buy.', 'later', 'nearly', 'ask', 'hot', 'environmental', 'will.', 'experts', 'discuss', 'ongoing', 'developments', 'education.']","(10000,[1,526,560,2866,3507,3614,4506,4687,5047,6027,8656,9462,9693],[4.42484663185681,5.117993812416755,4.830311739964974,4.137164559405029,3.914021008090819,0.6753425559264385,0.691153161953081,0.6832166123573445,2.60568818844064,4.137164559405029,5.523458920524919,0.691153161953081,4.137164559405029])",1.0
R021,"['total', 'service', 'he.', 'century', 'mission', 'commercial', 'recognize', 'dog', 'enjoy.', 'occur', 'inside', 'purpose', 'commercial', 'thus', 'professor.', 'experts', 'discuss', 'ongoing', 'developments', 'education.']","(10000,[1921,2252,3180,3614,4506,4687,5047,5684,6069,6279,6443,6847,7841,8089,8171,8257,9066,9462,9564],[3.8187108282864943,3.914021008090819,5.117993812416755,0.6753425559264385,0.691153161953081,0.6832166123573445,2.60568818844064,4.019381523748645,3.7316994512968646,4.019381523748645,6.766785514057298,5.523458920524919,4.137164559405029,3.914021008090819,3.914021008090819,5.523458920524919,4.42484663185681,0.691153161953081,4.019381523748645])",1.0
R013,"['east', 'respond', 'economy', 'service', 'common.', 'capital', 'everyone', 'mind', 'miss.', 'fall', 'onto', 'letter', 'hear', 'lot', 'subject', 'box.', 'rise', 'half', 'wide', 'line', 'travel.', 'experts', 'discuss', 'ongoing', 'developments', 'technology', 'breakthrough.']","(10000,[217,564,1020,1182,1780,2227,2252,2500,2836,2959,3184,3614,3729,3744,4319,4506,4687,4816,4842,4943,6541,6576,6961,8655,8774,8893,9462],[4.42484663185681,4.270695952029551,2.455405985391302,3.8187108282864943,3.7316994512968646,2.7200985396183848,3.914021008090819,4.270695952029551,3.914021008090819,4.830311739964974,2.7826188965997183,0.6753425559264385,4.019381523748645,5.523458920524919,3.914021008090819,0.691153161953081,0.6832166123573445,4.019381523748645,4.137164559405029,4.137164559405029,4.019381523748645,4.270695952029551,5.117993812416755,4.830311739964974,5.523458920524919,3.7316994512968646,0.691153161953081])",1.0
F195,"['avoid', 'teacher', 'deal', 'any.', 'development', 'end', 'ready', 'value.', '—', 'shocking', 'claims', 'flat', 'earth', 'surface', 'internet.']","(10000,[453,490,503,1388,1433,2871,2918,5547,5850,6557,7281,7936,8338,8708,9676],[4.137164559405029,5.523458920524919,0.691153161953081,4.42484663185681,4.270695952029551,4.270695952029551,3.0385522707369192,5.523458920524919,0.691153161953081,3.8187108282864943,0.6832166123573445,0.691153161953081,0.691153161953081,3.5085558999826545,3.0385522707369192])",0.0
R101,"['despite', 'foot', 'improve', 'fear', 'social', 'management', 'mission.', 'represent', 'administration', 'issue', 'why.', 'tv', 'argue', 'sort', 'sense', 'someone.', 'experts', 'discuss', 'ongoing', 'developments', 'research.']","(10000,[823,1241,1301,2408,3409,3614,3730,4489,4506,4547,4687,5185,5447,5720,6616,6740,7066,7890,8717,9462,9513],[3.7316994512968646,4.019381523748645,4.830311739964974,4.137164559405029,4.830311739964974,0.6753425559264385,4.270695952029551,5.117993812416755,0.691153161953081,4.42484663185681,0.6832166123573445,4.137164559405029,3.5085558999826545,3.7316994512968646,4.137164559405029,5.523458920524919,2.849310271098391,4.607168188650764,3.914021008090819,0.691153161953081,3.383392757028649])",1.0
R055,"['certain', 'every', 'research', 'place', 'reduce.', 'manage', 'officer', 'establish', 'woman', 'get.', 'industry', 'way', 'choice', 'black', 'clearly', 'trial', 'draw.', 'experts', 'discuss', 'ongoing', 'developments', 'research.']","(10000,[696,1948,2147,2923,3010,3410,3614,3759,4506,4563,4687,6053,6077,6390,7066,7883,8238,9288,9391,9432,9462,9681],[4.270695952029551,4.830311739964974,5.523458920524919,3.914021008090819,3.6516567436233283,3.914021008090819,0.6753425559264385,4.830311739964974,0.691153161953081,4.137164559405029,0.6832166123573445,3.577548771469606,4.270695952029551,3.914021008090819,2.849310271098391,4.42484663185681,4.830311739964974,4.270695952029551,3.7316994512968646,3.8187108282864943,0.691153161953081,3.5085558999826545])",1.0
F190,"['answer', 'republican', 'face', 'light.', 'hotel', 'alone', 'because.', 'believe', 'win', 'play', 'husband', 'style.', 'group', 'ball', 'modern', 'fast', 'every', 'part.', '—', 'shocking', 'claims', 'secret', 'cure', 'surface', 'internet.']","(10000,[503,533,2173,2336,2398,2492,2663,3500,3619,3892,4034,4390,4616,4903,5850,6747,6793,7208,7281,7492,7766,7936,8338,9263,9681],[0.691153161953081,4.607168188650764,4.270695952029551,4.019381523748645,4.137164559405029,4.270695952029551,4.607168188650764,4.830311739964974,4.019381523748645,2.5530444549552183,4.607168188650764,4.830311739964974,3.914021008090819,5.117993812416755,0.691153161953081,2.5530444549552183,5.523458920524919,4.42484663185681,0.6832166123573445,4.270695952029551,4.137164559405029,0.691153161953081,0.691153161953081,3.914021008090819,3.5085558999826545])",0.0
R004,"['care', 'near', 'report', 'imagine.', 'work', 'consumer', 'fall', 'trip.', 'experts', 'discuss', 'ongoing', 'developments', 'education.']","(10000,[3614,3729,4506,4687,5047,5310,5974,6505,6865,9026,9462,9475,9527],[0.6753425559264385,4.019381523748645,0.691153161953081,0.6832166123573445,2.60568818844064,4.019381523748645,3.6516567436233283,4.270695952029551,5.523458920524919,5.117993812416755,0.691153161953081,4.607168188650764,4.42484663185681])",1.0
F080,"['follow', 'number', 'pull', 'edge', 'police.', 'even', 'represent', 'energy', 'force', 'loss', 'rather', 'me.', 'effort', 'market', 'vote', 'life.', '—', 'shocking', 'claims', 'celebrity', 'scandal', 'surface', 'internet.']","(10000,[391,503,2657,2837,3486,3921,4391,4921,5177,5329,5535,5726,5850,6406,6597,7281,7936,8307,8338,8519,8717,9214,9367],[4.270695952029551,0.691153161953081,3.4440173788450834,3.8187108282864943,2.849310271098391,4.019381523748645,5.117993812416755,2.849310271098391,5.117993812416755,4.137164559405029,5.117993812416755,3.5085558999826545,0.691153161953081,4.270695952029551,4.42484663185681,0.6832166123573445,0.691153161953081,3.914021008090819,0.691153161953081,4.42484663185681,3.914021008090819,3.914021008090819,4.019381523748645])",0.0
F049,"['majority', 'bag', 'city', 'moment', 'large', 'letter.', 'body', 'find', 'life', 'mind', 'key', 'effort', 'black.', 'scene', 'trip', 'write', 'color', 'nor.', '—', 'shocking', 'claims', 'hoax', 'surface', 'internet.']","(10000,[415,503,841,2611,3131,3184,3401,3477,4300,4377,5445,5495,5726,5782,5844,5850,7022,7281,7510,7936,8338,8439,9244,9832],[3.8187108282864943,0.691153161953081,4.607168188650764,5.117993812416755,4.270695952029551,2.7826188965997183,4.607168188650764,4.137164559405029,4.607168188650764,2.60568818844064,4.830311739964974,4.830311739964974,3.5085558999826545,4.270695952029551,3.7316994512968646,0.691153161953081,4.607168188650764,0.6832166123573445,3.914021008090819,0.691153161953081,0.691153161953081,5.523458920524919,4.137164559405029,3.914021008090819])",0.0
F184,"['situation', 'message', 'blue', 'build', 'research.', 'particularly', 'child', 'property.', 'pick', 'actually', 'result.', '—', 'shocking', 'claims', 'secret', 'cure', 'surface', 'internet.']","(10000,[503,2715,3014,3136,3892,5768,5850,6443,6447,6747,7066,7244,7281,7372,7670,7936,8208,8338],[0.691153161953081,4.137164559405029,3.914021008090819,4.270695952029551,2.5530444549552183,4.019381523748645,0.691153161953081,3.383392757028649,3.6516567436233283,2.5530444549552183,2.849310271098391,3.577548771469606,0.6832166123573445,4.42484663185681,5.523458920524919,0.691153161953081,5.117993812416755,0.691153161953081])",0.0
F030,"['drive', 'four', 'night', 'hair', 'get', 'fund.', 'technology', 'new', 'issue', 'four', 'add.', '—', 'shocking', 'claims', 'secret', 'cure', 'surface', 'internet.']","(10000,[503,585,1020,1243,3892,5850,6325,6616,6623,6747,6869,7281,7664,7936,8338,8344,9426],[0.691153161953081,3.914021008090819,2.455405985391302,7.828042016181638,2.5530444549552183,0.691153161953081,4.270695952029551,4.137164559405029,4.830311739964974,2.5530444549552183,4.830311739964974,0.6832166123573445,4.270695952029551,0.691153161953081,0.691153161953081,4.270695952029551,4.607168188650764])",0.0
R213,"['cost', 'several.', 'right', 'size', 'yeah', 'data', 'place', 'fly', 'entire.', 'experts', 'discuss', 'ongoing', 'developments', 'budget', 'report.']","(10000,[74,656,1695,1790,3192,3249,3614,4490,4506,4687,4991,5432,5944,6390,9462],[4.830311739964974,4.607168188650764,3.914021008090819,4.137164559405029,4.42484663185681,3.8187108282864943,0.6753425559264385,4.019381523748645,0.691153161953081,0.6832166123573445,2.60568818844064,2.7508701982851385,4.019381523748645,3.914021008090819,0.691153161953081])",1.0
F128,"['treatment', 'shake', 'though', 'wonder', 'four', 'decision.', 'stay', 'better', 'president', 'high.', 'sense', 'focus', 'view', 'senior', 'idea', 'push', 'avoid.', '—', 'shocking', 'claims', 'immortal', 'jellyfish', 'surface', 'internet.']","(10000,[433,503,1175,1243,1306,2066,2180,2543,3385,3931,4144,4723,5377,5447,5850,5958,5978,7281,7293,7936,8015,8094,8338,9876],[4.137164559405029,0.691153161953081,4.830311739964974,3.914021008090819,3.7316994512968646,2.7508701982851385,4.019381523748645,4.019381523748645,4.270695952029551,3.914021008090819,4.42484663185681,4.270695952029551,4.830311739964974,3.5085558999826545,0.691153161953081,4.607168188650764,4.42484663185681,0.6832166123573445,4.137164559405029,0.691153161953081,4.019381523748645,3.914021008090819,0.691153161953081,2.7508701982851385])",0.0
R231,"['area', 'actually', 'wonder', 'quite.', 'experts', 'discuss', 'ongoing', 'developments', 'policy.']","(10000,[3614,4506,4687,4723,5649,6447,6944,8878,9462],[0.6753425559264385,0.691153161953081,0.6832166123573445,4.270695952029551,4.607168188650764,3.6516567436233283,2.7826188965997183,4.830311739964974,0.691153161953081])",1.0
R061,"['cause', 'soon', 'pattern', 'stock.', 'success', 'sometimes', 'floor', 'book.', 'ten', 'visit', 'beautiful', 'drug', 'fill', 'role', 'huge.', 'experts', 'discuss', 'ongoing', 'developments', 'technology', 'breakthrough.']","(10000,[316,617,698,1020,1041,1273,2227,3226,3350,3614,4319,4506,4644,4687,5085,5321,5869,7860,9462,9727,9828],[3.914021008090819,4.607168188650764,4.42484663185681,2.455405985391302,3.577548771469606,3.577548771469606,2.7200985396183848,5.523458920524919,4.019381523748645,0.6753425559264385,3.914021008090819,0.691153161953081,4.830311739964974,0.6832166123573445,3.5085558999826545,4.270695952029551,4.42484663185681,2.849310271098391,0.691153161953081,4.270695952029551,4.019381523748645])",1.0
R137,"['organization', 'another', 'thought', 'other.', 'court', 'agent', 'skin.', 'experts', 'discuss', 'ongoing', 'developments', 'education.']","(10000,[55,1364,2706,3614,4506,4568,4687,5016,5047,8166,9231,9462],[3.914021008090819,4.137164559405029,5.523458920524919,0.6753425559264385,0.691153161953081,4.830311739964974,0.6832166123573445,3.914021008090819,2.60568818844064,4.137164559405029,4.830311739964974,0.691153161953081])",1.0
R185,"['hotel', 'five', 'red', 'treatment', 'many', 'wish.', 'experts', 'discuss', 'ongoing', 'developments', 'technology', 'breakthrough.']","(10000,[52,812,1020,2227,2663,3614,4506,4687,5188,5974,8015,9462],[4.019381523748645,5.523458920524919,2.455405985391302,2.7200985396183848,4.607168188650764,0.6753425559264385,0.691153161953081,0.6832166123573445,4.019381523748645,3.6516567436233283,4.019381523748645,0.691153161953081])",1.0
R204,"['light', 'process', 'care', 'threat', 'usually', 'those.', 'win', 'lay.', 'responsibility', 'try', 'investment.', 'experts', 'discuss', 'ongoing', 'developments', 'technology', 'breakthrough.']","(10000,[899,1020,1657,1720,1734,2227,2398,2990,3502,3614,4506,4687,4693,5310,8040,8070,9462],[5.523458920524919,2.455405985391302,5.523458920524919,4.42484663185681,4.607168188650764,2.7200985396183848,4.137164559405029,3.7316994512968646,4.137164559405029,0.6753425559264385,0.691153161953081,0.6832166123573445,3.914021008090819,4.019381523748645,3.8187108282864943,4.270695952029551,0.691153161953081])",1.0
F217,"['vote', 'product', 'create.', 'purpose', 'teacher', 'especially', 'line.', '—', 'shocking', 'claims', 'immortal', 'jellyfish', 'surface', 'internet.']","(10000,[447,503,2066,2115,5850,6808,7281,7936,8089,8173,8338,8708,9214,9876],[4.42484663185681,0.691153161953081,2.7508701982851385,5.117993812416755,0.691153161953081,4.830311739964974,0.6832166123573445,0.691153161953081,3.914021008090819,3.7316994512968646,0.691153161953081,3.5085558999826545,3.914021008090819,2.7508701982851385])",0.0
F176,"['evidence', 'create', 'something', 'around', 'none.', 'hard', 'base', 'page', 'relationship', 'class', 'thought.', 'whether', 'watch', 'but.', '—', 'shocking', 'claims', 'miracle', 'drug', 'surface', 'internet.']","(10000,[503,1256,1404,2054,2708,2827,3406,4007,4260,4461,5125,5760,5850,6197,7281,7860,7936,8173,8338,8927,9826],[0.691153161953081,3.125563647726549,4.019381523748645,4.42484663185681,4.42484663185681,4.137164559405029,3.914021008090819,4.42484663185681,4.019381523748645,5.117993812416755,4.137164559405029,4.830311739964974,0.691153161953081,4.270695952029551,0.6832166123573445,2.849310271098391,0.691153161953081,3.7316994512968646,0.691153161953081,5.523458920524919,4.42484663185681])",0.0
R245,"['rate', 'officer', 'market', 'bank', 'attention.', 'really', 'purpose', 'talk', 'we.', 'experts', 'discuss', 'ongoing', 'developments', 'technology', 'breakthrough.']","(10000,[253,696,1020,2227,2412,2657,3614,4112,4506,4687,8089,8203,8925,8982,9462],[4.607168188650764,4.270695952029551,2.455405985391302,2.7200985396183848,5.117993812416755,3.4440173788450834,0.6753425559264385,4.607168188650764,0.691153161953081,0.6832166123573445,3.914021008090819,5.117993812416755,4.830311739964974,4.270695952029551,0.691153161953081])",1.0
R104,"['town', 'summer', 'study.', 'fine', 'six', 'success', 'mouth', 'someone', 'media', 'cut', 'note.', 'experts', 'discuss', 'ongoing', 'developments', 'election.']","(10000,[1206,1209,3556,3614,3671,4506,4687,4715,5401,6431,7497,8625,9462,9481,9599,9828],[4.019381523748645,4.42484663185681,2.849310271098391,0.6753425559264385,4.607168188650764,0.691153161953081,0.6832166123573445,4.137164559405029,4.607168188650764,4.137164559405029,4.830311739964974,5.117993812416755,0.691153161953081,3.8187108282864943,5.117993812416755,4.019381523748645])",1.0
F156,"['recognize', 'hand', 'still', 'pick', 'technology', 'agency', 'grow.', '—', 'shocking', 'claims', 'flat', 'earth', 'surface', 'internet.']","(10000,[503,765,1020,2918,3423,3712,5850,7281,7372,7936,8094,8171,8338,9676],[0.691153161953081,4.019381523748645,2.455405985391302,3.0385522707369192,4.42484663185681,4.270695952029551,0.691153161953081,0.6832166123573445,4.42484663185681,0.691153161953081,3.914021008090819,3.914021008090819,0.691153161953081,3.0385522707369192])",0.0
R194,"['business', 'check', 'set', 'say.', 'test', 'many', 'fear', 'since', 'paper', 'maybe.', 'experts', 'discuss', 'ongoing', 'developments', 'election.']","(10000,[2875,3556,3614,3901,4506,4687,5188,5342,5374,5739,6287,6586,8690,9462,9513],[5.523458920524919,2.849310271098391,0.6753425559264385,4.42484663185681,0.691153161953081,0.6832166123573445,4.019381523748645,4.137164559405029,4.019381523748645,4.42484663185681,4.019381523748645,4.830311739964974,4.607168188650764,0.691153161953081,3.383392757028649])",1.0
R161,"['job', 'raise', 'everybody', 'stand', 'attack', 'agent', 'can.', 'industry', 'current', 'clear', 'stock.', 'experts', 'discuss', 'ongoing', 'developments', 'technology', 'breakthrough.']","(10000,[557,1020,1247,1611,2227,2561,3010,3527,3614,4506,4644,4687,5016,5693,6886,9189,9462],[3.914021008090819,2.455405985391302,5.117993812416755,4.019381523748645,2.7200985396183848,4.607168188650764,3.6516567436233283,4.270695952029551,0.6753425559264385,0.691153161953081,4.830311739964974,0.6832166123573445,3.914021008090819,4.42484663185681,4.137164559405029,4.607168188650764,0.691153161953081])",1.0
F113,"['bit', 'major', 'seat', 'ago', 'system', 'miss', 'work.', 'particularly', 'yard', 'sister', 'personal', 'do.', 'interest', 'rather', 'enjoy', 'window', 'heavy', 'manage.', '—', 'shocking', 'claims', 'immortal', 'jellyfish', 'surface', 'internet.']","(10000,[47,70,360,424,503,1058,1071,1805,1862,1896,1989,2066,2403,2483,2837,3521,3996,5850,6443,7281,7936,7939,8338,8949,9876],[4.42484663185681,4.137164559405029,4.42484663185681,3.914021008090819,0.691153161953081,4.137164559405029,4.137164559405029,4.607168188650764,4.830311739964974,4.42484663185681,4.019381523748645,2.7508701982851385,4.42484663185681,4.607168188650764,3.8187108282864943,3.914021008090819,4.137164559405029,0.691153161953081,3.383392757028649,0.6832166123573445,0.691153161953081,4.137164559405029,0.691153161953081,4.270695952029551,2.7508701982851385])",0.0
F150,"['nice', 'really', 'play', 'government', 'safe', 'without.', 'amount', 'responsibility', 'argue', 'star', 'employee', 'close', 'when.', 'economic', 'town', 'know', 'order', 'less', 'actually', 'your.', '—', 'shocking', 'claims', 'hoax', 'surface', 'internet.']","(10000,[503,1195,1226,2173,2259,3370,3497,3502,3730,3804,4112,4198,4377,4715,5170,5850,6422,6447,6548,7222,7281,7642,7779,7936,8338,9144],[0.691153161953081,3.7316994512968646,4.137164559405029,4.270695952029551,2.8154087194227095,4.607168188650764,4.019381523748645,4.137164559405029,4.270695952029551,5.523458920524919,4.607168188650764,5.117993812416755,2.60568818844064,4.137164559405029,4.270695952029551,0.691153161953081,5.117993812416755,3.6516567436233283,5.117993812416755,4.137164559405029,0.6832166123573445,4.137164559405029,4.137164559405029,0.691153161953081,0.691153161953081,2.6902455764687034])",0.0
F047,"['nothing', 'concern', 'spring', 'candidate', 'win', 'fine', 'create.', '—', 'shocking', 'claims', 'miracle', 'drug', 'surface', 'internet.']","(10000,[503,1256,1644,1968,2398,4292,4358,5850,6431,6808,7281,7860,7936,8338],[0.691153161953081,3.125563647726549,4.137164559405029,4.42484663185681,4.137164559405029,3.8187108282864943,4.830311739964974,0.691153161953081,4.137164559405029,4.830311739964974,0.6832166123573445,2.849310271098391,0.691153161953081,0.691153161953081])",0.0
F008,"['difference', 'child', 'possible', 'easy', 'list', 'food.', '—', 'shocking', 'claims', 'hoax', 'surface', 'internet.']","(10000,[503,760,4085,4377,5850,6100,7244,7281,7866,7936,8338,8728],[0.691153161953081,4.137164559405029,5.117993812416755,2.60568818844064,0.691153161953081,4.019381523748645,3.577548771469606,0.6832166123573445,3.914021008090819,0.691153161953081,0.691153161953081,3.6516567436233283])",0.0
F229,"['collection', 'clearly', 'approach', 'describe', 'anything.', 'turn', 'project', 'ask', 'nation.', '—', 'shocking', 'claims', 'aliens', 'surface', 'internet.']","(10000,[503,650,2230,3095,3507,3886,5850,7085,7281,7725,7751,7936,8209,8238,8338],[0.691153161953081,2.958509563063383,4.270695952029551,4.019381523748645,3.914021008090819,4.607168188650764,0.691153161953081,4.270695952029551,0.6832166123573445,5.117993812416755,4.830311739964974,0.691153161953081,4.019381523748645,4.830311739964974,0.691153161953081])",0.0
R001,"['article', 'region', 'certainly', 'energy', 'give', 'generation', 'past.', 'nature', 'look', 'us', 'wall', 'project', 'clearly.', 'blue', 'relationship', 'officer', 'room', 'nearly', 'economy.', 'experts', 'discuss', 'ongoing', 'developments', 'research.']","(10000,[494,673,696,1702,1985,2230,2866,3308,3611,3614,3783,4260,4506,4683,4687,5768,6404,6660,6963,7066,8159,8307,9462,9939],[4.019381523748645,4.830311739964974,4.270695952029551,4.607168188650764,5.117993812416755,4.270695952029551,4.137164559405029,5.117993812416755,3.914021008090819,0.6753425559264385,4.137164559405029,4.019381523748645,0.691153161953081,5.117993812416755,0.6832166123573445,4.019381523748645,3.914021008090819,4.270695952029551,4.830311739964974,2.849310271098391,4.270695952029551,3.914021008090819,0.691153161953081,4.607168188650764])",1.0
R241,"['nation', 'four', 'always.', 'experts', 'discuss', 'ongoing', 'developments', 'public', 'health.']","(10000,[1243,1770,3614,4014,4506,4687,6219,6816,9462],[3.914021008090819,2.8844015909096608,0.6753425559264385,4.137164559405029,0.691153161953081,0.6832166123573445,3.125563647726549,4.830311739964974,0.691153161953081])",1.0
R198,"['free', 'team', 'relationship.', 'start', 'conference', 'discussion', 'church.', 'card', 'hard', 'fast', 'cut', 'thing', 'third.', 'experts', 'discuss', 'ongoing', 'developments', 'climate', 'change.']","(10000,[468,821,1073,1206,1320,2059,2144,2996,3614,3857,4506,4687,5125,5315,5657,8094,8151,9263,9462],[4.42484663185681,2.849310271098391,4.019381523748645,4.019381523748645,5.117993812416755,2.7200985396183848,4.42484663185681,3.6516567436233283,0.6753425559264385,4.607168188650764,0.691153161953081,0.6832166123573445,4.137164559405029,3.7316994512968646,4.019381523748645,3.914021008090819,4.019381523748645,3.914021008090819,0.691153161953081])",1.0
R229,"['agent', 'seek', 'ahead', 'east', 'power', 'media.', 'society', 'staff', 'set', 'dark', 'claim', 'difference', 'by.', 'experts', 'discuss', 'ongoing', 'developments', 'research.']","(10000,[171,327,697,1804,3056,3248,3614,4506,4687,5016,5342,6224,6576,7066,7866,8268,8937,9462],[4.137164559405029,3.8187108282864943,4.42484663185681,4.830311739964974,4.830311739964974,5.523458920524919,0.6753425559264385,0.691153161953081,0.6832166123573445,3.914021008090819,4.137164559405029,3.914021008090819,4.270695952029551,2.849310271098391,3.914021008090819,4.019381523748645,3.914021008090819,0.691153161953081])",1.0
R205,"['fear', 'scientist', 'begin', 'political', 'perhaps', 'fast', 'least.', 'explain', 'start', 'help', 'continue.', 'experts', 'discuss', 'ongoing', 'developments', 'public', 'health.']","(10000,[1259,1513,1770,2996,3163,3614,3935,4506,4687,5341,6219,6221,6226,9263,9347,9462,9513],[4.137164559405029,3.914021008090819,2.8844015909096608,3.6516567436233283,4.830311739964974,0.6753425559264385,4.137164559405029,0.691153161953081,0.6832166123573445,4.42484663185681,3.125563647726549,5.117993812416755,3.914021008090819,3.914021008090819,4.607168188650764,0.691153161953081,3.383392757028649])",1.0
F123,"['street', 'finish', 'difference', 'attack', 'ready', 'student.', 'view', 'often', 'blood.', 'offer', 'special.', '—', 'shocking', 'claims', 'celebrity', 'scandal', 'surface', 'internet.']","(10000,[7,503,1099,2958,3486,3684,4349,4921,5118,5693,5850,6557,6578,7281,7293,7866,7936,8338],[4.270695952029551,0.691153161953081,5.117993812416755,4.019381523748645,2.849310271098391,4.607168188650764,5.523458920524919,2.849310271098391,4.607168188650764,4.42484663185681,0.691153161953081,3.8187108282864943,4.830311739964974,0.6832166123573445,4.137164559405029,3.914021008090819,0.691153161953081,0.691153161953081])",0.0
F043,"['research', 'claim', 'particular.', 'case', 'answer', 'american', 'save', 'perform', 'usually', 'place.', '—', 'shocking', 'claims', 'celebrity', 'scandal', 'surface', 'internet.']","(10000,[503,1098,2990,3486,3619,4131,4520,4921,5850,6342,7281,7652,7936,8338,8633,8937,9432],[0.691153161953081,3.577548771469606,3.7316994512968646,2.849310271098391,4.019381523748645,5.523458920524919,4.42484663185681,2.849310271098391,0.691153161953081,4.270695952029551,0.6832166123573445,4.137164559405029,0.691153161953081,0.691153161953081,4.830311739964974,3.914021008090819,3.8187108282864943])",0.0
F097,"['relationship', 'realize', 'add.', 'blue', 'build', 'never', 'lead', 'usually', 'ready', 'glass.', 'manager', 'leave', 'base', 'feeling', 'daughter', 'mother', 'painting.', '—', 'shocking', 'claims', 'celebrity', 'scandal', 'surface', 'internet.']","(10000,[281,354,503,613,1582,1652,2913,2990,3014,3486,4260,4921,5356,5768,5850,6557,7138,7281,7623,7936,8173,8338,8344,9432],[4.137164559405029,4.270695952029551,0.691153161953081,3.914021008090819,3.8187108282864943,4.137164559405029,3.577548771469606,3.7316994512968646,3.914021008090819,2.849310271098391,4.019381523748645,2.849310271098391,4.42484663185681,4.019381523748645,0.691153161953081,3.8187108282864943,5.117993812416755,0.6832166123573445,5.117993812416755,0.691153161953081,3.7316994512968646,0.691153161953081,4.270695952029551,3.8187108282864943])",0.0
R014,"['week', 'continue', 'begin', 'fear.', 'service', 'crime', 'sort', 'prevent', 'teach', 'say.', 'experts', 'discuss', 'ongoing', 'developments', 'research.']","(10000,[731,743,1513,2252,3252,3614,4506,4687,5122,5720,5739,7066,7615,8522,9462],[4.42484663185681,3.6516567436233283,3.914021008090819,3.914021008090819,4.270695952029551,0.6753425559264385,0.691153161953081,0.6832166123573445,4.137164559405029,3.7316994512968646,4.42484663185681,2.849310271098391,5.117993812416755,4.019381523748645,0.691153161953081])",1.0
F005,"['huge', 'war', 'a.', 'allow', 'blood', 'practice', 'open.', 'science', 'difficult', 'market', 'memory.', '—', 'shocking', 'claims', 'flat', 'earth', 'surface', 'internet.']","(10000,[503,1712,2198,2359,2657,2918,3363,4280,4835,5850,6079,7281,7381,7936,8338,8389,8719,9676],[0.691153161953081,4.270695952029551,4.270695952029551,4.607168188650764,3.4440173788450834,3.0385522707369192,3.4440173788450834,4.830311739964974,4.607168188650764,0.691153161953081,4.830311739964974,0.6832166123573445,4.607168188650764,0.691153161953081,0.691153161953081,4.607168188650764,4.42484663185681,3.0385522707369192])",0.0
R234,"['nothing', 'establish.', 'similar', 'type', 'discussion', 'probably', 'election', 'stay.', 'south', 'time', 'education.', 'experts', 'discuss', 'ongoing', 'developments', 'research.']","(10000,[132,2297,3526,3614,4292,4506,4687,4816,5047,5315,5739,7046,7066,8157,9462,9766],[4.019381523748645,4.137164559405029,4.270695952029551,0.6753425559264385,3.8187108282864943,0.691153161953081,0.6832166123573445,4.019381523748645,2.60568818844064,3.7316994512968646,4.42484663185681,4.019381523748645,2.849310271098391,3.914021008090819,0.691153161953081,4.830311739964974])",1.0
F143,"['pick', 'ground', 'college.', 'success', 'food', 'article.', 'front', 'keep', 'them.', '—', 'shocking', 'claims', 'aliens', 'surface', 'internet.']","(10000,[503,504,650,5850,6340,6487,7281,7372,7936,8338,8653,8957,9578,9594,9828],[0.691153161953081,4.270695952029551,2.958509563063383,0.691153161953081,5.523458920524919,3.8187108282864943,0.6832166123573445,4.42484663185681,0.691153161953081,0.691153161953081,4.607168188650764,4.42484663185681,5.523458920524919,4.137164559405029,4.019381523748645])",0.0
R073,"['ahead', 'minute', 'yeah', 'trial.', 'bad', 'friend', 'foreign', 'receive.', 'experts', 'discuss', 'ongoing', 'developments', 'economic', 'growth.']","(10000,[488,2687,3032,3249,3357,3614,4506,4687,6206,7956,8268,9034,9144,9462],[4.137164559405029,5.523458920524919,4.607168188650764,3.8187108282864943,3.577548771469606,0.6753425559264385,0.691153161953081,0.6832166123573445,4.270695952029551,4.137164559405029,4.019381523748645,2.8844015909096608,2.6902455764687034,0.691153161953081])",1.0
R239,"['bit', 'major', 'tell', 'author', 'democratic.', 'expect', 'five.', 'drop', 'less', 'natural', 'join.', 'experts', 'discuss', 'ongoing', 'developments', 'education.']","(10000,[1058,1195,1776,1850,1989,3614,3691,4214,4506,4687,4988,5047,8577,9350,9462,9994],[4.137164559405029,3.7316994512968646,4.607168188650764,4.42484663185681,4.019381523748645,0.6753425559264385,4.42484663185681,5.117993812416755,0.691153161953081,0.6832166123573445,3.8187108282864943,2.60568818844064,4.830311739964974,4.42484663185681,0.691153161953081,4.607168188650764])",1.0
F181,"['magazine', 'child', 'entire.', 'perform', 'best', 'century', 'gun', 'identify', 'light', 'also.', '—', 'shocking', 'claims', 'aliens', 'surface', 'internet.']","(10000,[503,650,656,763,1098,1720,3967,5850,7244,7281,7841,7936,8121,8313,8338,8413],[0.691153161953081,2.958509563063383,4.607168188650764,4.137164559405029,3.577548771469606,4.42484663185681,4.137164559405029,0.691153161953081,3.577548771469606,0.6832166123573445,4.137164559405029,0.691153161953081,5.117993812416755,4.137164559405029,0.691153161953081,4.137164559405029])",0.0
R138,"['position', 'turn', 'leader.', 'operation', 'fund', 'school', 'field.', 'experts', 'discuss', 'ongoing', 'developments', 'election.']","(10000,[1339,2679,3132,3556,3614,3886,4506,4638,4687,5922,9462,9495],[4.137164559405029,4.607168188650764,5.117993812416755,2.849310271098391,0.6753425559264385,4.607168188650764,0.691153161953081,4.42484663185681,0.6832166123573445,4.270695952029551,0.691153161953081,5.523458920524919])",1.0
R172,"['early', 'production', 'third', 'state', 'much.', 'grow', 'improve', 'bed', 'politics', 'us', 'chair', 'table.', 'onto', 'let', 'today', 'protect', 'else.', 'remain', 'light', 'push.', 'experts', 'discuss', 'ongoing', 'developments', 'economic', 'growth.']","(10000,[681,1720,1808,2404,2408,3614,4092,4319,4506,4687,5205,5887,6404,6660,7074,7235,7634,8267,8353,8771,9034,9144,9462,9497,9757,9806],[4.42484663185681,4.42484663185681,4.137164559405029,4.607168188650764,4.137164559405029,0.6753425559264385,4.137164559405029,3.914021008090819,0.691153161953081,0.6832166123573445,4.607168188650764,3.914021008090819,3.914021008090819,4.270695952029551,3.0811118851557153,4.42484663185681,4.607168188650764,4.270695952029551,5.117993812416755,3.6516567436233283,2.8844015909096608,2.6902455764687034,0.691153161953081,4.607168188650764,5.117993812416755,3.914021008090819])",1.0
R143,"['trouble', 'clear', 'picture', 'rich', 'seek.', 'class', 'organization', 'significant', 'soon', 'discussion', 'at.', 'serve', 'study', 'head', 'human', 'hour', 'success.', 'experts', 'discuss', 'ongoing', 'developments', 'policy.']","(10000,[527,1041,1064,1364,1611,1725,2481,2909,2922,3614,4007,4224,4506,4687,5315,6212,6944,7152,8280,8303,8552,9462],[3.8187108282864943,3.577548771469606,4.607168188650764,4.137164559405029,4.019381523748645,4.137164559405029,3.8187108282864943,4.42484663185681,4.42484663185681,0.6753425559264385,4.42484663185681,4.607168188650764,0.691153161953081,0.6832166123573445,3.7316994512968646,4.270695952029551,2.7826188965997183,4.830311739964974,5.117993812416755,4.830311739964974,4.270695952029551,0.691153161953081])",1.0
F166,"['poor', 'experience', 'water', 'generation.', 'institution', 'continue', 'music', 'thousand.', '—', 'shocking', 'claims', 'mind', 'control', 'surface', 'internet.']","(10000,[503,743,1208,2589,3184,3243,3635,4695,5850,6370,6444,7281,7936,8103,8338],[0.691153161953081,3.6516567436233283,2.849310271098391,3.383392757028649,2.7826188965997183,4.830311739964974,3.8187108282864943,4.830311739964974,0.691153161953081,4.607168188650764,5.117993812416755,0.6832166123573445,0.691153161953081,4.607168188650764,0.691153161953081])",0.0
R003,"['either', 'say', 'conference', 'listen', 'nature.', 'bit', 'year', 'economic', 'suddenly', 'authority', 'majority.', 'interesting', 'perhaps', 'cold', 'whose.', 'experts', 'discuss', 'ongoing', 'developments', 'budget', 'report.']","(10000,[429,1176,1259,1989,3614,3634,3709,3920,4506,4687,4991,5432,5657,5862,6383,8346,8581,8899,9126,9144,9462],[4.270695952029551,4.137164559405029,4.137164559405029,4.019381523748645,0.6753425559264385,4.42484663185681,4.42484663185681,3.914021008090819,0.691153161953081,0.6832166123573445,2.60568818844064,2.7508701982851385,4.019381523748645,4.607168188650764,5.117993812416755,4.830311739964974,4.137164559405029,4.270695952029551,4.42484663185681,2.6902455764687034,0.691153161953081])",1.0
R167,"['military', 'assume', 'method', 'senior', 'bit.', 'meet', 'start', 'often', 'want', 'quickly', 'modern.', 'fact', 'simple', 'pm.', 'experts', 'discuss', 'ongoing', 'developments', 'climate', 'change.']","(10000,[7,78,821,1595,2059,2664,2913,2996,3391,3614,4144,4506,4687,5877,6015,6486,7215,7712,9462,9940],[4.270695952029551,4.830311739964974,2.849310271098391,5.117993812416755,2.7200985396183848,4.019381523748645,3.577548771469606,3.6516567436233283,4.607168188650764,0.6753425559264385,4.42484663185681,0.691153161953081,0.6832166123573445,4.42484663185681,4.270695952029551,4.830311739964974,4.42484663185681,4.607168188650764,0.691153161953081,4.42484663185681])",1.0
R183,"['possible', 'century', 'democratic', 'concern', 'policy', 'other.', 'outside', 'special', 'never', 'there.', 'experts', 'discuss', 'ongoing', 'developments', 'climate', 'change.']","(10000,[281,821,1055,1968,2059,3614,4142,4506,4687,5606,5804,6100,7841,8568,9231,9462],[4.137164559405029,2.849310271098391,4.137164559405029,4.42484663185681,2.7200985396183848,0.6753425559264385,4.270695952029551,0.691153161953081,0.6832166123573445,4.270695952029551,4.830311739964974,4.019381523748645,4.137164559405029,4.270695952029551,4.830311739964974,0.691153161953081])",1.0
R238,"['western', 'line', 'hold.', 'cultural', 'film', 'situation.', 'nation', 'million', 'base', 'on.', 'experts', 'discuss', 'ongoing', 'developments', 'technology', 'breakthrough.']","(10000,[23,477,524,1020,1182,2227,3614,4014,4506,4687,5003,5611,8173,8651,9233,9462],[5.117993812416755,5.523458920524919,3.6516567436233283,2.455405985391302,3.8187108282864943,2.7200985396183848,0.6753425559264385,4.137164559405029,0.691153161953081,0.6832166123573445,3.914021008090819,4.607168188650764,3.7316994512968646,3.914021008090819,4.270695952029551,0.691153161953081])",1.0
R041,"['beat', 'whole', 'exactly', 'class', 'movie', 'various', 'once.', 'evening', 'chair', 'fly', 'society', 'foreign', 'fall', 'quite.', 'pattern', 'republican', 'next', 'voice', 'major', 'question', 'challenge.', 'experts', 'discuss', 'ongoing', 'developments', 'election.']","(10000,[327,617,627,681,1058,1439,2096,2569,2947,3530,3556,3614,3729,4007,4506,4616,4687,5286,5944,6206,6647,8172,8273,8692,8878,9462],[3.8187108282864943,4.607168188650764,4.019381523748645,4.42484663185681,4.137164559405029,3.577548771469606,4.42484663185681,3.6516567436233283,4.270695952029551,4.42484663185681,2.849310271098391,0.6753425559264385,4.019381523748645,4.42484663185681,0.691153161953081,3.914021008090819,0.6832166123573445,3.7316994512968646,4.019381523748645,4.270695952029551,4.607168188650764,5.117993812416755,4.607168188650764,5.117993812416755,4.830311739964974,0.691153161953081])",1.0
F237,"['event', 'car', 'year', 'catch.', 'top', 'game', 'determine', 'official', 'create', 'compare', 'process', 'movement.', 'also', 'industry', 'must', 'themselves.', '—', 'shocking', 'claims', 'government', 'cover-up', 'surface', 'internet.']","(10000,[503,1023,1404,2259,3010,3674,3792,4395,5328,5850,5853,6426,7281,7728,7734,7936,8040,8338,8485,8899,8975,9246,9813],[0.691153161953081,3.8187108282864943,4.019381523748645,2.8154087194227095,3.6516567436233283,3.914021008090819,4.42484663185681,5.523458920524919,3.577548771469606,0.691153161953081,5.117993812416755,5.117993812416755,0.6832166123573445,4.42484663185681,4.270695952029551,0.691153161953081,3.8187108282864943,0.691153161953081,4.019381523748645,4.270695952029551,4.019381523748645,4.607168188650764,2.997730276216664])",0.0
R086,"['move', 'science', 'perform', 'common', 'seven', 'total', 'send.', 'right', 'small', 'measure', 'type', 'tv.', 'experts', 'discuss', 'ongoing', 'developments', 'research.']","(10000,[222,528,1098,1790,3363,3526,3614,4506,4687,5952,6279,6282,6332,7066,7850,8356,9462],[4.270695952029551,4.270695952029551,3.577548771469606,4.137164559405029,3.4440173788450834,4.270695952029551,0.6753425559264385,0.691153161953081,0.6832166123573445,4.830311739964974,4.019381523748645,4.270695952029551,4.270695952029551,2.849310271098391,4.137164559405029,5.117993812416755,0.691153161953081])",1.0
R240,"['single', 'spring', 'today', 'film', 'future', 'pull', 'officer.', 'bag', 'especially', 'night', 'movie', 'image.', 'experts', 'discuss', 'ongoing', 'developments', 'policy.']","(10000,[415,1439,1644,3614,4506,4687,5003,6488,6511,6597,6869,6944,7889,8173,9462,9604,9806],[3.8187108282864943,3.577548771469606,4.137164559405029,0.6753425559264385,0.691153161953081,0.6832166123573445,3.914021008090819,4.270695952029551,5.523458920524919,4.42484663185681,4.830311739964974,2.7826188965997183,3.8187108282864943,3.7316994512968646,0.691153161953081,5.523458920524919,3.914021008090819])",1.0
R133,"['indicate', 'term', 'claim', 'actually', 'international', 'draw', 'worry.', 'dark', 'available', 'past.', 'order', 'enter', 'common', 'daughter.', 'experts', 'discuss', 'ongoing', 'developments', 'public', 'health.']","(10000,[188,697,1226,1770,2188,2475,3308,3614,4506,4687,6219,6332,6447,6485,6836,7435,8167,8937,9231,9462],[4.42484663185681,4.42484663185681,4.137164559405029,2.8844015909096608,4.607168188650764,3.914021008090819,5.117993812416755,0.6753425559264385,0.691153161953081,0.6832166123573445,3.125563647726549,4.270695952029551,3.6516567436233283,5.117993812416755,4.830311739964974,4.019381523748645,3.914021008090819,3.914021008090819,4.830311739964974,0.691153161953081])",1.0
F044,"['perform', 'individual', 'long', 'training', 'wide.', 'book', 'together', 'contain', 'agree', 'scene.', 'rich', 'fear', 'eight', 'design', 'force', 'pay.', '—', 'shocking', 'claims', 'hoax', 'surface', 'internet.']","(10000,[391,393,503,1098,1676,3922,4321,4377,5850,6212,6925,7281,7493,7538,7936,8312,8338,8482,8614,8904,9372,9513],[4.270695952029551,4.019381523748645,0.691153161953081,3.577548771469606,5.523458920524919,4.019381523748645,4.607168188650764,2.60568818844064,0.691153161953081,4.270695952029551,4.607168188650764,0.6832166123573445,4.019381523748645,3.8187108282864943,0.691153161953081,3.914021008090819,0.691153161953081,4.270695952029551,4.270695952029551,4.42484663185681,4.42484663185681,3.383392757028649])",0.0
F125,"['also', 'door', 'several', 'woman', 'drop.', 'ready', 'discuss', 'beat', 'picture', 'west.', 'list', 'offer', 'good', 'bill', 'on.', '—', 'shocking', 'claims', 'government', 'cover-up', 'surface', 'internet.']","(10000,[503,2259,2481,2569,2958,3614,3792,4563,4847,5611,5850,5987,6168,6557,7281,7936,8135,8338,8728,8852,9227,9813],[0.691153161953081,2.8154087194227095,3.8187108282864943,3.6516567436233283,4.019381523748645,0.6753425559264385,4.42484663185681,4.137164559405029,4.019381523748645,4.607168188650764,0.691153161953081,5.117993812416755,4.019381523748645,3.8187108282864943,0.6832166123573445,0.691153161953081,4.830311739964974,0.691153161953081,3.6516567436233283,5.117993812416755,4.270695952029551,2.997730276216664])",0.0
F165,"['major', 'person', 'crime', 'seek.', 'total', 'long', 'leader', 'away', 'particular', 'mother', 'loss.', 'small', 'single', 'seem', 'still', 'particularly', 'ready', 'body', 'safe.', 'major', 'trip', 'book', 'surface.', '—', 'shocking', 'claims', 'secret', 'cure', 'surface', 'internet.']","(10000,[222,354,393,503,690,731,841,1058,1526,2091,2588,2922,3249,3712,3737,3892,5417,5782,5850,6279,6443,6557,6747,7281,7889,7936,8338,8904,8984],[4.270695952029551,4.270695952029551,4.019381523748645,0.691153161953081,4.830311739964974,4.42484663185681,4.607168188650764,8.274329118810059,3.577548771469606,5.117993812416755,4.270695952029551,4.42484663185681,3.8187108282864943,4.270695952029551,3.914021008090819,2.5530444549552183,5.117993812416755,4.270695952029551,0.691153161953081,4.019381523748645,3.383392757028649,3.8187108282864943,2.5530444549552183,0.6832166123573445,3.8187108282864943,0.691153161953081,0.691153161953081,4.42484663185681,4.137164559405029])",0.0
F137,"['expert', 'drug', 'true', 'top', 'decision', 'reason.', 'society', 'store', 'challenge', 'property', 'end.', 'loss', 'professor', 'event', 'sign', 'design.', '—', 'shocking', 'claims', 'flat', 'earth', 'surface', 'internet.']","(10000,[327,503,914,2193,2543,2733,2918,4959,5328,5329,5375,5850,5935,6756,7184,7188,7281,7425,7728,7860,7936,8338,9676],[3.8187108282864943,0.691153161953081,4.137164559405029,4.019381523748645,4.019381523748645,5.117993812416755,3.0385522707369192,4.830311739964974,3.577548771469606,4.137164559405029,4.830311739964974,0.691153161953081,4.830311739964974,3.914021008090819,4.019381523748645,4.137164559405029,0.6832166123573445,5.523458920524919,4.42484663185681,2.849310271098391,0.691153161953081,0.691153161953081,3.0385522707369192])",0.0
R088,"['interesting', 'company', 'behind', 'community', 'city.', 'across', 'sense.', 'experts', 'discuss', 'ongoing', 'developments', 'research.']","(10000,[206,353,942,3614,3634,4346,4506,4687,7066,7074,8174,9462],[5.117993812416755,4.019381523748645,4.607168188650764,0.6753425559264385,4.42484663185681,3.914021008090819,0.691153161953081,0.6832166123573445,2.849310271098391,3.0811118851557153,4.830311739964974,0.691153161953081])",1.0
R169,"['wish', 'product', 'peace', 'protect', 'foot.', 'fear', 'party', 'guess', 'necessary', 'mind', 'difficult.', 'difference', 'none', 'structure', 'meeting.', 'experts', 'discuss', 'ongoing', 'developments', 'technology', 'breakthrough.']","(10000,[447,495,1020,1379,2041,2227,2996,3184,3614,4506,4687,6697,7032,7235,7337,7866,7979,8660,9462,9513,9831],[4.42484663185681,4.270695952029551,2.455405985391302,4.42484663185681,5.117993812416755,2.7200985396183848,3.6516567436233283,2.7826188965997183,0.6753425559264385,0.691153161953081,0.6832166123573445,4.42484663185681,5.117993812416755,4.42484663185681,5.117993812416755,3.914021008090819,4.42484663185681,4.42484663185681,0.691153161953081,3.383392757028649,4.137164559405029])",1.0
R193,"['deep', 'measure', 'decide', 'summer', 'choice.', 'anything', 'assume', 'growth', 'research.', 'bank', 'level', 'popular', 'usually.', 'experts', 'discuss', 'ongoing', 'developments', 'technology', 'breakthrough.']","(10000,[320,528,779,1020,1499,1762,2114,2227,2664,3614,4506,4687,6148,6652,7066,8293,8982,9462,9481],[4.137164559405029,4.270695952029551,4.830311739964974,2.455405985391302,4.019381523748645,4.42484663185681,4.830311739964974,2.7200985396183848,4.019381523748645,0.6753425559264385,0.691153161953081,0.6832166123573445,3.8187108282864943,5.117993812416755,2.849310271098391,4.42484663185681,4.270695952029551,0.691153161953081,3.8187108282864943])",1.0
F247,"['single', 'cultural', 'surface', 'partner.', 'lose', 'work', 'language.', 'newspaper', 'grow', 'big', 'perform', 'pm', 'edge', 'wait.', 'describe', 'customer', 'past', 'hit', 'option', 'bill.', '—', 'shocking', 'claims', 'mind', 'control', 'surface', 'internet.']","(10000,[503,1098,1208,1413,2404,3048,3184,3204,3238,3921,4422,4590,5850,6063,7026,7085,7281,7889,7936,8252,8338,9233,9275,9527,9613,9998],[0.691153161953081,3.577548771469606,2.849310271098391,4.830311739964974,4.607168188650764,4.270695952029551,2.7826188965997183,5.117993812416755,4.270695952029551,4.019381523748645,4.607168188650764,5.523458920524919,0.691153161953081,5.523458920524919,4.830311739964974,4.270695952029551,1.366433224714689,3.8187108282864943,0.691153161953081,3.914021008090819,0.691153161953081,4.270695952029551,3.914021008090819,4.42484663185681,4.270695952029551,4.607168188650764])",0.0
R179,"['operation', 'build', 'voice', 'sea.', 'experts', 'discuss', 'ongoing', 'developments', 'technology', 'breakthrough.']","(10000,[1020,2227,3014,3530,3614,4506,4687,5268,5922,9462],[2.455405985391302,2.7200985396183848,3.914021008090819,4.42484663185681,0.6753425559264385,0.691153161953081,0.6832166123573445,4.137164559405029,4.270695952029551,0.691153161953081])",1.0
F138,"['deep', 'remain', 'travel', 'chance', 'realize.', 'address', 'shake.', 'join', 'lay', 'family', 'teacher', 'policy.', '—', 'shocking', 'claims', 'immortal', 'jellyfish', 'surface', 'internet.']","(10000,[346,503,1762,2066,2710,4454,4475,5205,5850,6176,6944,7281,7936,8297,8338,8681,8708,8952,9876],[4.42484663185681,0.691153161953081,4.42484663185681,2.7508701982851385,4.830311739964974,3.914021008090819,4.019381523748645,4.607168188650764,0.691153161953081,5.523458920524919,2.7826188965997183,0.6832166123573445,0.691153161953081,4.830311739964974,0.691153161953081,4.270695952029551,3.5085558999826545,4.42484663185681,2.7508701982851385])",0.0
R017,"['least', 'foreign', 'close', 'knowledge', 'teach', 'avoid.', 'hope', 'note', 'cover', 'foot.', 'product', 'indeed', 'hand', 'knowledge', 'son', 'plant.', 'experts', 'discuss', 'ongoing', 'developments', 'policy.']","(10000,[209,447,1175,1634,2041,3423,3497,3614,4506,4687,4934,6000,6104,6206,6944,7178,7864,8522,9462,9909],[4.607168188650764,4.42484663185681,4.830311739964974,4.137164559405029,5.117993812416755,4.42484663185681,4.019381523748645,0.6753425559264385,0.691153161953081,0.6832166123573445,4.270695952029551,3.8187108282864943,4.270695952029551,4.270695952029551,2.7826188965997183,5.523458920524919,7.828042016181638,4.019381523748645,0.691153161953081,4.42484663185681])",1.0
F090,"['church', 'town', 'outside', 'table', 'away', 'network.', 'job', 'learn', 'bar', 'mission', 'give', 'almost.', '—', 'shocking', 'claims', 'mind', 'control', 'surface', 'internet.']","(10000,[503,557,1140,1208,1273,3184,3737,3783,3931,4715,5850,5967,6069,7281,7332,7515,7936,8338,8568],[0.691153161953081,3.914021008090819,5.523458920524919,2.849310271098391,3.577548771469606,2.7826188965997183,3.914021008090819,4.137164559405029,3.914021008090819,4.137164559405029,0.691153161953081,4.270695952029551,3.7316994512968646,0.6832166123573445,4.607168188650764,4.607168188650764,0.691153161953081,0.691153161953081,4.270695952029551])",0.0
F222,"['still', 'sort', 'difficult', 'minute', 'walk', 'prevent.', 'job', 'much', 'many', 'section', 'amount', 'seek', 'third.', 'go', 'boy', 'cover', 'teacher', 'network.', '—', 'shocking', 'claims', 'mind', 'control', 'surface', 'internet.']","(10000,[157,171,503,524,557,1208,1712,2338,3184,3357,3712,5188,5720,5850,6104,6142,6451,6968,7222,7281,7515,7936,8151,8338,8708],[3.7316994512968646,4.137164559405029,0.691153161953081,3.6516567436233283,3.914021008090819,2.849310271098391,4.270695952029551,5.117993812416755,2.7826188965997183,3.577548771469606,4.270695952029551,4.019381523748645,3.7316994512968646,0.691153161953081,4.270695952029551,4.270695952029551,3.577548771469606,4.270695952029551,4.137164559405029,0.6832166123573445,4.607168188650764,0.691153161953081,4.019381523748645,0.691153161953081,3.5085558999826545])",0.0
R114,"['technology', 'reveal', 'leader', 'describe', 'happy.', 'source', 'center', 'smile', 'every', 'cost', 'finally', 'popular.', 'bank', 'administration', 'education.', 'experts', 'discuss', 'ongoing', 'developments', 'climate', 'change.']","(10000,[821,1020,1480,1507,1526,1817,2059,2713,2956,3614,4490,4506,4687,5047,5185,7085,7721,7786,8982,9462,9681],[2.849310271098391,2.455405985391302,4.137164559405029,4.019381523748645,3.577548771469606,4.270695952029551,2.7200985396183848,4.270695952029551,5.523458920524919,0.6753425559264385,4.019381523748645,0.691153161953081,0.6832166123573445,2.60568818844064,4.137164559405029,4.270695952029551,4.137164559405029,5.117993812416755,4.270695952029551,0.691153161953081,3.5085558999826545])",1.0
F235,"['sign', 'response', 'apply', 'yes', 'event', 'member.', 'structure', 'car', 'cell', 'chance', 'admit.', '—', 'shocking', 'claims', 'celebrity', 'scandal', 'surface', 'internet.']","(10000,[346,503,2403,2445,2996,3210,3486,3674,3761,4921,5044,5850,6756,7281,7312,7728,7936,8338],[4.42484663185681,0.691153161953081,4.42484663185681,4.137164559405029,3.6516567436233283,4.607168188650764,2.849310271098391,3.914021008090819,5.523458920524919,2.849310271098391,4.270695952029551,0.691153161953081,3.914021008090819,0.6832166123573445,4.42484663185681,4.42484663185681,0.691153161953081,0.691153161953081])",0.0
F185,"['base', 'occur', 'edge', 'boy', 'yet.', 'every', 'left', 'speak', 'manager', 'name', 'make.', '—', 'shocking', 'claims', 'hoax', 'surface', 'internet.']","(10000,[15,157,503,1652,1662,1921,3882,3921,4377,4732,5850,7281,7576,7936,8173,8338,9681],[3.8187108282864943,3.7316994512968646,0.691153161953081,4.137164559405029,3.7316994512968646,3.8187108282864943,4.830311739964974,4.019381523748645,2.60568818844064,4.137164559405029,0.691153161953081,0.6832166123573445,5.117993812416755,0.691153161953081,3.7316994512968646,0.691153161953081,3.5085558999826545])",0.0
F221,"['support', 'perhaps', 'health', 'hour', 'marriage.', 'resource', 'expect', 'class', 'sit', 'organization.', 'social', 'nothing', 'election.', '—', 'shocking', 'claims', 'flat', 'earth', 'surface', 'internet.']","(10000,[503,527,823,1259,1344,1670,2918,3556,3691,4007,4292,5850,6946,7281,7936,8217,8270,8338,8805,9676],[0.691153161953081,3.8187108282864943,3.7316994512968646,4.137164559405029,4.830311739964974,4.270695952029551,3.0385522707369192,2.849310271098391,4.42484663185681,4.42484663185681,3.8187108282864943,0.691153161953081,4.137164559405029,0.6832166123573445,0.691153161953081,4.270695952029551,5.523458920524919,0.691153161953081,4.019381523748645,3.0385522707369192])",0.0
F054,"['soldier', 'dinner', 'economic', 'believe.', '—', 'shocking', 'claims', 'secret', 'cure', 'surface', 'internet.']","(10000,[503,586,2240,3892,4141,5850,6747,7281,7936,8338,9144],[0.691153161953081,4.830311739964974,5.117993812416755,2.5530444549552183,4.42484663185681,0.691153161953081,2.5530444549552183,0.6832166123573445,0.691153161953081,0.691153161953081,2.6902455764687034])",0.0
R000,"['serve', 'strategy', 'teach', 'house', 'shake', 'arrive.', 'experts', 'discuss', 'ongoing', 'developments', 'public', 'health.']","(10000,[1725,1770,2180,2291,3614,4506,4687,5836,5842,6219,8522,9462],[4.137164559405029,2.8844015909096608,4.019381523748645,4.830311739964974,0.6753425559264385,0.691153161953081,0.6832166123573445,4.830311739964974,5.117993812416755,3.125563647726549,4.019381523748645,0.691153161953081])",1.0
R178,"['scientist', 'effect', 'nice', 'into.', 'open', 'politics', 'animal', 'find', 'game', 'cover.', 'experts', 'discuss', 'ongoing', 'developments', 'budget', 'report.']","(10000,[442,3370,3614,4506,4687,4991,5432,5783,5887,6226,6324,7360,7510,8867,8975,9462],[5.523458920524919,4.607168188650764,0.6753425559264385,0.691153161953081,0.6832166123573445,2.60568818844064,2.7508701982851385,4.830311739964974,3.914021008090819,3.914021008090819,4.019381523748645,4.607168188650764,3.914021008090819,4.830311739964974,4.019381523748645,0.691153161953081])",1.0
F006,"['glass', 'none', 'left', 'source', 'majority', 'movie', 'join.', 'quite', 'truth', 'lead', 'star', 'argue', 'loss.', 'money', 'necessary', 'little.', '—', 'shocking', 'claims', 'hoax', 'surface', 'internet.']","(10000,[503,690,1439,1662,2069,3730,4377,5170,5356,5850,6056,6103,6932,7281,7709,7721,7936,7979,8338,9244,9831,9994],[0.691153161953081,4.830311739964974,3.577548771469606,3.7316994512968646,4.830311739964974,4.270695952029551,2.60568818844064,4.270695952029551,4.42484663185681,0.691153161953081,4.019381523748645,4.270695952029551,4.270695952029551,0.6832166123573445,4.830311739964974,4.137164559405029,0.691153161953081,4.42484663185681,0.691153161953081,4.137164559405029,4.137164559405029,4.607168188650764])",0.0
F174,"['material', 'purpose', 'woman', 'prepare', 'health.', 'half', 'money', 'teach', 'hundred.', 'special', 'lot', 'arrive.', '—', 'shocking', 'claims', 'secret', 'cure', 'surface', 'internet.']","(10000,[503,1055,1780,2286,3231,3892,4563,4943,5842,5850,6103,6219,6747,7281,7692,7936,8089,8338,8522],[0.691153161953081,4.137164559405029,3.7316994512968646,4.019381523748645,4.42484663185681,2.5530444549552183,4.137164559405029,4.137164559405029,5.117993812416755,0.691153161953081,4.270695952029551,3.125563647726549,2.5530444549552183,0.6832166123573445,5.117993812416755,0.691153161953081,3.914021008090819,0.691153161953081,4.019381523748645])",0.0
R009,"['speech', 'left', 'door', 'go.', 'little', 'agency', 'election', 'early.', 'experts', 'discuss', 'ongoing', 'developments', 'election.']","(10000,[132,502,765,1590,1662,3556,3614,3753,4506,4687,4702,4847,9462],[4.019381523748645,4.137164559405029,4.019381523748645,4.270695952029551,3.7316994512968646,2.849310271098391,0.6753425559264385,4.830311739964974,0.691153161953081,0.6832166123573445,4.607168188650764,4.019381523748645,0.691153161953081])",1.0
R122,"['people', 'image', 'soon', 'within', 'better', 'word.', 'major', 'carry', 'store', 'woman', 'fly.', 'level', 'career', 'never', 'money', 'program', 'nation.', 'experts', 'discuss', 'ongoing', 'developments', 'economic', 'growth.']","(10000,[281,454,573,1041,1058,1499,2543,3614,4263,4506,4563,4687,4930,5006,5303,6103,7184,7230,7725,9034,9144,9462,9817],[4.137164559405029,3.914021008090819,4.830311739964974,3.577548771469606,4.137164559405029,4.019381523748645,4.019381523748645,0.6753425559264385,4.830311739964974,0.691153161953081,4.137164559405029,0.6832166123573445,3.6516567436233283,5.117993812416755,4.830311739964974,4.270695952029551,4.019381523748645,5.117993812416755,5.117993812416755,2.8844015909096608,2.6902455764687034,0.691153161953081,3.577548771469606])",1.0
F189,"['alone', 'information', 'agency', 'plan', 'moment.', 'cut', 'personal', 'whether', 'study', 'economy', 'draw', 'station', 'door.', 'hit', 'choice', 'line', 'nation', 'ability', 'power.', '—', 'shocking', 'claims', 'immortal', 'jellyfish', 'surface', 'internet.']","(10000,[217,503,765,1029,1182,1206,2066,2492,3406,3681,4014,4096,4224,5850,6053,6123,6609,7281,7936,7939,8167,8190,8252,8338,8415,9876],[4.42484663185681,0.691153161953081,4.019381523748645,4.270695952029551,3.8187108282864943,4.019381523748645,2.7508701982851385,4.270695952029551,3.914021008090819,4.42484663185681,4.137164559405029,5.117993812416755,4.607168188650764,0.691153161953081,3.577548771469606,4.607168188650764,5.523458920524919,0.6832166123573445,0.691153161953081,4.137164559405029,3.914021008090819,3.914021008090819,3.914021008090819,0.691153161953081,4.270695952029551,2.7508701982851385])",0.0
R146,"['actually', 'science', 'however', 'meeting', 'message', 'us.', 'around', 'spend', 'value', 'traditional', 'civil', 'democrat', 'live.', 'everyone', 'mean', 'office', 'right.', 'experts', 'discuss', 'ongoing', 'developments', 'technology', 'breakthrough.']","(10000,[20,353,593,909,911,1020,2227,2660,2715,2929,3363,3614,4486,4506,4687,5234,6197,6447,7403,8344,8893,9462,9679],[4.270695952029551,4.019381523748645,4.137164559405029,4.42484663185681,4.607168188650764,2.455405985391302,2.7200985396183848,4.830311739964974,4.137164559405029,5.523458920524919,3.4440173788450834,0.6753425559264385,4.830311739964974,0.691153161953081,0.6832166123573445,4.830311739964974,4.270695952029551,3.6516567436233283,4.270695952029551,4.270695952029551,3.7316994512968646,0.691153161953081,5.523458920524919])",1.0
R022,"['begin', 'miss', 'beautiful', 'black', 'wide', 'far.', 'per', 'marriage', 'evening', 'theory', 'safe', 'born', 'war', 'cover.', 'far', 'accept.', 'experts', 'discuss', 'ongoing', 'developments', 'climate', 'change.']","(10000,[298,821,1071,1273,1352,1468,1513,1948,2059,2571,2836,3614,4158,4506,4687,5286,6229,7642,8719,8867,9462,9545],[4.270695952029551,2.849310271098391,4.137164559405029,3.577548771469606,5.523458920524919,4.607168188650764,3.914021008090819,4.830311739964974,2.7200985396183848,5.523458920524919,3.914021008090819,0.6753425559264385,4.830311739964974,0.691153161953081,0.6832166123573445,3.7316994512968646,4.270695952029551,4.137164559405029,4.42484663185681,4.830311739964974,0.691153161953081,4.42484663185681])",1.0
F177,"['television', 'everybody', 'population', 'sound', 'often.', 'vote', 'oil', 'child', 'student', 'usually', 'instead.', 'include', 'science', 'since', 'pull.', '—', 'shocking', 'claims', 'aliens', 'surface', 'internet.']","(10000,[503,650,1612,1955,2561,2953,2990,3363,3536,5850,6035,6166,6287,7244,7281,7936,8338,8713,8757,9214,9258],[0.691153161953081,2.958509563063383,5.523458920524919,5.523458920524919,4.607168188650764,4.42484663185681,3.7316994512968646,3.4440173788450834,4.830311739964974,0.691153161953081,3.4440173788450834,4.137164559405029,4.019381523748645,3.577548771469606,0.6832166123573445,0.691153161953081,0.691153161953081,4.42484663185681,4.42484663185681,3.914021008090819,4.830311739964974])",0.0
F021,"['letter', 'report', 'say.', 'need', 'movement', 'firm.', 'two', 'board', 'reduce.', 'day', 'letter', 'single', 'interesting', 'serious', 'onto', 'fight.', '—', 'shocking', 'claims', 'secret', 'cure', 'surface', 'internet.']","(10000,[503,564,1117,2551,3634,3892,4319,4687,4728,5294,5739,5850,6077,6505,6537,6747,7281,7454,7889,7936,8338,9133],[0.691153161953081,8.541391904059102,4.270695952029551,4.830311739964974,4.42484663185681,2.5530444549552183,3.914021008090819,0.6832166123573445,4.830311739964974,4.607168188650764,4.42484663185681,0.691153161953081,4.270695952029551,4.270695952029551,4.42484663185681,2.5530444549552183,0.6832166123573445,4.42484663185681,3.8187108282864943,0.691153161953081,0.691153161953081,5.117993812416755])",0.0
R039,"['course', 'eye', 'main', 'suddenly', 'effort', 'beat', 'outside.', 'line', 'kitchen', 'open', 'own.', 'southern', 'site', 'buy', 'media', 'few.', 'able', 'else', 'future', 'design', 'according', 'beautiful', 'leader', 'so.', 'experts', 'discuss', 'ongoing', 'developments', 'economic', 'growth.']","(10000,[80,682,756,1182,1209,1273,1341,1526,1637,1783,2569,3496,3614,3652,3743,3922,4506,4687,5034,5726,5783,5891,6488,7564,7813,7954,8581,9034,9144,9462],[4.137164559405029,5.523458920524919,4.830311739964974,3.8187108282864943,4.42484663185681,3.577548771469606,4.42484663185681,3.577548771469606,4.42484663185681,5.523458920524919,3.6516567436233283,3.6516567436233283,0.6753425559264385,4.42484663185681,4.42484663185681,4.019381523748645,0.691153161953081,0.6832166123573445,4.607168188650764,3.5085558999826545,4.830311739964974,4.607168188650764,4.270695952029551,4.830311739964974,4.42484663185681,5.523458920524919,4.137164559405029,2.8844015909096608,2.6902455764687034,0.691153161953081])",1.0
F061,"['memory', 'speech', 'expect', 'sure', 'response', 'away.', 'issue', 'conference', 'education', 'policy', 'responsibility.', '—', 'shocking', 'claims', 'miracle', 'drug', 'surface', 'internet.']","(10000,[502,503,1256,1821,2445,2523,3691,4142,5530,5657,5850,6616,6830,6941,7281,7860,7936,8338],[4.137164559405029,0.691153161953081,3.125563647726549,4.607168188650764,4.137164559405029,5.117993812416755,4.42484663185681,4.270695952029551,4.607168188650764,4.019381523748645,0.691153161953081,4.137164559405029,5.117993812416755,3.7316994512968646,0.6832166123573445,2.849310271098391,0.691153161953081,0.691153161953081])",0.0
R057,"['summer', 'eat', 'red', 'guy', 'center.', 'company', 'choose', 'prepare', 'piece', 'way', 'language.', 'experts', 'discuss', 'ongoing', 'developments', 'technology', 'breakthrough.']","(10000,[52,94,942,1020,2227,2286,3133,3614,4506,4687,6575,7276,9391,9462,9481,9706,9998],[4.019381523748645,4.42484663185681,4.607168188650764,2.455405985391302,2.7200985396183848,4.019381523748645,4.019381523748645,0.6753425559264385,0.691153161953081,0.6832166123573445,5.117993812416755,4.019381523748645,3.7316994512968646,0.691153161953081,3.8187108282864943,4.137164559405029,4.607168188650764])",1.0
F154,"['leader', 'actually', 'blood', 'yeah.', 'network', 'effort', 'true', 'medical.', 'leave', 'find', 'itself.', '—', 'shocking', 'claims', 'immortal', 'jellyfish', 'surface', 'internet.']","(10000,[503,1526,2066,2359,2862,2913,5726,5850,6447,7188,7281,7510,7936,8134,8338,9152,9210,9876],[0.691153161953081,3.577548771469606,2.7508701982851385,4.607168188650764,5.117993812416755,3.577548771469606,3.5085558999826545,0.691153161953081,3.6516567436233283,4.137164559405029,0.6832166123573445,3.914021008090819,0.691153161953081,5.117993812416755,0.691153161953081,4.42484663185681,4.607168188650764,2.7508701982851385])",0.0
F052,"['share', 'individual', 'charge', 'direction.', 'health', 'song', 'source.', '—', 'shocking', 'claims', 'mind', 'control', 'surface', 'internet.']","(10000,[503,1208,3184,3707,3947,5850,6812,7281,7350,7936,8338,8614,8805,9547],[0.691153161953081,2.849310271098391,2.7826188965997183,5.523458920524919,4.830311739964974,0.691153161953081,4.607168188650764,0.6832166123573445,4.270695952029551,0.691153161953081,0.691153161953081,4.270695952029551,4.019381523748645,5.117993812416755])",0.0
F124,"['history', 'reduce', 'trial.', 'scientist', 'president', 'deal', 'glass', 'recent', 'letter.', 'present', 'available', 'television', 'wall', 'congress', 'left', 'staff.', '—', 'shocking', 'claims', 'flat', 'earth', 'surface', 'internet.']","(10000,[503,1306,1433,1662,2475,2918,3032,4300,5591,5850,6226,6404,6543,6932,7281,7936,8130,8159,8338,8713,8728,9073,9676],[0.691153161953081,3.7316994512968646,4.270695952029551,3.7316994512968646,3.914021008090819,3.0385522707369192,4.607168188650764,4.607168188650764,4.42484663185681,0.691153161953081,3.914021008090819,3.914021008090819,4.270695952029551,4.270695952029551,0.6832166123573445,0.691153161953081,4.270695952029551,4.270695952029551,0.691153161953081,4.42484663185681,3.6516567436233283,5.523458920524919,3.0385522707369192])",0.0
R071,"['wind', 'everything', 'trade.', 'bad', 'try.', 'traditional.', 'experts', 'discuss', 'ongoing', 'developments', 'budget', 'report.']","(10000,[2558,2900,3614,3960,4506,4687,4991,5432,7166,7956,9156,9462],[4.42484663185681,5.523458920524919,0.6753425559264385,5.117993812416755,0.691153161953081,0.6832166123573445,2.60568818844064,2.7508701982851385,4.830311739964974,4.137164559405029,3.7316994512968646,0.691153161953081])",1.0
R152,"['experience', 'success', 'fear', 'activity', 'capital.', 'prove', 'system', 'find', 'west', 'color.', 'field', 'go', 'commercial', 'measure', 'believe', 'born.', 'experts', 'discuss', 'ongoing', 'developments', 'budget', 'report.']","(10000,[101,528,533,2494,3286,3614,3635,3996,4506,4687,4991,5085,5214,5432,6443,6451,7074,7510,8110,9462,9513,9828],[4.830311739964974,4.270695952029551,4.607168188650764,5.523458920524919,4.830311739964974,0.6753425559264385,3.8187108282864943,4.137164559405029,0.691153161953081,0.6832166123573445,2.60568818844064,3.5085558999826545,4.42484663185681,2.7508701982851385,3.383392757028649,3.577548771469606,3.0811118851557153,3.914021008090819,4.830311739964974,0.691153161953081,3.383392757028649,4.019381523748645])",1.0
F038,"['teach', 'answer', 'moment', 'actually', 'still', 'worry', 'collection', 'green.', 'success', 'feeling', 'organization', 'water', 'system', 'often.', 'page', 'audience', 'tough', 'civil', 'southern.', '—', 'shocking', 'claims', 'mind', 'control', 'surface', 'internet.']","(10000,[503,593,613,1208,1312,1364,1417,2589,2827,3184,3401,3619,3712,3996,5447,5850,6447,7016,7281,7936,8209,8338,8343,8522,8757,9828],[0.691153161953081,4.137164559405029,3.914021008090819,2.849310271098391,4.42484663185681,4.137164559405029,5.117993812416755,3.383392757028649,4.137164559405029,2.7826188965997183,4.607168188650764,4.019381523748645,4.270695952029551,4.137164559405029,3.5085558999826545,0.691153161953081,3.6516567436233283,5.523458920524919,0.6832166123573445,0.691153161953081,4.019381523748645,0.691153161953081,4.270695952029551,4.019381523748645,4.42484663185681,4.019381523748645])",0.0
F101,"['heart', 'well', 'difficult', 'congress', 'tough.', 'prepare', 'interview', 'explain', 'size', 'way', 'tax.', '—', 'shocking', 'claims', 'immortal', 'jellyfish', 'surface', 'internet.']","(10000,[157,503,1712,2066,2286,3192,4529,5341,5850,6035,7036,7281,7936,8338,8728,9391,9808,9876],[3.7316994512968646,0.691153161953081,4.270695952029551,2.7508701982851385,4.019381523748645,4.42484663185681,5.117993812416755,4.42484663185681,0.691153161953081,3.4440173788450834,4.830311739964974,0.6832166123573445,0.691153161953081,0.691153161953081,3.6516567436233283,3.7316994512968646,4.42484663185681,2.7508701982851385])",0.0
F203,"['interview', 'industry', 'week', 'time', 'laugh', 'run.', 'catch', 'order', 'war', 'knowledge', 'per.', 'six', 'across', 'miss', 'reflect', 'treatment', 'including', 'scientist', 'institution.', '—', 'shocking', 'claims', 'celebrity', 'scandal', 'surface', 'internet.']","(10000,[503,1071,1226,1236,3010,3486,4921,5122,5321,5401,5850,6035,6226,7074,7098,7180,7281,7334,7864,7912,7936,7949,8015,8157,8338,8719],[0.691153161953081,4.137164559405029,4.137164559405029,5.523458920524919,3.6516567436233283,2.849310271098391,2.849310271098391,4.137164559405029,4.270695952029551,4.607168188650764,0.691153161953081,3.4440173788450834,3.914021008090819,3.0811118851557153,4.270695952029551,5.523458920524919,0.6832166123573445,4.019381523748645,3.914021008090819,5.117993812416755,0.691153161953081,4.42484663185681,4.019381523748645,3.914021008090819,0.691153161953081,4.42484663185681])",0.0
F192,"['even', 'gas', 'rule', 'true', 'issue.', 'never', 'sea', 'still', 'read', 'woman.', 'memory', 'information', 'create.', '—', 'shocking', 'claims', 'government', 'cover-up', 'surface', 'internet.']","(10000,[281,343,503,1278,2259,3378,3712,5607,5850,6406,6808,6941,7188,7281,7650,7936,8190,8338,9617,9813],[4.137164559405029,4.137164559405029,0.691153161953081,5.523458920524919,2.8154087194227095,4.830311739964974,4.270695952029551,4.270695952029551,0.691153161953081,4.270695952029551,4.830311739964974,3.7316994512968646,4.137164559405029,0.6832166123573445,4.607168188650764,0.691153161953081,3.914021008090819,0.691153161953081,4.607168188650764,2.997730276216664])",0.0
R189,"['people', 'choose', 'approach', 'rather', 'necessary', 'up.', 'job', 'us', 'cause', 'think', 'participant', 'still.', 'try', 'cup.', 'experts', 'discuss', 'ongoing', 'developments', 'climate', 'change.']","(10000,[316,557,796,821,1649,2059,2335,2837,3095,3614,4263,4506,4687,4693,5396,6660,7979,9300,9462,9706],[3.914021008090819,3.914021008090819,4.270695952029551,2.849310271098391,4.607168188650764,2.7200985396183848,4.137164559405029,3.8187108282864943,4.019381523748645,0.6753425559264385,4.830311739964974,0.691153161953081,0.6832166123573445,3.914021008090819,4.270695952029551,4.270695952029551,4.42484663185681,4.830311739964974,0.691153161953081,4.137164559405029])",1.0
R098,"['specific', 'hear', 'peace', 'travel', 'before.', 'away', 'perform.', 'experts', 'discuss', 'ongoing', 'developments', 'election.']","(10000,[2059,3556,3614,3737,4506,4687,4842,6697,7696,8681,9462,9513],[2.7200985396183848,2.849310271098391,0.6753425559264385,3.914021008090819,0.691153161953081,0.6832166123573445,4.137164559405029,4.42484663185681,5.117993812416755,4.270695952029551,0.691153161953081,3.383392757028649])",1.0
R149,"['position', 'control', 'establish', 'without', 'past', 'necessary.', 'maintain', 'fast', 'item', 'medical.', 'experts', 'discuss', 'ongoing', 'developments', 'economic', 'growth.']","(10000,[1107,1208,1339,1916,2923,3614,4043,4506,4687,5247,9034,9144,9210,9263,9275,9462],[5.523458920524919,2.849310271098391,4.137164559405029,4.607168188650764,3.914021008090819,0.6753425559264385,4.607168188650764,0.691153161953081,0.6832166123573445,4.42484663185681,2.8844015909096608,2.6902455764687034,4.607168188650764,3.914021008090819,3.914021008090819,0.691153161953081])",1.0
R046,"['fly', 'network', 'foreign', 'learn', 'idea', 'evidence.', 'forward', 'strong', 'bit', 'agreement.', 'experts', 'discuss', 'ongoing', 'developments', 'education.']","(10000,[1989,3614,4506,4687,5047,5944,5958,5967,6206,6355,8411,9152,9462,9588,9892],[4.019381523748645,0.6753425559264385,0.691153161953081,0.6832166123573445,2.60568818844064,4.019381523748645,4.607168188650764,4.270695952029551,4.270695952029551,4.137164559405029,3.6516567436233283,4.42484663185681,0.691153161953081,5.117993812416755,5.117993812416755])",1.0
F055,"['degree', 'approach', 'business', 'party', 'particularly', 'friend.', 'early', 'story', 'plant', 'newspaper.', 'compare', 'leave', 'effort', 'smile', 'wide', 'possible.', '—', 'shocking', 'claims', 'hoax', 'surface', 'internet.']","(10000,[503,1379,2272,2713,2836,2913,3095,3228,4092,4377,4737,5374,5726,5850,6443,6855,7244,7281,7936,8338,9246,9943],[0.691153161953081,4.42484663185681,5.117993812416755,4.270695952029551,3.914021008090819,3.577548771469606,4.019381523748645,4.830311739964974,4.137164559405029,2.60568818844064,4.830311739964974,4.019381523748645,3.5085558999826545,0.691153161953081,3.383392757028649,4.830311739964974,3.577548771469606,0.6832166123573445,0.691153161953081,0.691153161953081,4.607168188650764,4.607168188650764])",0.0
F159,"['heart', 'raise', 'order', 'individual', 'rock', 'either.', 'choice', 'store', 'must', 'industry', 'sell.', 'including', 'particular', 'edge', 'amount', 'prepare.', '—', 'shocking', 'claims', 'flat', 'earth', 'surface', 'internet.']","(10000,[503,574,1023,1226,1310,2918,3010,3386,3527,3921,5850,6053,7184,7222,7281,7334,7632,7936,8338,8614,8984,9676,9808],[0.691153161953081,4.270695952029551,3.8187108282864943,4.137164559405029,4.830311739964974,3.0385522707369192,3.6516567436233283,5.117993812416755,4.270695952029551,4.019381523748645,0.691153161953081,3.577548771469606,4.019381523748645,4.137164559405029,0.6832166123573445,4.019381523748645,5.117993812416755,0.691153161953081,0.691153161953081,4.270695952029551,4.137164559405029,3.0385522707369192,4.42484663185681])",0.0
F083,"['rich', 'eye', 'thus', 'education.', 'condition', 'available', 'coach', 'gas', 'partner', 'increase', 'prove.', '—', 'shocking', 'claims', 'secret', 'cure', 'surface', 'internet.']","(10000,[116,503,1341,2475,3514,3892,5047,5105,5328,5607,5684,5850,6212,6747,7281,7936,7963,8338],[4.42484663185681,0.691153161953081,4.42484663185681,3.914021008090819,4.137164559405029,2.5530444549552183,2.60568818844064,4.830311739964974,3.577548771469606,4.270695952029551,4.019381523748645,0.691153161953081,4.270695952029551,2.5530444549552183,0.6832166123573445,0.691153161953081,3.5085558999826545,0.691153161953081])",0.0
R109,"['machine', 'suffer', 'line', 'series', 'people.', 'task', 'expect', 'nature', 'you.', 'music', 'enough', 'loss', 'establish', 'alone', 'keep.', 'experts', 'discuss', 'ongoing', 'developments', 'education.']","(10000,[4,1182,2492,2923,3166,3611,3614,3691,4463,4506,4687,4748,5047,5329,6135,6370,8040,8451,9462,9767],[5.117993812416755,3.8187108282864943,4.270695952029551,3.914021008090819,5.523458920524919,3.914021008090819,0.6753425559264385,4.42484663185681,3.914021008090819,0.691153161953081,0.6832166123573445,4.270695952029551,2.60568818844064,4.137164559405029,4.42484663185681,4.607168188650764,3.8187108282864943,5.117993812416755,0.691153161953081,5.523458920524919])",1.0
R102,"['real', 'minute', 'wide', 'occur', 'many', 'nature', 'least.', 'network', 'network', 'central.', 'behind', 'treat', 'source', 'word.', 'experts', 'discuss', 'ongoing', 'developments', 'climate', 'change.']","(10000,[821,1921,2059,2836,3163,3357,3611,3614,4346,4506,4687,5006,5188,6271,7721,8750,9152,9462,9691],[2.849310271098391,3.8187108282864943,2.7200985396183848,3.914021008090819,4.830311739964974,3.577548771469606,3.914021008090819,0.6753425559264385,3.914021008090819,0.691153161953081,0.6832166123573445,5.117993812416755,4.019381523748645,4.137164559405029,4.137164559405029,3.6516567436233283,8.84969326371362,0.691153161953081,4.270695952029551])",1.0
R060,"['others', 'despite', 'personal.', 'buy', 'together', 'continue', 'today', 'piece', 'enter', 'foreign.', 'maintain', 'oil', 'civil', 'stock', 'crime', 'future.', 'ask', 'enough', 'feel', 'learn', 'front.', 'experts', 'discuss', 'ongoing', 'developments', 'election.']","(10000,[80,593,731,743,793,1301,3115,3133,3507,3556,3614,3822,4253,4404,4506,4687,4748,5247,5967,6035,6940,7435,8312,8547,9462,9806],[4.137164559405029,4.137164559405029,4.42484663185681,3.6516567436233283,4.42484663185681,4.830311739964974,4.830311739964974,4.019381523748645,3.914021008090819,2.849310271098391,0.6753425559264385,4.42484663185681,4.830311739964974,5.523458920524919,0.691153161953081,0.6832166123573445,4.270695952029551,4.42484663185681,4.270695952029551,3.4440173788450834,3.8187108282864943,4.019381523748645,3.914021008090819,4.830311739964974,0.691153161953081,3.914021008090819])",1.0
F085,"['ask', 'word', 'discuss', 'collection.', 'example', 'total', 'provide', 'financial', 'remember', 'nothing', 'building.', '—', 'shocking', 'claims', 'secret', 'cure', 'surface', 'internet.']","(10000,[503,2278,3507,3519,3614,3652,3892,4292,5685,5850,5946,6279,6747,7281,7407,7936,8338,9606],[0.691153161953081,4.830311739964974,3.914021008090819,4.42484663185681,0.6753425559264385,4.42484663185681,2.5530444549552183,3.8187108282864943,4.42484663185681,0.691153161953081,4.019381523748645,4.019381523748645,2.5530444549552183,0.6832166123573445,4.270695952029551,0.691153161953081,0.691153161953081,4.270695952029551])",0.0
F188,"['almost', 'maybe', 'find', 'situation', 'father.', '—', 'shocking', 'claims', 'hoax', 'surface', 'internet.']","(10000,[503,3136,4377,4818,5850,7281,7510,7936,8338,8566,9132],[0.691153161953081,4.270695952029551,2.60568818844064,4.607168188650764,0.691153161953081,0.6832166123573445,3.914021008090819,0.691153161953081,0.691153161953081,4.270695952029551,5.117993812416755])",0.0
F131,"['try', 'yeah', 'sister', 'law.', 'whether', 'go', 'yard.', '—', 'shocking', 'claims', 'hoax', 'surface', 'internet.']","(10000,[503,1059,3249,3406,3521,4377,4693,5850,6451,7281,7936,8338,8538],[0.691153161953081,5.523458920524919,3.8187108282864943,3.914021008090819,3.914021008090819,2.60568818844064,3.914021008090819,0.691153161953081,3.577548771469606,0.6832166123573445,0.691153161953081,0.691153161953081,5.523458920524919])",0.0
R202,"['per', 'go', 'chance', 'sing.', 'experts', 'discuss', 'ongoing', 'developments', 'public', 'health.']","(10000,[298,346,1770,3614,4066,4506,4687,6219,6451,9462],[4.270695952029551,4.42484663185681,2.8844015909096608,0.6753425559264385,5.117993812416755,0.691153161953081,0.6832166123573445,3.125563647726549,3.577548771469606,0.691153161953081])",1.0
F111,"['pay', 'serious', 'them.', 'easy', 'adult', 'cold', 'voice', 'certain', 'foreign.', '—', 'shocking', 'claims', 'celebrity', 'scandal', 'surface', 'internet.']","(10000,[72,503,760,1117,3486,3530,3822,3920,4897,4921,5850,7281,7936,8338,8957,9288],[4.137164559405029,0.691153161953081,4.137164559405029,4.270695952029551,2.849310271098391,4.42484663185681,4.42484663185681,3.914021008090819,3.577548771469606,2.849310271098391,0.691153161953081,0.6832166123573445,0.691153161953081,0.691153161953081,4.42484663185681,4.270695952029551])",0.0
R151,"['newspaper', 'interesting', 'another', 'right', 'center', 'none', 'training', 'until.', 'year', 'house', 'east', 'true', 'experience', 'threat.', 'experts', 'discuss', 'ongoing', 'developments', 'policy.']","(10000,[1480,1790,3238,3475,3614,3634,3635,4430,4506,4687,5836,6576,6944,7188,7538,8166,8899,9462,9831],[4.137164559405029,4.137164559405029,4.270695952029551,5.523458920524919,0.6753425559264385,4.42484663185681,3.8187108282864943,4.830311739964974,0.691153161953081,0.6832166123573445,4.830311739964974,4.270695952029551,2.7826188965997183,4.137164559405029,3.8187108282864943,4.137164559405029,4.270695952029551,0.691153161953081,4.137164559405029])",1.0
F058,"['identify', 'return', 'area', 'without', 'system', 'full', 'hard', 'change.', '—', 'shocking', 'claims', 'government', 'cover-up', 'surface', 'internet.']","(10000,[503,635,2059,2259,3967,3996,4043,5125,5649,5850,7281,7936,8338,8897,9813],[0.691153161953081,4.137164559405029,2.7200985396183848,2.8154087194227095,4.137164559405029,4.137164559405029,4.607168188650764,4.137164559405029,4.607168188650764,0.691153161953081,0.6832166123573445,0.691153161953081,0.691153161953081,4.607168188650764,2.997730276216664])",0.0
R164,"['gun', 'local', 'star', 'need.', 'decision', 'kid', 'high.', 'experts', 'discuss', 'ongoing', 'developments', 'education.']","(10000,[228,2193,3614,3723,4506,4687,5047,5170,6544,8094,8313,9462],[4.137164559405029,4.019381523748645,0.6753425559264385,5.117993812416755,0.691153161953081,0.6832166123573445,2.60568818844064,4.270695952029551,4.830311739964974,3.914021008090819,4.137164559405029,0.691153161953081])",1.0
F242,"['clear', 'reality', 'capital', 'safe', 'save', 'development.', 'kitchen', 'smile', 'training', 'everyone.', 'president', 'machine', 'plant', 'parent.', '—', 'shocking', 'claims', 'celebrity', 'scandal', 'surface', 'internet.']","(10000,[503,680,756,913,1306,1611,2713,3486,4520,4921,5563,5850,6541,7244,7281,7538,7642,7936,7958,8040,8338],[0.691153161953081,4.137164559405029,4.830311739964974,5.117993812416755,3.7316994512968646,4.019381523748645,4.270695952029551,2.849310271098391,4.42484663185681,2.849310271098391,5.523458920524919,0.691153161953081,4.019381523748645,3.577548771469606,0.6832166123573445,3.8187108282864943,4.137164559405029,0.691153161953081,5.523458920524919,3.8187108282864943,0.691153161953081])",0.0
F064,"['wrong', 'mean', 'water', 'defense', 'realize', 'all.', 'case', 'seem', 'american', 'require', 'save', 'mind', 'ok.', 'might', 'sit', 'memory.', '—', 'shocking', 'claims', 'mind', 'control', 'surface', 'internet.']","(10000,[503,909,1208,1535,1582,2588,2589,3184,3543,3924,4520,5553,5850,6079,6342,6512,6946,7281,7652,7936,8338,8449],[0.691153161953081,4.42484663185681,2.849310271098391,4.607168188650764,3.8187108282864943,4.270695952029551,3.383392757028649,5.565237793199437,4.270695952029551,4.137164559405029,4.42484663185681,5.117993812416755,0.691153161953081,4.830311739964974,4.270695952029551,4.019381523748645,4.137164559405029,0.6832166123573445,4.137164559405029,0.691153161953081,0.691153161953081,4.137164559405029])",0.0
R228,"['doctor', 'week', 'own.', 'money', 'risk', 'able', 'recently', 'pay', 'her.', 'must', 'catch', 'feeling', 'rate.', 'experts', 'discuss', 'ongoing', 'developments', 'education.']","(10000,[613,777,1023,1637,2034,3496,3614,4506,4687,4897,5047,5122,6103,7748,7813,7949,8794,9462],[3.914021008090819,4.830311739964974,3.8187108282864943,4.42484663185681,4.270695952029551,3.6516567436233283,0.6753425559264385,0.691153161953081,0.6832166123573445,3.577548771469606,2.60568818844064,4.137164559405029,4.270695952029551,5.117993812416755,4.42484663185681,4.42484663185681,4.270695952029551,0.691153161953081])",1.0
R210,"['anyone', 'culture', 'rule', 'data', 'personal', 'drive.', 'surface', 'owner', 'boy', 'soldier', 'walk', 'standard.', 'experts', 'discuss', 'ongoing', 'developments', 'economic', 'growth.']","(10000,[157,343,666,1112,1695,3614,4141,4506,4687,6053,6142,7281,7939,8645,9034,9144,9391,9462],[3.7316994512968646,4.137164559405029,4.019381523748645,4.830311739964974,3.914021008090819,0.6753425559264385,4.42484663185681,0.691153161953081,0.6832166123573445,3.577548771469606,4.270695952029551,0.6832166123573445,4.137164559405029,4.607168188650764,2.8844015909096608,2.6902455764687034,3.7316994512968646,0.691153161953081])",1.0
R156,"['establish', 'thousand', 'consider', 'across', 'service', 'bank', 'sort', 'now.', 'actually', 'partner', 'authority', 'drug', 'usually', 'perform.', 'experts', 'discuss', 'ongoing', 'developments', 'policy.']","(10000,[116,312,1176,2252,2923,2990,3614,3802,4506,4687,5720,6447,6798,6944,7074,7860,8982,9462,9513],[4.42484663185681,4.019381523748645,4.137164559405029,3.914021008090819,3.914021008090819,3.7316994512968646,0.6753425559264385,5.523458920524919,0.691153161953081,0.6832166123573445,3.7316994512968646,3.6516567436233283,4.42484663185681,2.7826188965997183,3.0811118851557153,2.849310271098391,4.270695952029551,0.691153161953081,3.383392757028649])",1.0
R192,"['citizen', 'establish', 'fast', 'television', 'south', 'million.', 'movie', 'option', 'town', 'box', 'unit', 'follow', 'them.', 'simple', 'husband', 'mention.', 'experts', 'discuss', 'ongoing', 'developments', 'climate', 'change.']","(10000,[8,821,1073,1439,2059,2913,2923,3614,4506,4687,4715,4816,6335,7208,7724,7922,8713,8957,9263,9367,9462,9613],[4.607168188650764,2.849310271098391,4.019381523748645,3.577548771469606,2.7200985396183848,3.577548771469606,3.914021008090819,0.6753425559264385,0.691153161953081,0.6832166123573445,4.137164559405029,4.019381523748645,5.117993812416755,4.42484663185681,4.607168188650764,3.8187108282864943,4.42484663185681,4.42484663185681,3.914021008090819,4.019381523748645,0.691153161953081,4.270695952029551])",1.0
F102,"['data', 'former', 'administration', 'within', 'final', 'evening', 'someone.', 'water', 'appear', 'quite', 'theory', 'lay', 'early.', 'bed', 'attention', 'office', 'stage', 'include', 'car', 'save', 'life.', '—', 'shocking', 'claims', 'government', 'cover-up', 'surface', 'internet.']","(10000,[30,503,1468,1653,1695,2259,2589,2953,3144,3409,3674,3753,4160,4475,4520,5185,5286,5535,5850,6056,7281,7936,8182,8338,8344,9497,9813,9817],[3.914021008090819,0.691153161953081,4.607168188650764,4.607168188650764,3.914021008090819,2.8154087194227095,3.383392757028649,4.42484663185681,4.137164559405029,4.830311739964974,3.914021008090819,4.830311739964974,4.42484663185681,4.019381523748645,4.42484663185681,4.137164559405029,3.7316994512968646,5.117993812416755,0.691153161953081,4.019381523748645,0.6832166123573445,0.691153161953081,4.019381523748645,0.691153161953081,4.270695952029551,4.607168188650764,2.997730276216664,3.577548771469606])",0.0
R237,"['pressure', 'five', 'down.', 'beautiful', 'tax.', 'experts', 'discuss', 'ongoing', 'developments', 'election.']","(10000,[1273,3556,3614,4506,4529,4687,5661,5974,9025,9462],[3.577548771469606,2.849310271098391,0.6753425559264385,0.691153161953081,5.117993812416755,0.6832166123573445,4.137164559405029,3.6516567436233283,4.607168188650764,0.691153161953081])",1.0
F015,"['perhaps', 'street', 'fill.', 'every', 'study', 'energy', 'sport', 'free', 'hope.', 'forget', 'although', 'together', 'stage', 'good', 'cell.', '—', 'shocking', 'claims', 'immortal', 'jellyfish', 'surface', 'internet.']","(10000,[30,453,503,1073,1259,2066,3684,4224,5850,6168,7146,7281,7779,7936,8278,8307,8312,8338,8549,9681,9876,9918],[3.914021008090819,4.137164559405029,0.691153161953081,4.019381523748645,4.137164559405029,2.7508701982851385,4.607168188650764,4.607168188650764,0.691153161953081,4.019381523748645,4.270695952029551,0.6832166123573445,4.137164559405029,0.691153161953081,4.137164559405029,3.914021008090819,3.914021008090819,0.691153161953081,4.830311739964974,3.5085558999826545,2.7508701982851385,5.523458920524919])",0.0
F020,"['yard', 'including', 'determine', 'news', 'standard.', 'international', 'perform', 'body', 'former', 'candidate', 'show', 'how.', '—', 'shocking', 'claims', 'celebrity', 'scandal', 'surface', 'internet.']","(10000,[188,424,503,841,1098,1112,2433,3486,4019,4160,4358,4921,5850,6021,7281,7334,7734,7936,8338],[4.42484663185681,3.914021008090819,0.691153161953081,4.607168188650764,3.577548771469606,4.830311739964974,4.607168188650764,2.849310271098391,3.8187108282864943,4.42484663185681,4.830311739964974,2.849310271098391,0.691153161953081,4.607168188650764,0.6832166123573445,4.019381523748645,4.270695952029551,0.691153161953081,0.691153161953081])",0.0
R083,"['interview', 'board', 'you.', 'artist', 'assume', 'color', 'man', 'represent', 'section', 'special.', 'case', 'discover.', 'experts', 'discuss', 'ongoing', 'developments', 'election.']","(10000,[4,1848,2569,2664,3556,3614,4506,4687,5118,6035,6342,6968,7454,8717,8931,9462,9832],[5.117993812416755,4.830311739964974,3.6516567436233283,4.019381523748645,2.849310271098391,0.6753425559264385,0.691153161953081,0.6832166123573445,4.607168188650764,3.4440173788450834,4.270695952029551,4.270695952029551,4.42484663185681,3.914021008090819,4.42484663185681,0.691153161953081,3.914021008090819])",1.0
F035,"['home', 'water', 'note.', 'cup', 'travel', 'safe', 'often.', 'professional', 'administration', 'certain', 'exactly', 'turn', 'whole.', 'business', 'listen.', '—', 'shocking', 'claims', 'hoax', 'surface', 'internet.']","(10000,[503,2096,2155,2589,2826,3059,3073,3365,3886,4377,5185,5374,5850,7281,7642,7936,8338,8681,8757,9288,9599],[0.691153161953081,4.42484663185681,4.42484663185681,3.383392757028649,5.117993812416755,4.270695952029551,5.523458920524919,4.42484663185681,4.607168188650764,2.60568818844064,4.137164559405029,4.019381523748645,0.691153161953081,0.6832166123573445,4.137164559405029,0.691153161953081,0.691153161953081,4.270695952029551,4.42484663185681,4.270695952029551,5.117993812416755])",0.0
R082,"['popular', 'action', 'five', 'throughout', 'require', 'however', 'long.', 'science', 'represent', 'knowledge', 'service', 'determine', 'form.', 'experts', 'discuss', 'ongoing', 'developments', 'budget', 'report.']","(10000,[273,911,2252,3363,3614,4249,4506,4687,4991,5432,5948,5974,6148,6633,7734,7864,8449,8717,9462],[5.117993812416755,4.607168188650764,3.914021008090819,3.4440173788450834,0.6753425559264385,4.830311739964974,0.691153161953081,0.6832166123573445,2.60568818844064,2.7508701982851385,4.137164559405029,3.6516567436233283,3.8187108282864943,4.607168188650764,4.270695952029551,3.914021008090819,4.137164559405029,3.914021008090819,0.691153161953081])",1.0
F114,"['discussion', 'news', 'work', 'their.', '—', 'shocking', 'claims', 'mind', 'control', 'surface', 'internet.']","(10000,[503,1208,2433,3184,4108,5315,5850,7281,7936,8338,9527],[0.691153161953081,2.849310271098391,4.607168188650764,2.7826188965997183,5.523458920524919,3.7316994512968646,0.691153161953081,0.6832166123573445,0.691153161953081,0.691153161953081,4.42484663185681])",0.0
F179,"['little', 'thank', 'check.', 'wonder', 'suggest', 'section.', 'develop', 'wall', 'call', 'time', 'edge.', '—', 'shocking', 'claims', 'secret', 'cure', 'surface', 'internet.']","(10000,[503,1133,1241,1590,1687,3892,4723,5146,5850,6404,6747,7281,7816,7936,8157,8338,8859,9394],[0.691153161953081,5.523458920524919,4.019381523748645,4.270695952029551,5.117993812416755,2.5530444549552183,4.270695952029551,4.270695952029551,0.691153161953081,3.914021008090819,2.5530444549552183,0.6832166123573445,4.607168188650764,0.691153161953081,3.914021008090819,0.691153161953081,4.830311739964974,5.523458920524919])",0.0
F026,"['face', 'operation.', 'mr', 'material', 'prepare', 'least', 'lose', 'cause', 'key', 'edge.', 'everyone', 'else', 'garden', 'general', 'right', 'subject', 'million.', 'build', 'town', 'forward', 'good.', '—', 'shocking', 'claims', 'celebrity', 'scandal', 'surface', 'internet.']","(10000,[316,503,1634,1790,2286,2647,3014,3079,3131,3231,3486,4034,4422,4715,4921,5034,5465,5850,5887,5936,7281,7724,7936,8338,8411,8655,8859,8893],[3.914021008090819,0.691153161953081,4.137164559405029,4.137164559405029,4.019381523748645,4.270695952029551,3.914021008090819,4.019381523748645,4.270695952029551,4.42484663185681,2.849310271098391,4.607168188650764,4.607168188650764,4.137164559405029,2.849310271098391,4.607168188650764,3.7316994512968646,0.691153161953081,3.914021008090819,4.607168188650764,0.6832166123573445,4.607168188650764,0.691153161953081,0.691153161953081,3.6516567436233283,4.830311739964974,4.830311739964974,3.7316994512968646])",0.0
R217,"['involve', 'west', 'medical.', 'past', 'arm', 'quickly', 'number', 'hair', 'true', 'less', 'american.', 'experts', 'discuss', 'ongoing', 'developments', 'election.']","(10000,[1195,3391,3556,3614,3984,4506,4687,5085,5511,6271,7188,7664,8519,9210,9275,9462],[3.7316994512968646,4.607168188650764,2.849310271098391,0.6753425559264385,4.607168188650764,0.691153161953081,0.6832166123573445,3.5085558999826545,5.117993812416755,4.137164559405029,4.137164559405029,4.270695952029551,4.42484663185681,4.607168188650764,3.914021008090819,0.691153161953081])",1.0
F009,"['account', 'instead', 'room', 'enter.', 'line', 'make', 'camera', 'may', 'easy', 'realize.', '—', 'shocking', 'claims', 'celebrity', 'scandal', 'surface', 'internet.']","(10000,[494,503,760,1182,1650,2710,3486,3525,4527,4921,5268,5850,7281,7936,8338,9160,9187],[4.019381523748645,0.691153161953081,4.137164559405029,3.8187108282864943,4.019381523748645,4.830311739964974,2.849310271098391,4.137164559405029,5.117993812416755,2.849310271098391,4.137164559405029,0.691153161953081,0.6832166123573445,0.691153161953081,0.691153161953081,4.137164559405029,5.117993812416755])",0.0
F240,"['sport', 'recognize', 'exactly.', 'support', 'wall', 'likely', 'simple.', '—', 'shocking', 'claims', 'aliens', 'surface', 'internet.']","(10000,[160,309,503,650,4805,5850,6404,7281,7936,8171,8217,8278,8338],[5.117993812416755,4.607168188650764,0.691153161953081,2.958509563063383,5.117993812416755,0.691153161953081,3.914021008090819,0.6832166123573445,0.691153161953081,3.914021008090819,4.270695952029551,4.137164559405029,0.691153161953081])",0.0
R216,"['name', 'evidence', 'poor', 'cup', 'traditional', 'wind', 'put.', 'picture', 'rock', 'free', 'listen.', 'experts', 'discuss', 'ongoing', 'developments', 'research.']","(10000,[15,574,1073,2054,2481,2558,2826,3059,3614,4486,4506,4687,5476,7066,8103,9462],[3.8187108282864943,4.270695952029551,4.019381523748645,4.42484663185681,3.8187108282864943,4.42484663185681,5.117993812416755,4.270695952029551,0.6753425559264385,4.830311739964974,0.691153161953081,0.6832166123573445,4.607168188650764,2.849310271098391,4.607168188650764,0.691153161953081])",1.0
F129,"['government', 'life', 'rather.', 'modern', 'face', 'much', 'investment', 'trip', 'senior', 'exist', 'key.', '—', 'shocking', 'claims', 'flat', 'earth', 'surface', 'internet.']","(10000,[503,524,1562,1661,2259,2336,2918,3477,4034,4144,4657,5782,5850,6602,7281,7936,8338,9676],[0.691153161953081,3.6516567436233283,4.42484663185681,5.523458920524919,2.8154087194227095,4.019381523748645,3.0385522707369192,4.137164559405029,4.607168188650764,4.42484663185681,4.830311739964974,4.270695952029551,0.691153161953081,4.830311739964974,0.6832166123573445,0.691153161953081,0.691153161953081,3.0385522707369192])",0.0
R197,"['remain', 'happy', 'suffer', 'cold', 'window.', 'speech', 'parent', 'realize', 'shake', 'discussion.', 'least', 'actually', 'different', 'soon', 'give', 'mouth.', 'experts', 'discuss', 'ongoing', 'developments', 'education.']","(10000,[502,619,1041,1582,1634,2180,3283,3614,3783,3920,4079,4506,4687,5047,5205,5347,6135,6447,6683,9462,9932],[4.137164559405029,5.523458920524919,3.577548771469606,3.8187108282864943,4.137164559405029,4.019381523748645,4.830311739964974,0.6753425559264385,4.137164559405029,3.914021008090819,5.523458920524919,0.691153161953081,0.6832166123573445,2.60568818844064,4.607168188650764,4.137164559405029,4.42484663185681,3.6516567436233283,4.830311739964974,0.691153161953081,4.42484663185681])",1.0
F142,"['several', 'window', 'truth.', 'true', 'edge', 'organization', 'cold', 'southern.', '—', 'shocking', 'claims', 'government', 'cover-up', 'surface', 'internet.']","(10000,[503,1364,1417,2259,2403,3920,3921,5850,6373,7188,7281,7936,8338,9227,9813],[0.691153161953081,4.137164559405029,5.117993812416755,2.8154087194227095,4.42484663185681,3.914021008090819,4.019381523748645,0.691153161953081,5.117993812416755,4.137164559405029,0.6832166123573445,0.691153161953081,0.691153161953081,4.270695952029551,2.997730276216664])",0.0
R140,"['particular', 'method', 'nothing', 'certainly', 'artist', 'letter.', 'paper', 'set', 'performance', 'position.', 'everything', 'behavior', 'million', 'democratic.', 'experts', 'discuss', 'ongoing', 'developments', 'climate', 'change.']","(10000,[673,735,821,1819,2059,3614,4214,4292,4300,4506,4687,5342,6015,8651,8690,8931,8984,9156,9351,9462],[4.830311739964974,4.270695952029551,2.849310271098391,5.117993812416755,2.7200985396183848,0.6753425559264385,5.117993812416755,3.8187108282864943,4.607168188650764,0.691153161953081,0.6832166123573445,4.137164559405029,4.270695952029551,3.914021008090819,4.607168188650764,4.42484663185681,4.137164559405029,3.7316994512968646,4.607168188650764,0.691153161953081])",1.0
R165,"['fine', 'ready', 'democratic', 'cover', 'quickly.', 'perhaps', 'evening', 'five', 'though.', 'effort', 'notice', 'little', 'strong', 'focus.', 'experts', 'discuss', 'ongoing', 'developments', 'budget', 'report.']","(10000,[1259,1525,1590,3614,3818,4506,4687,4991,5286,5432,5606,5726,5974,6104,6355,6431,6557,8016,9012,9462],[4.137164559405029,4.019381523748645,4.270695952029551,0.6753425559264385,5.523458920524919,0.691153161953081,0.6832166123573445,2.60568818844064,3.7316994512968646,2.7508701982851385,4.270695952029551,3.5085558999826545,3.6516567436233283,4.270695952029551,4.137164559405029,4.137164559405029,3.8187108282864943,5.523458920524919,5.117993812416755,0.691153161953081])",1.0
R139,"['son', 'quite', 'car', 'toward', 'popular.', 'save', 'hope', 'international', 'leg', 'pay', 'kind.', 'whole', 'environment', 'decide', 'upon', 'investment.', 'nothing', 'sister', 'thought', 'picture', 'probably', 'to.', 'experts', 'discuss', 'ongoing', 'developments', 'education.']","(10000,[55,188,209,627,1734,2297,2407,2481,2784,3194,3521,3614,3674,4292,4506,4520,4687,4897,5047,6000,6056,6290,6735,7786,8293,9413,9462],[3.914021008090819,4.42484663185681,4.607168188650764,4.019381523748645,4.607168188650764,4.137164559405029,4.830311739964974,3.8187108282864943,5.523458920524919,4.270695952029551,3.914021008090819,0.6753425559264385,3.914021008090819,3.8187108282864943,0.691153161953081,4.42484663185681,0.6832166123573445,3.577548771469606,2.60568818844064,3.8187108282864943,4.019381523748645,4.42484663185681,4.42484663185681,5.117993812416755,4.42484663185681,5.523458920524919,0.691153161953081])",1.0
F232,"['various', 'identify', 'force', 'usually.', 'hit', 'song', 'goal', 'letter', 'wide.', 'budget', 'mother', 'media', 'dream', 'include', 'sometimes.', 'others', 'choice', 'voice', 'however', 'entire', 'whether.', '—', 'shocking', 'claims', 'hoax', 'surface', 'internet.']","(10000,[354,391,503,564,911,1144,1209,2366,2953,3530,3967,4321,4377,4991,5089,5850,6053,6547,6647,6652,6940,7281,7350,7936,8252,8338,8824],[4.270695952029551,4.270695952029551,0.691153161953081,4.270695952029551,4.607168188650764,5.523458920524919,4.42484663185681,4.137164559405029,4.42484663185681,4.42484663185681,4.137164559405029,4.607168188650764,2.60568818844064,2.60568818844064,4.270695952029551,0.691153161953081,3.577548771469606,5.523458920524919,4.607168188650764,5.117993812416755,3.8187108282864943,0.6832166123573445,4.270695952029551,0.691153161953081,3.914021008090819,0.691153161953081,4.270695952029551])",0.0
F108,"['begin', 'parent', 'yes', 'west', 'three', 'away.', 'learn', 'mission', 'effort', 'put', 'development', 'staff', 'education.', 'structure', 'go', 'four', 'field', 'record.', '—', 'shocking', 'claims', 'celebrity', 'scandal', 'surface', 'internet.']","(10000,[503,924,1243,1513,2871,2996,3486,4921,5044,5047,5085,5726,5850,5925,5967,6069,6224,6451,6830,7074,7281,7936,8338,8871,9932],[0.691153161953081,5.117993812416755,3.914021008090819,3.914021008090819,4.270695952029551,3.6516567436233283,2.849310271098391,2.849310271098391,4.270695952029551,2.60568818844064,3.5085558999826545,3.5085558999826545,0.691153161953081,4.137164559405029,4.270695952029551,3.7316994512968646,3.914021008090819,3.577548771469606,5.117993812416755,3.0811118851557153,0.6832166123573445,0.691153161953081,0.691153161953081,4.019381523748645,4.42484663185681])",0.0
F167,"['stock', 'question', 'example.', 'may', 'must', 'tonight', 'score', 'improve', 'brother.', 'somebody', 'air', 'finally', 'four', 'bar.', '—', 'shocking', 'claims', 'celebrity', 'scandal', 'surface', 'internet.']","(10000,[88,503,793,1023,1243,1811,1817,1834,1927,2408,2947,3089,3389,3486,4921,5098,5850,7281,7936,8338,9160],[4.137164559405029,0.691153161953081,4.42484663185681,3.8187108282864943,3.914021008090819,5.117993812416755,4.270695952029551,5.117993812416755,4.137164559405029,4.137164559405029,4.270695952029551,5.117993812416755,4.42484663185681,2.849310271098391,2.849310271098391,5.117993812416755,0.691153161953081,0.6832166123573445,0.691153161953081,0.691153161953081,4.137164559405029])",0.0
R242,"['anyone', 'modern', 'state', 'require.', 'left', 'agent', 'record', 'young.', 'pull', 'ball', 'west', 'world.', 'go', 'situation', 'smile', 'throughout', 'small.', 'experts', 'discuss', 'ongoing', 'developments', 'research.']","(10000,[666,1662,1808,2336,2713,3136,3445,3614,4347,4506,4687,5016,5085,5252,5716,5948,6287,6451,6597,7066,7492,9462],[4.019381523748645,3.7316994512968646,4.137164559405029,4.019381523748645,4.270695952029551,4.270695952029551,5.523458920524919,0.6753425559264385,4.019381523748645,0.691153161953081,0.6832166123573445,3.914021008090819,3.5085558999826545,5.523458920524919,5.523458920524919,4.137164559405029,4.019381523748645,3.577548771469606,4.42484663185681,2.849310271098391,4.270695952029551,0.691153161953081])",1.0
F133,"['word', 'partner', 'free.', 'rather', 'range', 'notice', 'meet', 'figure.', 'never', 'physical', 'congress.', '—', 'shocking', 'claims', 'immortal', 'jellyfish', 'surface', 'internet.']","(10000,[116,165,281,503,1525,2066,2513,2837,3519,4247,4391,5850,7281,7936,8338,8649,9876,9940],[4.42484663185681,4.607168188650764,4.137164559405029,0.691153161953081,4.019381523748645,2.7508701982851385,5.117993812416755,3.8187108282864943,4.42484663185681,5.523458920524919,5.117993812416755,0.691153161953081,0.6832166123573445,0.691153161953081,0.691153161953081,4.42484663185681,2.7508701982851385,4.42484663185681])",0.0
F025,"['house', 'require', 'cost.', 'address', 'want', 'drive', 'under.', 'box', 'write', 'bill', 'recently.', '—', 'shocking', 'claims', 'flat', 'earth', 'surface', 'internet.']","(10000,[503,1031,2918,4454,5445,5836,5850,6143,6325,7281,7712,7922,7936,8135,8338,8449,9676,9782],[0.691153161953081,5.117993812416755,3.0385522707369192,3.914021008090819,4.830311739964974,4.830311739964974,0.691153161953081,5.117993812416755,4.270695952029551,0.6832166123573445,4.607168188650764,3.8187108282864943,0.691153161953081,4.830311739964974,0.691153161953081,4.137164559405029,3.0385522707369192,5.117993812416755])",0.0
F093,"['wonder', 'top', 'us', 'friend.', 'put', 'center', 'sort', 'hope', 'single', 'chance.', 'say', 'entire', 'president', 'bit', 'involve', 'piece', 'game', 'ten.', '—', 'shocking', 'claims', 'immortal', 'jellyfish', 'surface', 'internet.']","(10000,[503,1306,1480,1989,2066,3133,3228,4723,5328,5720,5850,5862,6000,6271,6660,7281,7889,7936,8338,8824,8871,8975,9415,9876,9944],[0.691153161953081,3.7316994512968646,4.137164559405029,4.019381523748645,2.7508701982851385,4.019381523748645,4.830311739964974,4.270695952029551,3.577548771469606,3.7316994512968646,0.691153161953081,4.607168188650764,3.8187108282864943,4.137164559405029,4.270695952029551,0.6832166123573445,3.8187108282864943,0.691153161953081,0.691153161953081,4.270695952029551,4.019381523748645,4.019381523748645,5.523458920524919,2.7508701982851385,5.523458920524919])",0.0
F236,"['staff', 'edge', 'ok', 'eight', 'laugh.', 'appear', 'discuss', 'increase', 'check', 'class.', 'foot', 'glass', 'sense.', 'dark', 'game', 'build', 'probably', 'similar', 'provide', 'wife.', '—', 'shocking', 'claims', 'government', 'cover-up', 'surface', 'internet.']","(10000,[353,503,697,2259,2297,2645,3014,3614,3673,3901,3921,5241,5399,5850,5946,6224,6932,7046,7281,7890,7936,7963,8182,8338,8482,8975,9813],[4.019381523748645,0.691153161953081,4.42484663185681,2.8154087194227095,4.137164559405029,4.42484663185681,3.914021008090819,0.6753425559264385,5.523458920524919,4.42484663185681,4.019381523748645,5.523458920524919,5.523458920524919,0.691153161953081,4.019381523748645,3.914021008090819,4.270695952029551,4.019381523748645,0.6832166123573445,4.607168188650764,0.691153161953081,3.5085558999826545,4.019381523748645,0.691153161953081,4.270695952029551,4.019381523748645,2.997730276216664])",0.0
F069,"['responsibility', 'draw', 'consider.', 'might', 'offer', 'large', 'young', 'smile', 'company', 'hand.', 'treatment', 'per', 'act', 'build', 'mrs', 'approach', 'election', 'deep.', 'event', 'effect', 'challenge', 'manage', 'wide.', '—', 'shocking', 'claims', 'flat', 'earth', 'surface', 'internet.']","(10000,[132,298,503,942,1982,2713,2918,2958,3014,3095,3502,3924,4321,5850,5935,6324,6751,6928,7022,7281,7728,7809,7883,7936,8015,8167,8338,9676,9751,9878],[4.019381523748645,4.270695952029551,0.691153161953081,4.607168188650764,5.117993812416755,4.270695952029551,3.0385522707369192,4.019381523748645,3.914021008090819,4.019381523748645,4.137164559405029,4.137164559405029,4.607168188650764,0.691153161953081,4.830311739964974,4.019381523748645,5.117993812416755,4.607168188650764,4.607168188650764,0.6832166123573445,4.42484663185681,4.137164559405029,4.42484663185681,0.691153161953081,4.019381523748645,3.914021008090819,0.691153161953081,3.0385522707369192,4.270695952029551,4.270695952029551])",0.0
F219,"['amount', 'cut', 'bag', 'lose', 'less', 'hotel.', 'energy', 'best', 'feel', 'manage.', 'yard', 'field', 'a.', '—', 'shocking', 'claims', 'flat', 'earth', 'surface', 'internet.']","(10000,[415,424,503,763,1195,1206,2483,2918,3115,4422,5169,5850,7074,7222,7281,7936,8307,8338,8389,9676],[3.8187108282864943,3.914021008090819,0.691153161953081,4.137164559405029,3.7316994512968646,4.019381523748645,4.607168188650764,3.0385522707369192,4.830311739964974,4.607168188650764,5.117993812416755,0.691153161953081,3.0811118851557153,4.137164559405029,0.6832166123573445,0.691153161953081,3.914021008090819,0.691153161953081,4.607168188650764,3.0385522707369192])",0.0
R079,"['teacher', 'seek', 'woman', 'society', 'less', 'news.', 'top', 'training', 'whether', 'eight', 'technology.', 'experts', 'discuss', 'ongoing', 'developments', 'election.']","(10000,[171,327,1195,3406,3556,3614,4506,4563,4687,5328,7538,8482,8708,8893,9462],[4.137164559405029,3.8187108282864943,7.463398902593729,3.914021008090819,2.849310271098391,0.6753425559264385,0.691153161953081,4.137164559405029,0.6832166123573445,3.577548771469606,3.8187108282864943,4.270695952029551,3.5085558999826545,3.7316994512968646,0.691153161953081])",1.0
F042,"['door', 'mind', 'good', 'tonight', 'understand', 'continue', 'authority.', 'mother', 'money', 'natural', 'catch', 'similar.', '—', 'shocking', 'claims', 'hoax', 'surface', 'internet.']","(10000,[354,503,743,1776,2006,3184,3389,4377,4847,4988,5850,6103,6168,6487,7281,7936,7949,8338],[4.270695952029551,0.691153161953081,3.6516567436233283,4.607168188650764,4.830311739964974,2.7826188965997183,4.42484663185681,2.60568818844064,4.019381523748645,3.8187108282864943,0.691153161953081,4.270695952029551,4.019381523748645,3.8187108282864943,0.6832166123573445,0.691153161953081,4.42484663185681,0.691153161953081])",0.0
R154,"['way', 'short', 'phone.', 'buy', 'laugh', 'high', 'possible', 'sort', 'current.', 'experts', 'discuss', 'ongoing', 'developments', 'budget', 'report.']","(10000,[80,1262,2116,3614,4506,4687,4991,5432,5720,6000,6100,7098,9109,9391,9462],[4.137164559405029,4.607168188650764,4.42484663185681,0.6753425559264385,0.691153161953081,0.6832166123573445,2.60568818844064,2.7508701982851385,3.7316994512968646,3.8187108282864943,4.019381523748645,4.270695952029551,5.523458920524919,3.7316994512968646,0.691153161953081])",1.0
R089,"['speak', 'maybe', 'specific', 'value', 'fund.', 'experts', 'discuss', 'ongoing', 'developments', 'public', 'health.']","(10000,[1770,2059,3614,4506,4687,4732,4818,6219,6623,7403,9462],[2.8844015909096608,2.7200985396183848,0.6753425559264385,0.691153161953081,0.6832166123573445,4.137164559405029,4.607168188650764,3.125563647726549,4.830311739964974,4.270695952029551,0.691153161953081])",1.0
R038,"['condition', 'goal', 'project', 'structure', 'development', 'boy.', 'month', 'time', 'economic', 'interest', 'worker.', 'whether', 'business', 'wrong', 'lead', 'yet', 'usually', 'responsibility.', 'experts', 'discuss', 'ongoing', 'developments', 'public', 'health.']","(10000,[70,1770,2230,2523,2871,2990,2996,3406,3614,4037,4506,4687,5089,5328,5356,5371,5374,5741,6219,6512,8046,8157,9144,9462],[4.137164559405029,2.8844015909096608,4.270695952029551,5.117993812416755,4.270695952029551,3.7316994512968646,3.6516567436233283,3.914021008090819,0.6753425559264385,4.607168188650764,0.691153161953081,0.6832166123573445,4.270695952029551,3.577548771469606,4.42484663185681,5.523458920524919,4.019381523748645,4.270695952029551,3.125563647726549,4.019381523748645,5.117993812416755,3.914021008090819,2.6902455764687034,0.691153161953081])",1.0
R053,"['including', 'month', 'future', 'fight', 'improve.', 'early', 'worker', 'white', 'detail.', 'similar', 'able', 'thus', 'reach', 'not.', 'experts', 'discuss', 'ongoing', 'developments', 'economic', 'growth.']","(10000,[2336,2526,2676,3496,3614,4092,4506,4687,5564,5684,5741,5843,6488,7046,7334,8386,9034,9121,9144,9462],[4.019381523748645,4.607168188650764,4.42484663185681,3.6516567436233283,0.6753425559264385,4.137164559405029,0.691153161953081,0.6832166123573445,4.42484663185681,4.019381523748645,4.270695952029551,4.270695952029551,4.270695952029551,4.019381523748645,4.019381523748645,4.270695952029551,2.8844015909096608,4.830311739964974,2.6902455764687034,0.691153161953081])",1.0
F201,"['attention', 'chance', 'walk', 'audience.', 'language', 'tend', 'response', 'character', 'share', 'minute.', '—', 'shocking', 'claims', 'hoax', 'surface', 'internet.']","(10000,[346,503,1716,1810,2445,3144,3177,3947,4377,4867,5850,6142,7175,7281,7936,8338],[4.42484663185681,0.691153161953081,4.607168188650764,4.42484663185681,4.137164559405029,4.137164559405029,5.523458920524919,4.830311739964974,2.60568818844064,4.42484663185681,0.691153161953081,4.270695952029551,5.523458920524919,0.6832166123573445,0.691153161953081,0.691153161953081])",0.0
F013,"['idea', 'produce', 'fish.', 'task', 'indeed', 'event.', '—', 'shocking', 'claims', 'secret', 'cure', 'surface', 'internet.']","(10000,[503,1648,3471,3892,4934,5279,5850,5958,6747,7281,7936,8338,8451],[0.691153161953081,4.137164559405029,5.523458920524919,2.5530444549552183,4.270695952029551,5.117993812416755,0.691153161953081,4.607168188650764,2.5530444549552183,0.6832166123573445,0.691153161953081,0.691153161953081,5.117993812416755])",0.0
R023,"['remain', 'alone', 'american.', 'second', 'thing', 'entire.', 'experts', 'discuss', 'ongoing', 'developments', 'policy.']","(10000,[656,2492,3614,3857,4506,4687,5205,5511,6944,9256,9462],[4.607168188650764,4.270695952029551,0.6753425559264385,4.607168188650764,0.691153161953081,0.6832166123573445,4.607168188650764,5.117993812416755,2.7826188965997183,4.270695952029551,0.691153161953081])",1.0
R068,"['evening', 'claim', 'low', 'pm', 'kid.', 'research', 'model', 'special', 'consider', 'hotel.', 'experts', 'discuss', 'ongoing', 'developments', 'technology', 'breakthrough.']","(10000,[312,856,1020,1055,2227,3614,4506,4687,5169,5286,7026,7102,8411,8937,9432,9462],[4.019381523748645,5.523458920524919,2.455405985391302,4.137164559405029,2.7200985396183848,0.6753425559264385,0.691153161953081,0.6832166123573445,5.117993812416755,3.7316994512968646,4.830311739964974,4.019381523748645,3.6516567436233283,3.914021008090819,3.8187108282864943,0.691153161953081])",1.0
F065,"['name', 'baby', 'job', 'hair', 'bank.', 'green', 'wife', 'future', 'loss.', '—', 'shocking', 'claims', 'hoax', 'surface', 'internet.']","(10000,[15,503,551,557,690,1348,3021,4377,5850,6488,7281,7664,7936,8338,9615],[3.8187108282864943,0.691153161953081,3.914021008090819,3.914021008090819,4.830311739964974,4.607168188650764,4.607168188650764,2.60568818844064,0.691153161953081,4.270695952029551,0.6832166123573445,4.270695952029551,0.691153161953081,0.691153161953081,5.523458920524919])",0.0
F239,"['quickly', 'recent', 'experience', 'serious.', 'continue', 'end', 'field', 'perhaps', 'cost', 'bring', 'no.', '—', 'shocking', 'claims', 'celebrity', 'scandal', 'surface', 'internet.']","(10000,[453,503,743,1259,1439,2470,3057,3391,3486,3635,4490,4921,5591,5850,7074,7281,7936,8338],[4.137164559405029,0.691153161953081,3.6516567436233283,4.137164559405029,3.577548771469606,5.523458920524919,5.117993812416755,4.607168188650764,2.849310271098391,3.8187108282864943,4.019381523748645,2.849310271098391,4.42484663185681,0.691153161953081,3.0811118851557153,0.6832166123573445,0.691153161953081,0.691153161953081])",0.0
F084,"['stage', 'today', 'congress', 'much.', 'authority', 'reflect', 'reach', 'continue.', 'suggest', 'administration', 'democrat', 'several.', '—', 'shocking', 'claims', 'miracle', 'drug', 'surface', 'internet.']","(10000,[30,74,503,1176,1256,5185,5234,5321,5850,6221,7281,7634,7816,7860,7936,8338,8386,8728,9806],[3.914021008090819,4.830311739964974,0.691153161953081,4.137164559405029,3.125563647726549,4.137164559405029,4.830311739964974,4.270695952029551,0.691153161953081,5.117993812416755,0.6832166123573445,4.607168188650764,4.607168188650764,2.849310271098391,0.691153161953081,0.691153161953081,4.270695952029551,3.6516567436233283,3.914021008090819])",0.0
R120,"['reality', 'material', 'shoulder', 'travel.', 'environmental', 'small', 'require', 'dark.', 'work', 'blue', 'size', 'charge.', 'experts', 'discuss', 'ongoing', 'developments', 'election.']","(10000,[222,680,2959,3192,3231,3556,3614,4506,4687,4722,5768,6027,6717,6756,8449,9462,9527],[4.270695952029551,4.137164559405029,4.830311739964974,4.42484663185681,4.42484663185681,2.849310271098391,0.6753425559264385,0.691153161953081,0.6832166123573445,5.523458920524919,4.019381523748645,4.137164559405029,5.523458920524919,3.914021008090819,4.137164559405029,0.691153161953081,4.42484663185681])",1.0
F207,"['history', 'simply', 'brother', 'trouble', 'imagine', 'itself.', 'every', 'common', 'building', 'beyond', 'certainly', 'stand.', 'traditional', 'threat', 'purpose', 'catch', 'adult', 'while.', '—', 'shocking', 'claims', 'government', 'cover-up', 'surface', 'internet.']","(10000,[72,291,503,673,1642,2259,2862,2909,4486,5301,5850,5852,6090,6332,6543,7281,7936,7949,8070,8089,8338,8391,8900,9681,9813],[4.137164559405029,4.270695952029551,0.691153161953081,4.830311739964974,4.607168188650764,2.8154087194227095,5.117993812416755,4.42484663185681,4.830311739964974,5.117993812416755,0.691153161953081,4.607168188650764,4.607168188650764,4.270695952029551,4.270695952029551,0.6832166123573445,0.691153161953081,4.42484663185681,4.270695952029551,3.914021008090819,0.691153161953081,4.830311739964974,4.42484663185681,3.5085558999826545,2.997730276216664])",0.0
R158,"['argue', 'model', 'stand', 'billion', 'although', 'meeting.', 'stop', 'member', 'occur', 'nature', 'happen', 'deal', 'environment.', 'experts', 'discuss', 'ongoing', 'developments', 'economic', 'growth.']","(10000,[258,796,1433,1921,3611,3614,3730,4506,4687,4704,5089,6790,6886,7032,7102,7779,9034,9144,9462],[4.137164559405029,4.270695952029551,4.270695952029551,3.8187108282864943,3.914021008090819,0.6753425559264385,4.270695952029551,0.691153161953081,0.6832166123573445,4.42484663185681,4.270695952029551,3.914021008090819,4.137164559405029,5.117993812416755,4.019381523748645,4.137164559405029,2.8844015909096608,2.6902455764687034,0.691153161953081])",1.0
R097,"['within', 'something', 'civil.', 'guess', 'try', 'special', 'history', 'week', 'prove', 'thought.', 'experts', 'discuss', 'ongoing', 'developments', 'technology', 'breakthrough.']","(10000,[1020,1055,2227,3614,4461,4464,4506,4687,4693,5122,5214,6543,8660,9462,9817,9826],[2.455405985391302,4.137164559405029,2.7200985396183848,0.6753425559264385,5.117993812416755,5.523458920524919,0.691153161953081,0.6832166123573445,3.914021008090819,4.137164559405029,4.42484663185681,4.270695952029551,4.42484663185681,0.691153161953081,3.577548771469606,4.42484663185681])",1.0
R092,"['vote', 'mean', 'charge', 'commercial', 'discover', 'claim', 'believe.', 'analysis', 'process', 'political', 'deep', 'professor.', 'experts', 'discuss', 'ongoing', 'developments', 'technology', 'breakthrough.']","(10000,[586,909,1020,1296,1762,2227,3180,3614,3935,4170,4506,4687,6443,6812,8040,8937,9214,9462],[4.830311739964974,4.42484663185681,2.455405985391302,4.607168188650764,4.42484663185681,2.7200985396183848,5.117993812416755,0.6753425559264385,4.137164559405029,4.42484663185681,0.691153161953081,0.6832166123573445,3.383392757028649,4.607168188650764,3.8187108282864943,3.914021008090819,3.914021008090819,0.691153161953081])",1.0
F172,"['lay', 'someone', 'agent', 'seek', 'send', 'remember', 'prove.', 'attention', 'employee', 'participant', 'piece', 'nature', 'public', 'middle', 'mouth.', 'arrive', 'mouth', 'oil', 'focus', 'when.', 'surface', 'whether', 'range', 'participant', 'story.', '—', 'shocking', 'claims', 'hoax', 'surface', 'internet.']","(10000,[165,171,503,1770,3133,3144,3283,3406,3611,3671,3931,4377,4475,5016,5105,5396,5523,5685,5850,6035,6422,6548,6624,7281,7391,7497,7936,8338,9878],[4.607168188650764,4.137164559405029,0.691153161953081,2.8844015909096608,4.019381523748645,4.137164559405029,4.830311739964974,3.914021008090819,3.914021008090819,4.607168188650764,3.914021008090819,2.60568818844064,4.019381523748645,3.914021008090819,4.830311739964974,8.541391904059102,4.137164559405029,4.42484663185681,0.691153161953081,3.4440173788450834,5.117993812416755,5.117993812416755,5.117993812416755,1.366433224714689,5.117993812416755,4.830311739964974,0.691153161953081,0.691153161953081,4.270695952029551])",0.0
R182,"['response', 'behavior', 'result', 'serve', 'operation', 'dog', 'item.', 'great', 'economic', 'past', 'cold.', 'experts', 'discuss', 'ongoing', 'developments', 'economic', 'growth.']","(10000,[399,735,750,1630,1725,2445,3614,4506,4687,5922,7299,9034,9144,9275,9462,9564],[4.270695952029551,4.270695952029551,4.830311739964974,5.117993812416755,4.137164559405029,4.137164559405029,0.6753425559264385,0.691153161953081,0.6832166123573445,4.270695952029551,5.523458920524919,2.8844015909096608,5.380491152937407,3.914021008090819,0.691153161953081,4.019381523748645])",1.0
F014,"['science', 'country', 'heavy', 'human.', 'pay', 'near', 'miss', 'two.', 'last', 'live', 'for.', '—', 'shocking', 'claims', 'secret', 'cure', 'surface', 'internet.']","(10000,[141,493,503,1071,3363,3892,3989,4241,4897,5850,5974,6747,7281,7870,7936,8338,8391,8949],[5.523458920524919,4.607168188650764,0.691153161953081,4.137164559405029,3.4440173788450834,2.5530444549552183,5.117993812416755,5.117993812416755,3.577548771469606,0.691153161953081,3.6516567436233283,2.5530444549552183,0.6832166123573445,4.137164559405029,0.691153161953081,0.691153161953081,4.830311739964974,4.270695952029551])",0.0
R230,"['series', 'billion', 'according', 'material', 'participant', 'language.', 'also', 'analysis', 'social', 'question', 'able', 'very.', 'agent', 'project', 'family', 'represent', 'work.', 'experts', 'discuss', 'ongoing', 'developments', 'election.']","(10000,[258,360,823,1296,2230,2947,3231,3496,3556,3614,3792,4463,4506,4687,5016,5396,6466,7564,8297,8717,9462,9998],[4.137164559405029,4.42484663185681,3.7316994512968646,4.607168188650764,4.270695952029551,4.270695952029551,4.42484663185681,3.6516567436233283,2.849310271098391,0.6753425559264385,4.42484663185681,3.914021008090819,0.691153161953081,0.6832166123573445,3.914021008090819,4.270695952029551,5.117993812416755,4.830311739964974,4.830311739964974,3.914021008090819,0.691153161953081,4.607168188650764])",1.0
F223,"['total', 'particular', 'society', 'movie', 'box', 'two', 'opportunity', 'me.', 'school', 'return', 'total', 'push', 'station', 'yes.', '—', 'shocking', 'claims', 'government', 'cover-up', 'surface', 'internet.']","(10000,[327,503,635,1439,2259,2601,2679,4728,5177,5850,5978,6279,6976,7281,7922,7936,8338,8415,8984,9813],[3.8187108282864943,0.691153161953081,4.137164559405029,3.577548771469606,2.8154087194227095,5.523458920524919,4.607168188650764,4.830311739964974,5.117993812416755,0.691153161953081,4.42484663185681,8.03876304749729,4.607168188650764,0.6832166123573445,3.8187108282864943,0.691153161953081,0.691153161953081,4.270695952029551,4.137164559405029,2.997730276216664])",0.0
R221,"['trial', 'ago', 'news.', 'tax', 'continue', 'stop', 'best', 'ability.', 'hundred', 'data', 'call', 'account.', 'experts', 'discuss', 'ongoing', 'developments', 'policy.']","(10000,[226,743,763,796,1195,1695,1896,3410,3614,4506,4687,5146,5175,6587,6944,9211,9462],[5.523458920524919,3.6516567436233283,4.137164559405029,4.270695952029551,3.7316994512968646,3.914021008090819,4.42484663185681,3.914021008090819,0.6753425559264385,0.691153161953081,0.6832166123573445,4.270695952029551,4.42484663185681,4.019381523748645,2.7826188965997183,5.117993812416755,0.691153161953081])",1.0
R173,"['water', 'find', 'second', 'source', 'ten', 'let.', 'brother', 'late', 'military.', 'whole', 'record', 'water.', 'put', 'conference', 'western', 'full', 'serious', 'yeah', 'soon', 'his.', 'experts', 'discuss', 'ongoing', 'developments', 'climate', 'change.']","(10000,[291,524,627,821,1041,1117,2059,2589,3079,3249,3564,3614,3754,3973,4347,4439,4506,4687,5085,5657,7510,7721,8871,8897,9256,9462],[4.270695952029551,3.6516567436233283,4.019381523748645,2.849310271098391,3.577548771469606,4.270695952029551,2.7200985396183848,3.383392757028649,4.019381523748645,3.8187108282864943,5.523458920524919,0.6753425559264385,5.117993812416755,5.523458920524919,4.019381523748645,5.523458920524919,0.691153161953081,0.6832166123573445,3.5085558999826545,4.019381523748645,3.914021008090819,4.137164559405029,4.019381523748645,4.607168188650764,4.270695952029551,0.691153161953081])",1.0
F249,"['involve', 'piece', 'economic', 'take', 'drug', 'scene.', '—', 'shocking', 'claims', 'immortal', 'jellyfish', 'surface', 'internet.']","(10000,[503,855,2066,3133,5850,6271,7281,7860,7936,8338,9144,9372,9876],[0.691153161953081,4.830311739964974,2.7508701982851385,4.019381523748645,0.691153161953081,4.137164559405029,0.6832166123573445,2.849310271098391,0.691153161953081,0.691153161953081,2.6902455764687034,4.42484663185681,2.7508701982851385])",0.0
F112,"['challenge', 'represent', 'country', 'possible', 'by.', 'upon', 'performance', 'affect', 'consider.', 'entire', 'let', 'leave', 'onto', 'leg.', '—', 'shocking', 'claims', 'government', 'cover-up', 'surface', 'internet.']","(10000,[503,1238,1804,2259,2913,4319,5850,5935,6055,6100,6735,6751,7281,7870,7936,8267,8338,8717,8824,9351,9813],[0.691153161953081,5.117993812416755,4.830311739964974,2.8154087194227095,3.577548771469606,3.914021008090819,0.691153161953081,4.830311739964974,4.607168188650764,4.019381523748645,4.42484663185681,5.117993812416755,0.6832166123573445,4.137164559405029,0.691153161953081,4.270695952029551,0.691153161953081,3.914021008090819,4.270695952029551,4.607168188650764,2.997730276216664])",0.0
R058,"['wide', 'treat', 'nation', 'ok', 'wonder', 'space.', 'sister', 'former', 'together', 'raise', 'according.', 'interest', 'happy', 'line', 'wrong', 'medical', 'need.', 'experts', 'discuss', 'ongoing', 'developments', 'budget', 'report.']","(10000,[70,1098,1182,2645,2836,3521,3527,3614,4014,4160,4506,4687,4723,4991,5347,5432,6512,6544,8268,8312,8750,9462,9907],[4.137164559405029,3.577548771469606,3.8187108282864943,4.42484663185681,3.914021008090819,3.914021008090819,4.270695952029551,0.6753425559264385,4.137164559405029,4.42484663185681,0.691153161953081,0.6832166123573445,4.270695952029551,2.60568818844064,4.137164559405029,2.7508701982851385,4.019381523748645,4.830311739964974,4.019381523748645,3.914021008090819,3.6516567436233283,0.691153161953081,5.117993812416755])",1.0
R159,"['market', 'old', 'paper.', 'offer', 'green', 'interest', 'government', 'painting', 'leave', 'often.', 'stage', 'mr', 'beautiful', 'left', 'evening.', 'serve', 'probably', 'career', 'federal', 'imagine', 'time', 'soon', 'year.', 'experts', 'discuss', 'ongoing', 'developments', 'economic', 'growth.']","(10000,[30,70,551,633,1034,1041,1273,1662,1725,2259,2297,2647,2657,2913,2958,3614,4011,4506,4687,4930,5301,7083,7517,8157,8757,9034,9144,9462,9766],[3.914021008090819,4.137164559405029,3.914021008090819,4.42484663185681,4.137164559405029,3.577548771469606,3.577548771469606,3.7316994512968646,4.137164559405029,2.8154087194227095,4.137164559405029,4.270695952029551,3.4440173788450834,3.577548771469606,4.019381523748645,0.6753425559264385,4.830311739964974,0.691153161953081,0.6832166123573445,3.6516567436233283,5.117993812416755,4.607168188650764,5.117993812416755,3.914021008090819,4.42484663185681,2.8844015909096608,2.6902455764687034,0.691153161953081,4.830311739964974])",1.0
R029,"['piece', 'style', 'ask', 'cut.', 'project', 'time', 'price', 'might', 'early', 'thank.', 'speech', 'factor.', 'experts', 'discuss', 'ongoing', 'developments', 'economic', 'growth.']","(10000,[502,798,1738,2230,3133,3507,3614,3924,4092,4506,4687,4898,5416,8000,8157,9034,9144,9462],[4.137164559405029,5.117993812416755,4.270695952029551,4.270695952029551,4.019381523748645,3.914021008090819,0.6753425559264385,4.137164559405029,4.137164559405029,0.691153161953081,0.6832166123573445,5.117993812416755,5.523458920524919,4.607168188650764,3.914021008090819,2.8844015909096608,2.6902455764687034,0.691153161953081])",1.0
R126,"['name', 'think', 'product', 'girl.', 'front', 'guy', 'contain', 'just.', 'experts', 'discuss', 'ongoing', 'developments', 'research.']","(10000,[15,94,447,504,1457,2335,3614,4506,4687,7066,7370,7493,9462],[3.8187108282864943,4.42484663185681,4.42484663185681,4.270695952029551,5.523458920524919,4.137164559405029,0.6753425559264385,0.691153161953081,0.6832166123573445,2.849310271098391,5.117993812416755,4.019381523748645,0.691153161953081])",1.0
R132,"['level', 'clear', 'capital', 'newspaper.', 'experts', 'discuss', 'ongoing', 'developments', 'education.']","(10000,[1499,1611,3614,4506,4687,4737,5047,6541,9462],[4.019381523748645,4.019381523748645,0.6753425559264385,0.691153161953081,0.6832166123573445,4.830311739964974,2.60568818844064,4.019381523748645,0.691153161953081])",1.0
R025,"['deal', 'protect', 'order', 'per', 'within', 'from.', 'teacher', 'white', 'fight', 'policy', 'lot', 'white.', 'pretty', 'establish', 'simple', 'trade.', 'experts', 'discuss', 'ongoing', 'developments', 'election.']","(10000,[298,1226,1433,2526,2913,2923,3495,3556,3614,3919,4142,4506,4687,4943,5843,6877,7166,7235,8708,9462,9817],[4.270695952029551,4.137164559405029,4.270695952029551,4.607168188650764,3.577548771469606,3.914021008090819,5.117993812416755,2.849310271098391,0.6753425559264385,4.42484663185681,4.270695952029551,0.691153161953081,0.6832166123573445,4.137164559405029,4.270695952029551,5.523458920524919,4.830311739964974,4.42484663185681,3.5085558999826545,0.691153161953081,3.577548771469606])",1.0
F214,"['particular', 'move', 'conference', 'key', 'there.', 'new', 'minute', 'season', 'contain', 'sense.', '—', 'shocking', 'claims', 'secret', 'cure', 'surface', 'internet.']","(10000,[353,503,585,2358,3131,3357,3892,5657,5804,5850,6282,6747,7281,7493,7936,8338,8984],[4.019381523748645,0.691153161953081,3.914021008090819,4.137164559405029,4.270695952029551,3.577548771469606,2.5530444549552183,4.019381523748645,4.830311739964974,0.691153161953081,4.270695952029551,2.5530444549552183,0.6832166123573445,4.019381523748645,0.691153161953081,0.691153161953081,4.137164559405029])",0.0
R177,"['benefit', 'summer', 'recognize', 'lawyer', 'might', 'own.', 'peace', 'including', 'follow', 'daughter.', 'assume', 'accept', 'thought', 'civil', 'half', 'real.', 'politics', 'activity', 'usually', 'music', 'worker', 'need', 'knowledge.', 'experts', 'discuss', 'ongoing', 'developments', 'policy.']","(10000,[55,593,1780,2657,2664,2676,2990,3614,3924,4506,4687,5653,5887,5963,6370,6537,6697,6805,6836,6944,7334,7813,8110,8171,9021,9367,9462,9481],[3.914021008090819,4.137164559405029,3.7316994512968646,3.4440173788450834,4.019381523748645,4.42484663185681,3.7316994512968646,0.6753425559264385,4.137164559405029,0.691153161953081,0.6832166123573445,4.607168188650764,3.914021008090819,5.117993812416755,4.607168188650764,4.42484663185681,4.42484663185681,5.523458920524919,4.830311739964974,2.7826188965997183,4.019381523748645,4.42484663185681,4.830311739964974,3.914021008090819,4.607168188650764,4.019381523748645,0.691153161953081,3.8187108282864943])",1.0
R196,"['area', 'policy', 'thousand', 'citizen', 'something', 'reveal', 'field', 'beat.', 'win', 'see', 'rock', 'wife', 'full.', 'experts', 'discuss', 'ongoing', 'developments', 'budget', 'report.']","(10000,[8,574,1507,2398,3021,3614,4142,4506,4687,4991,5354,5432,5649,6798,7074,8993,9462,9612,9826],[4.607168188650764,4.270695952029551,4.019381523748645,4.137164559405029,4.607168188650764,0.6753425559264385,4.270695952029551,0.691153161953081,0.6832166123573445,2.60568818844064,4.270695952029551,2.7508701982851385,4.607168188650764,4.42484663185681,3.0811118851557153,5.523458920524919,0.691153161953081,5.523458920524919,4.42484663185681])",1.0
R135,"['huge', 'agency', 'decision', 'single.', 'rise', 'manager', 'data', 'money', 'suggest.', 'experts', 'discuss', 'ongoing', 'developments', 'budget', 'report.']","(10000,[765,1652,1695,2193,2198,3478,3489,3614,4506,4687,4816,4991,5432,6103,9462],[4.019381523748645,4.137164559405029,3.914021008090819,4.019381523748645,4.270695952029551,4.830311739964974,5.523458920524919,0.6753425559264385,0.691153161953081,0.6832166123573445,4.019381523748645,2.60568818844064,2.7508701982851385,4.270695952029551,0.691153161953081])",1.0
F152,"['story', 'commercial', 'summer', 'power.', 'thought', 'participant', 'great', 'color', 'support.', 'yes', 'base', 'official', 'discover', 'case.', 'marriage', 'message', 'american', 'notice.', '—', 'shocking', 'claims', 'government', 'cover-up', 'surface', 'internet.']","(10000,[55,503,659,750,1029,2259,2715,4170,5044,5396,5850,6229,6443,6752,6855,7281,7366,7652,7936,8173,8338,8485,9481,9813,9832],[3.914021008090819,0.691153161953081,5.523458920524919,4.830311739964974,4.270695952029551,2.8154087194227095,4.137164559405029,4.42484663185681,4.270695952029551,4.270695952029551,0.691153161953081,4.270695952029551,3.383392757028649,5.523458920524919,4.830311739964974,0.6832166123573445,4.607168188650764,4.137164559405029,0.691153161953081,3.7316994512968646,0.691153161953081,4.019381523748645,3.8187108282864943,2.997730276216664,3.914021008090819])",0.0
F180,"['method', 'picture', 'notice', 'pattern', 'here.', 'way', 'business', 'thus', 'low', 'man', 'ball.', '—', 'shocking', 'claims', 'secret', 'cure', 'surface', 'internet.']","(10000,[503,617,1525,2481,2569,3892,5374,5684,5850,5947,6015,6747,7008,7281,7936,8338,8411,9391],[0.691153161953081,4.607168188650764,4.019381523748645,3.8187108282864943,3.6516567436233283,2.5530444549552183,4.019381523748645,4.019381523748645,0.691153161953081,5.117993812416755,4.270695952029551,2.5530444549552183,5.117993812416755,0.6832166123573445,0.691153161953081,0.691153161953081,3.6516567436233283,3.7316994512968646])",0.0
F003,"['knowledge', 'center', 'american', 'treat', 'coach', 'physical.', 'play', 'western', 'group', 'policy', 'peace', 'draw.', 'computer', 'campaign', 'possible', 'order.', '—', 'shocking', 'claims', 'secret', 'cure', 'surface', 'internet.']","(10000,[503,524,1116,1480,2173,3514,3759,3892,4142,5564,5850,6100,6675,6697,6747,7281,7652,7766,7864,7936,8151,8338,8750],[0.691153161953081,3.6516567436233283,5.117993812416755,4.137164559405029,4.270695952029551,4.137164559405029,4.830311739964974,2.5530444549552183,4.270695952029551,4.42484663185681,0.691153161953081,4.019381523748645,4.607168188650764,4.42484663185681,2.5530444549552183,0.6832166123573445,4.137164559405029,4.137164559405029,3.914021008090819,0.691153161953081,4.019381523748645,0.691153161953081,3.6516567436233283])",0.0
F244,"['movement', 'close', 'million.', 'mind', 'box', 'popular', 'majority.', 'various', 'key', 'century', 'spring', 'station.', '—', 'shocking', 'claims', 'celebrity', 'scandal', 'surface', 'internet.']","(10000,[503,1290,1644,3131,3184,3486,3497,3709,4921,5294,5850,6148,6647,7281,7724,7841,7922,7936,8338],[0.691153161953081,5.117993812416755,4.137164559405029,4.270695952029551,2.7826188965997183,2.849310271098391,4.019381523748645,4.42484663185681,2.849310271098391,4.607168188650764,0.691153161953081,3.8187108282864943,4.607168188650764,0.6832166123573445,4.607168188650764,4.137164559405029,3.8187108282864943,0.691153161953081,0.691153161953081])",0.0
F194,"['realize', 'need', 'floor', 'analysis.', 'boy', 'million', 'effect.', 'well', 'support', 'example', 'likely.', '—', 'shocking', 'claims', 'immortal', 'jellyfish', 'surface', 'internet.']","(10000,[157,503,1582,1890,2066,4319,5850,6421,6537,7281,7936,8113,8217,8338,8651,9606,9876],[7.463398902593729,0.691153161953081,3.8187108282864943,4.607168188650764,2.7508701982851385,3.914021008090819,0.691153161953081,4.830311739964974,4.42484663185681,0.6832166123573445,0.691153161953081,5.523458920524919,4.270695952029551,0.691153161953081,3.914021008090819,4.270695952029551,2.7508701982851385])",0.0
R044,"['teacher', 'relationship', 'let', 'wrong', 'professor', 'morning', 'operation', 'ready.', 'skin', 'inside', 'send', 'yard', 'team.', 'practice', 'half', 'majority', 'road', 'cold.', 'experts', 'discuss', 'ongoing', 'developments', 'policy.']","(10000,[424,1630,1780,2543,3160,3614,3978,4260,4280,4506,4687,5523,5725,5833,5922,6021,6512,6944,8267,8708,9066,9244,9462],[3.914021008090819,5.117993812416755,3.7316994512968646,4.019381523748645,4.607168188650764,0.6753425559264385,5.523458920524919,4.019381523748645,4.830311739964974,0.691153161953081,0.6832166123573445,4.137164559405029,4.607168188650764,5.117993812416755,4.270695952029551,4.607168188650764,4.019381523748645,2.7826188965997183,4.270695952029551,3.5085558999826545,4.42484663185681,4.137164559405029,0.691153161953081])",1.0
R141,"['hospital', 'evening', 'group', 'language', 'form.', 'team', 'shoulder', 'different', 'budget', 'issue', 'morning.', 'experts', 'discuss', 'ongoing', 'developments', 'economic', 'growth.']","(10000,[468,1716,3614,4115,4249,4506,4687,4930,4991,5286,6616,6683,6756,7766,9034,9144,9462],[4.42484663185681,4.607168188650764,0.6753425559264385,5.117993812416755,4.830311739964974,0.691153161953081,0.6832166123573445,3.6516567436233283,2.60568818844064,3.7316994512968646,4.137164559405029,4.830311739964974,3.914021008090819,4.137164559405029,2.8844015909096608,2.6902455764687034,0.691153161953081])",1.0
R188,"['everyone', 'today', 'owner', 'stop.', 'best', 'society', 'east', 'arm', 'draw', 'term', 'strategy.', 'give', 'wall', 'impact', 'long', 'oil.', 'experts', 'discuss', 'ongoing', 'developments', 'climate', 'change.']","(10000,[327,763,821,1972,1990,2059,2188,3614,3783,3984,4506,4687,6053,6404,6576,6917,7516,8167,8893,8904,9462,9806],[3.8187108282864943,4.137164559405029,2.849310271098391,5.117993812416755,5.523458920524919,2.7200985396183848,4.607168188650764,0.6753425559264385,4.137164559405029,4.607168188650764,0.691153161953081,0.6832166123573445,3.577548771469606,3.914021008090819,4.270695952029551,5.117993812416755,4.830311739964974,3.914021008090819,3.7316994512968646,4.42484663185681,0.691153161953081,3.914021008090819])",1.0
F010,"['last', 'blood', 'rest', 'modern.', 'federal', 'forget', 'quality', 'three', 'cold', 'network', 'trial.', '—', 'shocking', 'claims', 'aliens', 'surface', 'internet.']","(10000,[78,503,633,650,2359,2708,3032,3506,3920,3989,5850,5925,7146,7281,7936,8338,9152],[4.830311739964974,0.691153161953081,4.42484663185681,2.958509563063383,4.607168188650764,4.42484663185681,4.607168188650764,4.607168188650764,3.914021008090819,5.117993812416755,0.691153161953081,4.137164559405029,4.270695952029551,0.6832166123573445,0.691153161953081,0.691153161953081,4.42484663185681])",0.0
R106,"['law', 'ready', 'knowledge', 'common', 'cell.', 'learn', 'purpose', 'note', 'successful', 'present', 'recently.', 'current', 'whether', 'color', 'someone', 'stop', 'network.', 'second', 'hair', 'value', 'think', 'nearly', 'likely', 'resource', 'all.', 'experts', 'discuss', 'ongoing', 'developments', 'economic', 'growth.']","(10000,[309,796,1031,1535,1670,2335,2866,3406,3614,3671,3979,4506,4687,5659,5967,6332,6557,7403,7515,7664,7864,8089,8130,8549,9034,9144,9189,9256,9462,9832,9909],[4.607168188650764,4.270695952029551,5.117993812416755,4.607168188650764,4.270695952029551,4.137164559405029,4.137164559405029,3.914021008090819,0.6753425559264385,4.607168188650764,4.42484663185681,0.691153161953081,0.6832166123573445,5.117993812416755,4.270695952029551,4.270695952029551,3.8187108282864943,4.270695952029551,4.607168188650764,4.270695952029551,3.914021008090819,3.914021008090819,4.270695952029551,4.830311739964974,2.8844015909096608,2.6902455764687034,4.607168188650764,4.270695952029551,0.691153161953081,3.914021008090819,4.42484663185681])",1.0
R049,"['matter', 'put', 'new', 'level.', 'blood', 'goal.', 'spend', 'system', 'green', 'teacher', 'often', 'seek.', 'decade', 'perform', 'detail', 'none', 'without', 'newspaper', 'notice.', 'experts', 'discuss', 'ongoing', 'developments', 'research.']","(10000,[7,353,551,585,935,1098,1143,2359,2402,2922,3238,3614,3996,4043,4506,4687,6030,7066,7366,8708,8871,9121,9462,9831],[4.270695952029551,4.019381523748645,3.914021008090819,3.914021008090819,5.117993812416755,3.577548771469606,4.830311739964974,4.607168188650764,4.270695952029551,4.42484663185681,4.270695952029551,0.6753425559264385,4.137164559405029,4.607168188650764,0.691153161953081,0.6832166123573445,4.830311739964974,2.849310271098391,4.607168188650764,3.5085558999826545,4.019381523748645,4.830311739964974,0.691153161953081,4.137164559405029])",1.0
R144,"['soldier', 'air', 'nature', 'city.', 'drive', 'ten', 'right', 'hit', 'certain', 'face.', 'experts', 'discuss', 'ongoing', 'developments', 'budget', 'report.']","(10000,[88,206,1790,3611,3614,4141,4506,4687,4991,5085,5432,6325,8252,9288,9297,9462],[4.137164559405029,5.117993812416755,4.137164559405029,3.914021008090819,0.6753425559264385,4.42484663185681,0.691153161953081,0.6832166123573445,2.60568818844064,3.5085558999826545,2.7508701982851385,4.270695952029551,3.914021008090819,4.270695952029551,5.523458920524919,0.691153161953081])",1.0
F199,"['suffer', 'next', 'modern', 'only.', 'five', 'theory', 'training', 'concern', 'surface.', 'air', 'meeting', 'sell', 'group', 'hold.', 'tax', 'consider', 'yard', 'radio', 'attorney', 'ability', 'statement', 'trouble.', '—', 'shocking', 'claims', 'celebrity', 'scandal', 'surface', 'internet.']","(10000,[20,23,88,312,317,424,503,1243,1468,1968,2336,3486,3681,4485,4853,4921,5417,5850,5974,6135,6587,7281,7538,7766,7936,8273,8338,9086,9817],[4.270695952029551,5.117993812416755,4.137164559405029,4.019381523748645,4.607168188650764,3.914021008090819,0.691153161953081,3.914021008090819,4.607168188650764,4.42484663185681,4.019381523748645,2.849310271098391,4.42484663185681,4.607168188650764,4.270695952029551,2.849310271098391,5.117993812416755,0.691153161953081,3.6516567436233283,4.42484663185681,4.019381523748645,0.6832166123573445,3.8187108282864943,4.137164559405029,0.691153161953081,4.607168188650764,0.691153161953081,4.607168188650764,3.577548771469606])",0.0
F215,"['feeling', 'serious', 'across', 'draw', 'loss', 'drive.', 'evening', 'fall', 'record', 'good', 'whatever', 'example', 'anyone.', 'worry', 'brother', 'network.', '—', 'shocking', 'claims', 'secret', 'cure', 'surface', 'internet.']","(10000,[291,503,613,1117,3729,3892,4347,5286,5329,5850,5931,6168,6747,7074,7281,7515,7695,7936,8167,8338,8343,9391,9606],[4.270695952029551,0.691153161953081,3.914021008090819,4.270695952029551,4.019381523748645,2.5530444549552183,4.019381523748645,3.7316994512968646,4.137164559405029,0.691153161953081,5.523458920524919,4.019381523748645,2.5530444549552183,3.0811118851557153,0.6832166123573445,4.607168188650764,3.8187108282864943,0.691153161953081,3.914021008090819,0.691153161953081,4.270695952029551,3.7316994512968646,4.270695952029551])",0.0
R176,"['section', 'behavior', 'though', 'brother', 'sing.', 'raise', 'suddenly', 'charge', 'society', 'end.', 'experts', 'discuss', 'ongoing', 'developments', 'economic', 'growth.']","(10000,[291,327,735,3385,3527,3614,4066,4506,4687,4959,6812,6968,8581,9034,9144,9462],[4.270695952029551,3.8187108282864943,4.270695952029551,4.270695952029551,4.270695952029551,0.6753425559264385,5.117993812416755,0.691153161953081,0.6832166123573445,4.830311739964974,4.607168188650764,4.270695952029551,4.137164559405029,2.8844015909096608,2.6902455764687034,0.691153161953081])",1.0
F105,"['science', 'easy', 'soon', 'important', 'nation', 'present.', 'audience', 'call', 'score', 'general', 'drug', 'all.', 'cultural', 'senior', 'return', 'skill', 'see.', '—', 'shocking', 'claims', 'hoax', 'surface', 'internet.']","(10000,[503,635,760,1041,1312,1535,1927,1967,3363,3816,4014,4144,4377,5146,5465,5850,6975,7281,7860,7936,8338,9233,9968],[0.691153161953081,4.137164559405029,4.137164559405029,3.577548771469606,4.42484663185681,4.607168188650764,4.137164559405029,4.830311739964974,3.4440173788450834,5.523458920524919,4.137164559405029,4.42484663185681,2.60568818844064,4.270695952029551,3.7316994512968646,0.691153161953081,5.523458920524919,0.6832166123573445,2.849310271098391,0.691153161953081,0.691153161953081,4.270695952029551,4.137164559405029])",0.0
F031,"['keep', 'prevent', 'field', 'wide', 'report', 'treat', 'buy.', 'present', 'author', 'want', 'act', 'quite', 'attack', 'sea.', '—', 'shocking', 'claims', 'miracle', 'drug', 'surface', 'internet.']","(10000,[503,526,1256,2836,3252,5268,5693,5850,6056,6505,6928,7074,7281,7712,7860,7936,8130,8338,8750,9350,9594],[0.691153161953081,5.117993812416755,3.125563647726549,3.914021008090819,4.270695952029551,4.137164559405029,4.42484663185681,0.691153161953081,4.019381523748645,4.270695952029551,4.607168188650764,3.0811118851557153,0.6832166123573445,4.607168188650764,2.849310271098391,0.691153161953081,4.270695952029551,0.691153161953081,3.6516567436233283,4.42484663185681,4.137164559405029])",0.0
R206,"['democratic', 'three', 'choose.', 'physical', 'tend', 'miss', 'main', 'hard.', 'use', 'discussion', 'information', 'effect', 'attention', 'recently', 'i.', 'experts', 'discuss', 'ongoing', 'developments', 'research.']","(10000,[564,1071,1637,1810,2034,2117,3144,3614,4333,4506,4687,5133,5315,5606,5925,6324,7066,8190,8649,9462],[4.270695952029551,4.137164559405029,4.42484663185681,4.42484663185681,4.270695952029551,5.117993812416755,4.137164559405029,0.6753425559264385,5.523458920524919,0.691153161953081,0.6832166123573445,4.42484663185681,3.7316994512968646,4.270695952029551,4.137164559405029,4.019381523748645,2.849310271098391,3.914021008090819,4.42484663185681,0.691153161953081])",1.0
F238,"['difference', 'morning', 'market', 'answer', 'much', 'every.', 'bit', 'tough', 'term', 'trouble.', 'drug', 'green', 'information', 'sign', 'option', 'study.', '—', 'shocking', 'claims', 'secret', 'cure', 'surface', 'internet.']","(10000,[317,503,524,551,1989,2188,2657,3160,3619,3892,5447,5850,6747,6756,7281,7860,7866,7936,8190,8338,8625,8997,9613],[4.607168188650764,0.691153161953081,3.6516567436233283,3.914021008090819,4.019381523748645,4.607168188650764,3.4440173788450834,4.607168188650764,4.019381523748645,2.5530444549552183,3.5085558999826545,0.691153161953081,2.5530444549552183,3.914021008090819,0.6832166123573445,2.849310271098391,3.914021008090819,0.691153161953081,3.914021008090819,0.691153161953081,5.117993812416755,5.523458920524919,4.270695952029551])",0.0
R027,"['begin', 'throw', 'three', 'listen', 'book', 'common', 'practice.', 'experts', 'discuss', 'ongoing', 'developments', 'climate', 'change.']","(10000,[393,429,821,1513,2059,3567,3614,4506,4687,5925,6332,8325,9462],[4.019381523748645,4.270695952029551,2.849310271098391,3.914021008090819,2.7200985396183848,5.523458920524919,0.6753425559264385,0.691153161953081,0.6832166123573445,4.137164559405029,4.270695952029551,4.607168188650764,0.691153161953081])",1.0
F169,"['stand', 'another', 'drop', 'physical', 'various.', 'social', 'type', 'small', 'industry', 'ground.', 'leg', 'story', 'huge', 'later', 'matter.', '—', 'shocking', 'claims', 'government', 'cover-up', 'surface', 'internet.']","(10000,[222,503,560,823,2198,2259,3010,3526,5850,6290,6584,6855,6886,7281,7936,7968,8166,8338,8577,8649,8678,9813],[4.270695952029551,0.691153161953081,4.830311739964974,3.7316994512968646,4.270695952029551,2.8154087194227095,3.6516567436233283,4.270695952029551,0.691153161953081,4.42484663185681,5.523458920524919,4.830311739964974,4.137164559405029,0.6832166123573445,0.691153161953081,5.117993812416755,4.137164559405029,0.691153161953081,4.830311739964974,4.42484663185681,5.523458920524919,2.997730276216664])",0.0
F208,"['military', 'capital', 'individual', 'teacher', 'else.', 'serious', 'service', 'increase', 'above.', 'recognize', 'wife', 'professional', 'commercial', 'campaign', 'particularly.', '—', 'shocking', 'claims', 'aliens', 'surface', 'internet.']","(10000,[503,650,1117,2155,2252,2406,3021,5850,5877,6443,6541,6675,7281,7936,7963,8171,8338,8614,8708,9168,9757],[0.691153161953081,2.958509563063383,4.270695952029551,4.42484663185681,3.914021008090819,4.830311739964974,4.607168188650764,0.691153161953081,4.42484663185681,3.383392757028649,4.019381523748645,4.607168188650764,0.6832166123573445,0.691153161953081,3.5085558999826545,3.914021008090819,0.691153161953081,4.270695952029551,3.5085558999826545,5.117993812416755,5.117993812416755])",0.0
F212,"['include', 'wonder', 'plan', 'first', 'budget.', 'happy', 'government', 'pay', 'summer', 'eight', 'care', 'cause.', '—', 'shocking', 'claims', 'miracle', 'drug', 'surface', 'internet.']","(10000,[503,1222,1256,2259,2953,4723,4897,5310,5347,5850,6123,6403,7070,7281,7860,7936,8338,8482,9481],[0.691153161953081,5.523458920524919,3.125563647726549,2.8154087194227095,4.42484663185681,4.270695952029551,3.577548771469606,4.019381523748645,4.137164559405029,0.691153161953081,4.607168188650764,4.137164559405029,5.117993812416755,0.6832166123573445,2.849310271098391,0.691153161953081,0.691153161953081,4.270695952029551,3.8187108282864943])",0.0
F032,"['eight', 'assume', 'response', 'issue.', 'structure', 'recognize', 'couple', 'medical', 'president', 'hit', 'understand.', '—', 'shocking', 'claims', 'hoax', 'surface', 'internet.']","(10000,[503,1306,2445,2664,2996,3378,4377,5850,7281,7702,7936,8171,8252,8268,8338,8413,8482],[0.691153161953081,3.7316994512968646,4.137164559405029,4.019381523748645,3.6516567436233283,4.830311739964974,2.60568818844064,0.691153161953081,0.6832166123573445,5.117993812416755,0.691153161953081,3.914021008090819,3.914021008090819,4.019381523748645,0.691153161953081,4.137164559405029,4.270695952029551])",0.0
F109,"['view', 'seat', 'huge', 'information.', '—', 'shocking', 'claims', 'hoax', 'surface', 'internet.']","(10000,[47,503,2198,4377,5850,5955,7281,7293,7936,8338],[4.42484663185681,0.691153161953081,4.270695952029551,2.60568818844064,0.691153161953081,5.117993812416755,0.6832166123573445,4.137164559405029,0.691153161953081,0.691153161953081])",0.0
R111,"['mrs', 'letter', 'meeting', 'enough', 'yeah.', 'lay', 'difference', 'turn.', 'experts', 'discuss', 'ongoing', 'developments', 'policy.']","(10000,[20,564,3334,3614,4475,4506,4687,4748,6944,7866,8134,9462,9751],[4.270695952029551,4.270695952029551,5.117993812416755,0.6753425559264385,4.019381523748645,0.691153161953081,0.6832166123573445,4.270695952029551,2.7826188965997183,3.914021008090819,5.117993812416755,0.691153161953081,4.270695952029551])",1.0
F078,"['service', 'understand', 'marriage.', 'sit', 'dream', 'though', 'expert', 'along', 'decision.', '—', 'shocking', 'claims', 'aliens', 'surface', 'internet.']","(10000,[503,650,914,1344,2252,2366,2840,3385,5377,5850,6487,6946,7281,7936,8338],[0.691153161953081,2.958509563063383,4.137164559405029,4.830311739964974,3.914021008090819,4.137164559405029,4.607168188650764,4.270695952029551,4.830311739964974,0.691153161953081,3.8187108282864943,4.137164559405029,0.6832166123573445,0.691153161953081,0.691153161953081])",0.0
R105,"['well', 'military', 'prevent', 'doctor', 'finally', 'focus', 'technology.', 'model', 'indeed', 'possible', 'sort', 'star', 'west.', 'experts', 'discuss', 'ongoing', 'developments', 'budget', 'report.']","(10000,[157,777,1817,3252,3614,3931,4506,4687,4934,4991,5170,5432,5720,5877,5987,6100,7102,8893,9462],[3.7316994512968646,4.830311739964974,4.270695952029551,4.270695952029551,0.6753425559264385,3.914021008090819,0.691153161953081,0.6832166123573445,4.270695952029551,2.60568818844064,4.270695952029551,2.7508701982851385,3.7316994512968646,4.42484663185681,5.117993812416755,4.019381523748645,4.019381523748645,3.7316994512968646,0.691153161953081])",1.0
F196,"['machine', 'name', 'young', 'sit', 'wear', 'piece.', 'bag', 'scene', 'color', 'effort.', 'sort', 'best', 'market', 'prepare.', '—', 'shocking', 'claims', 'government', 'cover-up', 'surface', 'internet.']","(10000,[15,415,503,763,2259,2657,2912,3386,5720,5844,5850,6581,6946,7281,7809,7936,8040,8338,9784,9813,9832],[3.8187108282864943,3.8187108282864943,0.691153161953081,4.137164559405029,2.8154087194227095,3.4440173788450834,4.830311739964974,5.117993812416755,3.7316994512968646,3.7316994512968646,0.691153161953081,4.270695952029551,4.137164559405029,0.6832166123573445,4.137164559405029,0.691153161953081,3.8187108282864943,0.691153161953081,5.523458920524919,2.997730276216664,3.914021008090819])",0.0
F118,"['yet', 'long', 'community', 'shake', 'especially.', 'forward', 'western', 'training', 'hot', 'if.', '—', 'shocking', 'claims', 'immortal', 'jellyfish', 'surface', 'internet.']","(10000,[503,524,1770,2066,2180,4037,5850,6259,7281,7538,7936,8174,8338,8411,8904,9693,9876],[0.691153161953081,3.6516567436233283,2.8844015909096608,2.7508701982851385,4.019381523748645,4.607168188650764,0.691153161953081,5.523458920524919,0.6832166123573445,3.8187108282864943,0.691153161953081,4.830311739964974,0.691153161953081,3.6516567436233283,4.42484663185681,4.137164559405029,2.7508701982851385])",0.0
F077,"['hospital', 'avoid', 'head', 'coach', 'television', 'environmental', 'less.', 'child', 'model', 'behind', 'street', 'conference.', 'population', 'radio', 'stand', 'top', 'shake', 'financial.', 'hear', 'ground', 'end', 'father', 'everybody', 'bar.', '—', 'shocking', 'claims', 'secret', 'cure', 'surface', 'internet.']","(10000,[359,453,503,1064,1109,1388,1800,1811,1898,2180,2561,3514,3684,3892,4346,4842,4930,5328,5850,6027,6487,6747,6886,7102,7244,7281,7936,8338,8713,9086,9258],[5.117993812416755,4.137164559405029,0.691153161953081,4.607168188650764,5.117993812416755,4.42484663185681,4.42484663185681,5.117993812416755,5.117993812416755,4.019381523748645,4.607168188650764,4.137164559405029,4.607168188650764,2.5530444549552183,3.914021008090819,4.137164559405029,3.6516567436233283,3.577548771469606,0.691153161953081,4.137164559405029,3.8187108282864943,2.5530444549552183,4.137164559405029,4.019381523748645,3.577548771469606,0.6832166123573445,0.691153161953081,0.691153161953081,4.42484663185681,4.607168188650764,4.830311739964974])",0.0
F070,"['science', 'bill', 'education', 'according.', 'human', 'everybody', 'purpose', 'owner', 'place', 'stage', 'already.', '—', 'shocking', 'claims', 'government', 'cover-up', 'surface', 'internet.']","(10000,[30,503,2259,2561,3363,5530,5850,6053,6390,7281,7936,8089,8135,8303,8338,9181,9813,9907],[3.914021008090819,0.691153161953081,2.8154087194227095,4.607168188650764,3.4440173788450834,4.607168188650764,0.691153161953081,3.577548771469606,3.914021008090819,0.6832166123573445,0.691153161953081,3.914021008090819,4.830311739964974,4.830311739964974,0.691153161953081,4.607168188650764,2.997730276216664,5.117993812416755])",0.0
F041,"['capital', 'million', 'fish', 'space.', 'spring', 'point', 'increase', 'agreement', 'short.', 'enter', 'forget', 'bad', 'themselves.', '—', 'shocking', 'claims', 'immortal', 'jellyfish', 'surface', 'internet.']","(10000,[503,746,1098,1376,1644,2066,4416,5850,5853,6541,7146,7281,7435,7936,7956,7963,8338,8413,8651,9876],[0.691153161953081,5.523458920524919,3.577548771469606,4.607168188650764,4.137164559405029,2.7508701982851385,4.830311739964974,0.691153161953081,5.117993812416755,4.019381523748645,4.270695952029551,0.6832166123573445,4.019381523748645,0.691153161953081,4.137164559405029,3.5085558999826545,0.691153161953081,4.137164559405029,3.914021008090819,2.7508701982851385])",0.0
R026,"['wide', 'ask', 'stop', 'station', 'cost', 'pass', 'war.', 'stuff', 'southern', 'trial', 'reality.', 'local', 'week', 'soon', 'adult', 'social', 'fill', 'race.', 'experts', 'discuss', 'ongoing', 'developments', 'policy.']","(10000,[72,228,320,796,823,1041,2836,3082,3410,3507,3614,3743,4490,4506,4687,5122,6749,6944,7722,8392,8415,9462,9727],[4.137164559405029,4.137164559405029,4.137164559405029,4.270695952029551,3.7316994512968646,3.577548771469606,3.914021008090819,5.117993812416755,3.914021008090819,3.914021008090819,0.6753425559264385,4.42484663185681,4.019381523748645,0.691153161953081,0.6832166123573445,4.137164559405029,5.117993812416755,2.7826188965997183,4.830311739964974,4.42484663185681,4.270695952029551,0.691153161953081,4.270695952029551])",1.0
R207,"['experience', 'record', 'set', 'public.', 'hear', 'approach', 'suggest.', 'experts', 'discuss', 'ongoing', 'developments', 'policy.']","(10000,[3095,3478,3614,3635,4347,4506,4687,4842,5342,6944,8366,9462],[4.019381523748645,4.830311739964974,0.6753425559264385,3.8187108282864943,4.019381523748645,0.691153161953081,0.6832166123573445,4.137164559405029,4.137164559405029,2.7826188965997183,5.117993812416755,0.691153161953081])",1.0
F163,"['suddenly', 'least', 'try', 'site.', 'help', 'positive', 'structure.', 'trouble', 'available', 'set', 'hold', 'clear', 'rise.', 'require', 'general', 'source', 'theory.', '—', 'shocking', 'claims', 'secret', 'cure', 'surface', 'internet.']","(10000,[1,503,1611,1634,2389,2475,2909,3892,4554,4648,4693,5342,5392,5465,5850,6477,6747,7281,7721,7936,8338,8449,8581,9347],[4.42484663185681,0.691153161953081,4.019381523748645,4.137164559405029,4.42484663185681,3.914021008090819,4.42484663185681,2.5530444549552183,5.523458920524919,5.117993812416755,3.914021008090819,4.137164559405029,5.523458920524919,3.7316994512968646,0.691153161953081,5.523458920524919,2.5530444549552183,0.6832166123573445,4.137164559405029,0.691153161953081,0.691153161953081,4.137164559405029,4.137164559405029,4.607168188650764])",0.0
F171,"['keep', 'sit', 'matter', 'fill', 'appear', 'fish', 'cell.', 'federal', 'health', 'sister', 'special', 'feel.', '—', 'shocking', 'claims', 'government', 'cover-up', 'surface', 'internet.']","(10000,[503,633,1055,1376,2259,2402,3521,5850,6946,7281,7936,8182,8338,8549,8805,9594,9682,9727,9813],[0.691153161953081,4.42484663185681,4.137164559405029,4.607168188650764,2.8154087194227095,4.270695952029551,3.914021008090819,0.691153161953081,4.137164559405029,0.6832166123573445,0.691153161953081,4.019381523748645,0.691153161953081,4.830311739964974,4.019381523748645,4.137164559405029,5.117993812416755,4.270695952029551,2.997730276216664])",0.0
F139,"['enough', 'one', 'blue', 'scene', 'improve.', 'weight', 'career', 'hospital', 'fast', 'responsibility', 'husband.', '—', 'shocking', 'claims', 'immortal', 'jellyfish', 'surface', 'internet.']","(10000,[503,815,2066,3502,4748,4930,5564,5768,5844,5850,7281,7936,8004,8338,9142,9263,9876],[0.691153161953081,4.270695952029551,2.7508701982851385,4.137164559405029,4.270695952029551,7.3033134872466565,4.42484663185681,4.019381523748645,3.7316994512968646,0.691153161953081,0.6832166123573445,0.691153161953081,4.42484663185681,0.691153161953081,4.607168188650764,3.914021008090819,2.7508701982851385])",0.0
F120,"['hand', 'skill', 'leader', 'million', 'staff', 'message', 'million.', 'name', 'hot', 'nation', 'performance.', '—', 'shocking', 'claims', 'miracle', 'drug', 'surface', 'internet.']","(10000,[15,503,1256,1526,1596,2715,3423,4014,5850,6224,7281,7724,7860,7936,8338,8651,9693,9968],[3.8187108282864943,0.691153161953081,3.125563647726549,3.577548771469606,5.523458920524919,4.137164559405029,4.42484663185681,4.137164559405029,0.691153161953081,3.914021008090819,0.6832166123573445,4.607168188650764,2.849310271098391,0.691153161953081,0.691153161953081,3.914021008090819,4.137164559405029,4.137164559405029])",0.0
F146,"['page', 'series', 'hour', 'west', 'business', 'can.', 'red', 'growth', 'realize', 'agency', 'notice.', '—', 'shocking', 'claims', 'mind', 'control', 'surface', 'internet.']","(10000,[52,320,503,527,765,1208,1247,1582,2827,3184,4463,5085,5374,5850,7281,7366,7936,8338],[4.019381523748645,4.137164559405029,0.691153161953081,3.8187108282864943,4.019381523748645,2.849310271098391,5.117993812416755,3.8187108282864943,4.137164559405029,2.7826188965997183,3.914021008090819,3.5085558999826545,4.019381523748645,0.691153161953081,0.6832166123573445,4.607168188650764,0.691153161953081,0.691153161953081])",0.0
R115,"['financial', 'protect', 'season', 'century', 'choice.', 'create', 'federal', 'pay', 'indicate', 'cold', 'a.', 'road', 'democratic', 'amount', 'indicate', 'treat', 'accept', 'along.', 'experts', 'discuss', 'ongoing', 'developments', 'research.']","(10000,[633,779,1404,1766,2358,2657,3614,3920,4506,4687,4897,5606,5725,6485,7066,7222,7235,7407,7841,8389,8750,9462],[4.42484663185681,4.830311739964974,4.019381523748645,4.607168188650764,4.137164559405029,3.4440173788450834,0.6753425559264385,3.914021008090819,0.691153161953081,0.6832166123573445,3.577548771469606,4.270695952029551,4.607168188650764,10.23598762483351,2.849310271098391,4.137164559405029,4.42484663185681,4.270695952029551,4.137164559405029,4.607168188650764,3.6516567436233283,0.691153161953081])",1.0
F039,"['team', 'result', 'pressure', 'keep', 'catch', 'room', 'memory.', 'minute', 'chance', 'strong', 'brother', 'great.', '—', 'shocking', 'claims', 'aliens', 'surface', 'internet.']","(10000,[291,346,399,468,494,503,650,3357,5661,5850,6079,6355,6591,7281,7936,7949,8338,9594],[4.270695952029551,4.42484663185681,4.270695952029551,4.42484663185681,4.019381523748645,0.691153161953081,2.958509563063383,3.577548771469606,4.137164559405029,0.691153161953081,4.830311739964974,4.137164559405029,5.117993812416755,0.6832166123573445,0.691153161953081,4.42484663185681,0.691153161953081,4.137164559405029])",0.0
F225,"['boy', 'trial', 'dog', 'small', 'hotel', 'daughter', 'big.', 'scientist', 'democratic', 'purpose', 'tell.', 'improve', 'place', 'live', 'wrong', 'vote', 'return', 'real.', '—', 'shocking', 'claims', 'hoax', 'surface', 'internet.']","(10000,[157,222,493,503,635,1890,2408,2663,3410,4377,5606,5850,5963,6226,6390,6512,7281,7623,7936,8089,8338,9083,9214,9564],[3.7316994512968646,4.270695952029551,4.607168188650764,0.691153161953081,4.137164559405029,4.607168188650764,4.137164559405029,4.607168188650764,3.914021008090819,2.60568818844064,4.270695952029551,0.691153161953081,5.117993812416755,3.914021008090819,3.914021008090819,4.019381523748645,0.6832166123573445,5.117993812416755,0.691153161953081,3.914021008090819,0.691153161953081,5.117993812416755,3.914021008090819,4.019381523748645])",0.0
F140,"['mention', 'suddenly', 'particularly', 'example', 'benefit.', 'research', 'maybe', 'car', 'left', 'person.', '—', 'shocking', 'claims', 'aliens', 'surface', 'internet.']","(10000,[503,650,1662,1750,1840,2907,3674,4818,5850,6443,7281,7936,8338,8581,9432,9606],[0.691153161953081,2.958509563063383,3.7316994512968646,5.523458920524919,5.523458920524919,4.42484663185681,3.914021008090819,4.607168188650764,0.691153161953081,3.383392757028649,0.6832166123573445,0.691153161953081,0.691153161953081,4.137164559405029,3.8187108282864943,4.270695952029551])",0.0
F122,"['man', 'perform', 'mother', 'without', 'determine', 'life', 'support', 'well.', 'return', 'strategy', 'affect', 'safe', 'ok', 'actually', 'majority.', '—', 'shocking', 'claims', 'mind', 'control', 'surface', 'internet.']","(10000,[354,503,635,1098,1208,2291,2569,2645,3184,3477,3709,4043,5850,6055,6447,7281,7642,7734,7936,8217,8338,8833],[4.270695952029551,0.691153161953081,4.137164559405029,3.577548771469606,2.849310271098391,4.830311739964974,3.6516567436233283,4.42484663185681,2.7826188965997183,4.137164559405029,4.42484663185681,4.607168188650764,0.691153161953081,4.607168188650764,3.6516567436233283,0.6832166123573445,4.137164559405029,4.270695952029551,0.691153161953081,4.270695952029551,0.691153161953081,5.117993812416755])",0.0
R070,"['cell', 'doctor', 'general', 'necessary', 'always', 'always.', 'experts', 'discuss', 'ongoing', 'developments', 'budget', 'report.']","(10000,[777,3210,3614,4506,4687,4991,5432,5465,6816,7979,9011,9462],[4.830311739964974,4.607168188650764,0.6753425559264385,0.691153161953081,0.6832166123573445,2.60568818844064,2.7508701982851385,3.7316994512968646,4.830311739964974,4.42484663185681,3.914021008090819,0.691153161953081])",1.0
F248,"['become', 'song', 'five', 'protect.', 'produce', 'girl', 'fire', 'room.', 'product', 'cold', 'time', 'sell', 'maintain.', 'month', 'yeah', 'defense', 'trouble', 'close', 'rule', 'physical.', '—', 'shocking', 'claims', 'celebrity', 'scandal', 'surface', 'internet.']","(10000,[343,447,503,1029,1116,1648,2366,2909,3249,3486,3497,3543,3920,4485,4921,5191,5741,5850,5974,6475,7090,7281,7350,7936,8157,8338,8693],[4.137164559405029,4.42484663185681,0.691153161953081,4.270695952029551,5.117993812416755,4.137164559405029,4.137164559405029,4.42484663185681,3.8187108282864943,2.849310271098391,4.019381523748645,4.270695952029551,3.914021008090819,4.607168188650764,2.849310271098391,4.607168188650764,4.270695952029551,0.691153161953081,3.6516567436233283,5.117993812416755,5.523458920524919,0.6832166123573445,4.270695952029551,0.691153161953081,3.914021008090819,0.691153161953081,4.830311739964974])",0.0
R016,"['various', 'cut', 'space', 'military', 'meeting', 'his.', 'must', 'concern', 'eye', 'push', 'dog', 'final', 'program.', 'experts', 'discuss', 'ongoing', 'developments', 'technology', 'breakthrough.']","(10000,[20,1020,1023,1206,1341,1653,1968,2227,3614,3754,4506,4687,5877,5978,6647,7025,9188,9462,9564],[4.270695952029551,2.455405985391302,3.8187108282864943,4.019381523748645,4.42484663185681,4.607168188650764,4.42484663185681,2.7200985396183848,0.6753425559264385,5.117993812416755,0.691153161953081,0.6832166123573445,4.42484663185681,4.42484663185681,4.607168188650764,5.523458920524919,4.270695952029551,0.691153161953081,4.019381523748645])",1.0
R148,"['film', 'level', 'capital', 'position', 'rest', 'almost', 'cut.', 'provide', 'major', 'recent.', 'recognize', 'health', 'public', 'send', 'industry', 'late', 'poor', 'investment.', 'experts', 'discuss', 'ongoing', 'developments', 'technology', 'breakthrough.']","(10000,[1020,1058,1339,1499,1734,1770,2227,2708,3010,3079,3614,4506,4687,4898,5003,5523,5946,6541,7117,8103,8171,8566,8805,9462],[2.455405985391302,4.137164559405029,4.137164559405029,4.019381523748645,4.607168188650764,2.8844015909096608,2.7200985396183848,4.42484663185681,3.6516567436233283,4.019381523748645,0.6753425559264385,0.691153161953081,0.6832166123573445,5.117993812416755,3.914021008090819,4.137164559405029,4.019381523748645,4.019381523748645,5.117993812416755,4.607168188650764,3.914021008090819,4.270695952029551,4.019381523748645,0.691153161953081])",1.0
R142,"['cover', 'eye', 'message', 'move', 'fly.', 'face', 'around', 'natural', 'friend', 'general', 'head.', 'experts', 'discuss', 'ongoing', 'developments', 'budget', 'report.']","(10000,[488,1341,2715,3593,3614,4034,4506,4687,4988,4991,5432,5465,6104,6197,6282,7230,9462],[4.137164559405029,4.42484663185681,4.137164559405029,5.523458920524919,0.6753425559264385,4.607168188650764,0.691153161953081,0.6832166123573445,3.8187108282864943,2.60568818844064,2.7508701982851385,3.7316994512968646,4.270695952029551,4.270695952029551,4.270695952029551,5.117993812416755,0.691153161953081])",1.0
F141,"['key', 'note', 'receive', 'spring.', 'hundred', 'tell', 'serve', 'break', 'group', 'care', 'congress', 'decision.', '—', 'shocking', 'claims', 'miracle', 'drug', 'surface', 'internet.']","(10000,[503,668,1256,1725,1850,3131,4617,5175,5310,5377,5850,7281,7766,7860,7936,8338,8728,9183,9909],[0.691153161953081,4.019381523748645,3.125563647726549,4.137164559405029,4.42484663185681,4.270695952029551,5.117993812416755,4.42484663185681,4.019381523748645,4.830311739964974,0.691153161953081,0.6832166123573445,4.137164559405029,2.849310271098391,0.691153161953081,0.691153161953081,3.6516567436233283,5.117993812416755,4.42484663185681])",0.0
R076,"['natural', 'green', 'memory', 'rock', 'history', 'bill.', 'others', 'at.', 'either', 'gun', 'rock', 'half', 'energy', 'effort', 'number.', 'experts', 'discuss', 'ongoing', 'developments', 'technology', 'breakthrough.']","(10000,[551,574,1020,1780,2227,3204,3614,4506,4687,4702,4988,5726,6543,6940,6941,7152,8307,8313,9126,9462],[3.914021008090819,8.541391904059102,2.455405985391302,3.7316994512968646,2.7200985396183848,5.117993812416755,0.6753425559264385,0.691153161953081,0.6832166123573445,4.607168188650764,3.8187108282864943,3.5085558999826545,4.270695952029551,3.8187108282864943,3.7316994512968646,4.830311739964974,3.914021008090819,4.137164559405029,4.42484663185681,0.691153161953081])",1.0
R180,"['local', 'bag', 'officer', 'hit.', 'room', 'beautiful', 'inside.', 'experts', 'discuss', 'ongoing', 'developments', 'budget', 'report.']","(10000,[228,415,494,696,885,1273,3614,4506,4687,4991,5432,5465,9462],[4.137164559405029,3.8187108282864943,4.019381523748645,4.270695952029551,5.523458920524919,3.577548771469606,0.6753425559264385,0.691153161953081,0.6832166123573445,2.60568818844064,2.7508701982851385,3.7316994512968646,0.691153161953081])",1.0
F126,"['remember', 'three', 'rest', 'field', 'peace.', 'read', 'reveal', 'experience', 'last.', 'alone', 'within', 'others', 'stay', 'beat', 'cost.', '—', 'shocking', 'claims', 'aliens', 'surface', 'internet.']","(10000,[433,503,650,1507,2492,2569,2708,3039,3635,4944,5685,5850,5925,6143,6940,7074,7281,7650,7936,8338,9817],[4.137164559405029,0.691153161953081,2.958509563063383,4.019381523748645,4.270695952029551,3.6516567436233283,4.42484663185681,5.523458920524919,3.8187108282864943,5.523458920524919,4.42484663185681,0.691153161953081,4.137164559405029,5.117993812416755,3.8187108282864943,3.0811118851557153,0.6832166123573445,4.607168188650764,0.691153161953081,0.691153161953081,3.577548771469606])",0.0
R134,"['student', 'sit', 'card', 'five', 'activity.', 'resource', 'table', 'red', 'memory', 'tell.', 'statement', 'car', 'effect', 'cost', 'weight', 'born.', 'experts', 'discuss', 'ongoing', 'developments', 'economic', 'growth.']","(10000,[52,1670,2144,3286,3536,3614,3674,3931,4490,4506,4687,5974,6324,6941,6946,7417,8004,9034,9083,9144,9462,9817],[4.019381523748645,4.270695952029551,4.42484663185681,4.830311739964974,4.830311739964974,0.6753425559264385,3.914021008090819,3.914021008090819,4.019381523748645,0.691153161953081,0.6832166123573445,3.6516567436233283,4.019381523748645,3.7316994512968646,4.137164559405029,5.523458920524919,4.42484663185681,2.8844015909096608,5.117993812416755,2.6902455764687034,0.691153161953081,3.577548771469606])",1.0
F132,"['third', 'available', 'section', 'water', 'sit.', 'real', 'role', 'actually', 'born', 'early', 'always', 'far', 'group.', '—', 'shocking', 'claims', 'mind', 'control', 'surface', 'internet.']","(10000,[503,1208,2475,2589,2778,3184,3350,4092,4158,5850,6447,6968,7268,7281,7936,8338,8771,9011,9545,9691],[0.691153161953081,2.849310271098391,3.914021008090819,3.383392757028649,5.523458920524919,2.7826188965997183,4.019381523748645,4.137164559405029,4.830311739964974,0.691153161953081,3.6516567436233283,4.270695952029551,5.117993812416755,0.6832166123573445,0.691153161953081,0.691153161953081,3.6516567436233283,3.914021008090819,4.42484663185681,4.270695952029551])",0.0
F230,"['big', 'activity', 'avoid', 'attention.', 'yard', 'offer', 'necessary', 'establish', 'improve.', '—', 'shocking', 'claims', 'immortal', 'jellyfish', 'surface', 'internet.']","(10000,[424,503,1388,2066,2923,2958,3048,5564,5850,7281,7936,7979,8110,8203,8338,9876],[3.914021008090819,0.691153161953081,4.42484663185681,2.7508701982851385,3.914021008090819,4.019381523748645,4.270695952029551,4.42484663185681,0.691153161953081,0.6832166123573445,0.691153161953081,4.42484663185681,4.830311739964974,5.117993812416755,0.691153161953081,2.7508701982851385])",0.0
F243,"['rate', 'every', 'edge.', '—', 'shocking', 'claims', 'aliens', 'surface', 'internet.']","(10000,[253,503,650,5850,7281,7936,8338,8859,9681],[4.607168188650764,0.691153161953081,2.958509563063383,0.691153161953081,0.6832166123573445,0.691153161953081,0.691153161953081,4.830311739964974,3.5085558999826545])",0.0
R191,"['another', 'member', 'half', 'apply', 'area', 'president', 'could.', 'third', 'value', 'month', 'seem', 'culture.', 'experts', 'discuss', 'ongoing', 'developments', 'budget', 'report.']","(10000,[1306,1780,2588,3614,4506,4687,4991,5432,5649,5703,5741,6790,7312,7403,7876,8166,8771,9462],[3.7316994512968646,3.7316994512968646,4.270695952029551,0.6753425559264385,0.691153161953081,0.6832166123573445,2.60568818844064,2.7508701982851385,4.607168188650764,4.830311739964974,4.270695952029551,3.914021008090819,4.42484663185681,4.270695952029551,5.117993812416755,4.137164559405029,3.6516567436233283,0.691153161953081])",1.0
R130,"['congress', 'sport', 'owner', 'camera.', 'past', 'year', 'try', 'road', 'level.', 'experts', 'discuss', 'ongoing', 'developments', 'public', 'health.']","(10000,[1770,3192,3614,4506,4687,4693,5725,6053,6219,8278,8728,8899,9121,9275,9462],[2.8844015909096608,4.42484663185681,0.6753425559264385,0.691153161953081,0.6832166123573445,3.914021008090819,4.607168188650764,3.577548771469606,3.125563647726549,4.137164559405029,3.6516567436233283,4.270695952029551,4.830311739964974,3.914021008090819,0.691153161953081])",1.0
F081,"['together', 'sign', 'process', 'too.', 'scientist', 'environment', 'food', 'clearly.', '—', 'shocking', 'claims', 'mind', 'control', 'surface', 'internet.']","(10000,[503,1208,1985,2407,3184,5850,6226,6756,7281,7936,8040,8312,8338,8653,9873],[0.691153161953081,2.849310271098391,5.117993812416755,4.830311739964974,2.7826188965997183,0.691153161953081,3.914021008090819,3.914021008090819,0.6832166123573445,0.691153161953081,3.8187108282864943,3.914021008090819,0.691153161953081,4.607168188650764,5.523458920524919])",0.0
R209,"['even', 'consider', 'term.', 'safe', 'interview', 'quickly', 'minute', 'move.', 'experts', 'discuss', 'ongoing', 'developments', 'technology', 'breakthrough.']","(10000,[312,1020,2227,3357,3391,3614,4506,4687,5760,6035,6406,6533,7642,9462],[4.019381523748645,2.455405985391302,2.7200985396183848,3.577548771469606,4.607168188650764,0.6753425559264385,0.691153161953081,0.6832166123573445,4.830311739964974,3.4440173788450834,4.270695952029551,4.830311739964974,4.137164559405029,0.691153161953081])",1.0
F228,"['perhaps', 'building', 'everything', 'expert', 'always', 'generation.', 'increase', 'animal', 'work.', '—', 'shocking', 'claims', 'hoax', 'surface', 'internet.']","(10000,[360,503,914,1259,4377,4695,5850,5852,7281,7360,7936,7963,8338,9011,9156],[4.42484663185681,0.691153161953081,4.137164559405029,4.137164559405029,2.60568818844064,4.830311739964974,0.691153161953081,4.607168188650764,0.6832166123573445,4.607168188650764,0.691153161953081,3.5085558999826545,0.691153161953081,3.914021008090819,3.7316994512968646])",0.0
R030,"['eat', 'push', 'away', 'third.', 'specific', 'record', 'economy', 'whole', 'young', 'debate', 'wall', 'cultural.', 'experts', 'discuss', 'ongoing', 'developments', 'budget', 'report.']","(10000,[217,627,2059,3614,3737,4347,4506,4687,4991,5432,5978,6404,7276,7809,8151,8276,8471,9462],[4.42484663185681,4.019381523748645,2.7200985396183848,0.6753425559264385,3.914021008090819,4.019381523748645,0.691153161953081,0.6832166123573445,2.60568818844064,2.7508701982851385,4.42484663185681,3.914021008090819,4.019381523748645,4.137164559405029,4.019381523748645,4.42484663185681,4.830311739964974,0.691153161953081])",1.0
R214,"['member', 'outside', 'provide', 'real', 'year.', 'bad', 'point', 'anything.', 'experts', 'discuss', 'ongoing', 'developments', 'education.']","(10000,[3614,4416,4506,4687,5047,5946,6790,7517,7751,7956,8568,9462,9691],[0.6753425559264385,4.830311739964974,0.691153161953081,0.6832166123573445,2.60568818844064,4.019381523748645,3.914021008090819,5.117993812416755,4.830311739964974,4.137164559405029,4.270695952029551,0.691153161953081,4.270695952029551])",1.0
R175,"['high', 'item', 'state', 'two', 'story.', 'majority', 'entire', 'staff', 'husband.', 'white', 'maintain', 'interest', 'security', 'minute', 'effect.', 'experts', 'discuss', 'ongoing', 'developments', 'economic', 'growth.']","(10000,[70,1808,1890,1916,2116,2634,3357,3614,4506,4687,4728,5247,5843,6224,6624,8824,9034,9142,9144,9244,9462],[4.137164559405029,4.137164559405029,4.607168188650764,4.607168188650764,4.42484663185681,5.117993812416755,3.577548771469606,0.6753425559264385,0.691153161953081,0.6832166123573445,4.830311739964974,4.42484663185681,4.270695952029551,3.914021008090819,5.117993812416755,4.270695952029551,2.8844015909096608,4.607168188650764,2.6902455764687034,4.137164559405029,0.691153161953081])",1.0
