id,title,filtered_words,label
R129,New Report on Election,"['action', 'whatever', 'air', 'commercial', 'take', 'same.', 'question', 'mind', 'able', 'rule', 'by.', 'effort', 'level', 'hope', 'trouble', 'fast.', 'experts', 'discuss', 'ongoing', 'developments', 'election.']",REAL
R227,New Report on Climate Change,"['case', 'professional', 'nearly', 'service', 'fact', 'call', 'box', 'seek.', 'ready', 'environmental', 'join', 'memory', 'black', 'draw.', 'experts', 'discuss', 'ongoing', 'developments', 'climate', 'change.']",REAL
F231,Aliens Confirmed by Sources,"['always', 'suggest', 'across', 'fear.', 'system', 'bit', 'know', 'day.', 'treat', 'build', 'near', 'leg', 'look', 'contain.', '—', 'shocking', 'claims', 'aliens', 'surface', 'internet.']",FAKE
R066,New Report on Policy,"['interest', 'leg', 'next.', 'eat', 'around', 'usually', 'dog', 'condition', 'imagine.', 'available', 'side', 'protect.', 'past', 'beat', 'research', 'tell', 'direction.', 'experts', 'discuss', 'ongoing', 'developments', 'policy.']",REAL
F095,Mind Control Confirmed by Sources,"['prevent', 'quite', 'modern.', 'serve', 'actually', 'way', 'until.', '—', 'shocking', 'claims', 'mind', 'control', 'surface', 'internet.']",FAKE
R174,New Report on Policy,"['late', 'fear', 'history', 'prevent', 'water', 'stand.', 'experts', 'discuss', 'ongoing', 'developments', 'policy.']",REAL
R201,New Report on Public Health,"['fly', 'realize', 'former', 'show', 'life', 'anything', 'state.', 'clearly', 'detail', 'mr', 'every', 'prove', 'pressure.', 'college', 'live', 'interview', 'officer', 'war.', 'scientist', 'standard', 'toward', 'share.', 'experts', 'discuss', 'ongoing', 'developments', 'public', 'health.']",REAL
R072,New Report on Education,"['rather', 'late', 'break.', 'election', 'stand', 'region', 'fight', 'subject', 'culture.', 'goal', 'whatever', 'military', 'middle', 'quality', 'plan.', 'town', 'huge', 'world', 'green', 'front.', 'experts', 'discuss', 'ongoing', 'developments', 'education.']",REAL
R064,New Report on Research,"['admit', 'everyone', 'within', 'purpose.', 'third', 'read', 'play', 'risk.', 'experts', 'discuss', 'ongoing', 'developments', 'research.']",REAL
F037,Miracle Drug Confirmed by Sources,"['together', 'painting', 'computer', 'today', 'understand', 'both.', 'share', 'ahead', 'room', 'study', 'course', 'line.', 'heavy', 'others', 'address', 'hold', 'even.', '—', 'shocking', 'claims', 'miracle', 'drug', 'surface', 'internet.']",FAKE
R170,New Report on Technology Breakthrough,"['view', 'discuss', 'deal.', 'consumer', 'maintain', 'evening', 'leader', 'father', 'reason.', 'experts', 'discuss', 'ongoing', 'developments', 'technology', 'breakthrough.']",REAL
F110,Celebrity Scandal Confirmed by Sources,"['exactly', 'make', 'police', 'republican.', 'late', 'wish', 'less', 'least', 'group.', '—', 'shocking', 'claims', 'celebrity', 'scandal', 'surface', 'internet.']",FAKE
F048,Secret Cure Confirmed by Sources,"['door', 'yard', 'determine', 'meet', 'including', 'control', 'already.', 'significant', 'measure', 'anyone', 'color', 'begin', 'outside', 'resource.', '—', 'shocking', 'claims', 'secret', 'cure', 'surface', 'internet.']",FAKE
F082,Hoax Confirmed by Sources,"['bad', 'hospital', 'sister', 'answer', 'guess', 'there.', 'respond', 'word', 'trip', 'public', 'popular', 'indicate.', 'present', 'forget', 'member', 'perform', 'easy', 'seven.', '—', 'shocking', 'claims', 'hoax', 'surface', 'internet.']",FAKE
F187,Miracle Drug Confirmed by Sources,"['talk', 'ago', 'glass.', 'appear', 'heart', 'message', 'view.', 'space', 'enter', 'account', 'produce', 'relationship', 'gun.', '—', 'shocking', 'claims', 'miracle', 'drug', 'surface', 'internet.']",FAKE
F027,Miracle Drug Confirmed by Sources,"['fund', 'another', 'dog', 'job', 'particular.', 'writer', 'film', 'likely', 'form', 'million', 'one.', '—', 'shocking', 'claims', 'miracle', 'drug', 'surface', 'internet.']",FAKE
F202,Hoax Confirmed by Sources,"['effort', 'never', 'magazine', 'sound', 'support', 'each.', 'sell', 'someone', 'talk', 'make', 'move', 'action', 'compare.', 'bag', 'color', 'forget', 'song', 'either', 'mention.', '—', 'shocking', 'claims', 'hoax', 'surface', 'internet.']",FAKE
F197,Secret Cure Confirmed by Sources,"['natural', 'character', 'create', 'door', 'world.', 'opportunity', 'else', 'real', 'current', 'policy.', 'financial', 'sound', 'training.', '—', 'shocking', 'claims', 'secret', 'cure', 'surface', 'internet.']",FAKE
R128,New Report on Climate Change,"['knowledge', 'game', 'fact', 'already.', 'development', 'phone', 'either', 'level', 'thing.', 'whatever', 'dark', 'still.', 'experts', 'discuss', 'ongoing', 'developments', 'climate', 'change.']",REAL
F157,Government Cover-Up Confirmed by Sources,"['card', 'resource', 'pretty', 'clear', 'pressure', 'turn', 'material.', 'phone', 'first', 'free', 'act.', '—', 'shocking', 'claims', 'government', 'cover-up', 'surface', 'internet.']",FAKE
F117,Hoax Confirmed by Sources,"['sometimes', 'stage', 'impact', 'draw', 'reason.', 'pay', 'difficult.', 'conference', 'oil', 'mention', 'really', 'wonder.', '—', 'shocking', 'claims', 'hoax', 'surface', 'internet.']",FAKE
F173,Secret Cure Confirmed by Sources,"['group', 'anyone', 'likely', 'ground', 'enter', 'type', 'character.', 'science', 'sure', 'around', 'seem', 'brother', 'entire.', 'step', 'camera', 'star', 'second.', '—', 'shocking', 'claims', 'secret', 'cure', 'surface', 'internet.']",FAKE
F024,Aliens Confirmed by Sources,"['option', 'similar', 'may', 'age', 'american', 'mission', 'add', 'expect.', 'seat', 'see', 'difficult', 'agency.', '—', 'shocking', 'claims', 'aliens', 'surface', 'internet.']",FAKE
F096,Celebrity Scandal Confirmed by Sources,"['hospital', 'put', 'assume.', 'race', 'admit', 'chair', 'realize.', '—', 'shocking', 'claims', 'celebrity', 'scandal', 'surface', 'internet.']",FAKE
R247,New Report on Public Health,"['election', 'reach', 'somebody', 'appear', 'consider', 'across', 'issue.', 'clear', 'whole', 'rather', 'design', 'these.', 'experts', 'discuss', 'ongoing', 'developments', 'public', 'health.']",REAL
F226,Government Cover-Up Confirmed by Sources,"['sort', 'choose', 'page', 'better', 'range', 'cause', 'state.', 'century', 'enjoy', 'good', 'low', 'attorney', 'site', 'word', 'air.', 'effect', 'plan', 'identify', 'enough', 'both.', '—', 'shocking', 'claims', 'government', 'cover-up', 'surface', 'internet.']",FAKE
F100,Flat Earth Confirmed by Sources,"['forward', 'every', 'important', 'play', 'international.', 'reveal', 'walk', 'industry', 'under.', '—', 'shocking', 'claims', 'flat', 'earth', 'surface', 'internet.']",FAKE
F246,Government Cover-Up Confirmed by Sources,"['tax', 'official', 'visit', 'movie', 'manage.', 'offer', 'certain', 'plant', 'standard', 'risk', 'although', 'none', 'friend.', 'middle', 'pretty', 'design', 'behavior', 'must', 'sell.', '—', 'shocking', 'claims', 'government', 'cover-up', 'surface', 'internet.']",FAKE
F183,Aliens Confirmed by Sources,"['parent', 'card', 'big', 'what.', 'owner', 'represent', 'maintain', 'surface', 'although.', '—', 'shocking', 'claims', 'aliens', 'surface', 'internet.']",FAKE
R063,New Report on Policy,"['wear', 'environmental', 'race', 'shoulder', 'reality', 'nice.', 'anything', 'happy', 'standard', 'writer', 'player.', 'also', 'good', 'star.', 'experts', 'discuss', 'ongoing', 'developments', 'policy.']",REAL
R005,New Report on Election,"['follow', 'particular', 'develop', 'month', 'home.', 'spring', 'pay', 'issue', 'break', 'southern', 'create', 'special.', 'media', 'life', 'difficult', 'soon', 'whole', 'both.', 'experts', 'discuss', 'ongoing', 'developments', 'election.']",REAL
R084,New Report on Election,"['prove', 'water', 'station.', 'upon', 'ready', 'sell', 'carry', 'size', 'begin.', 'position', 'beyond', 'score.', 'whatever', 'room', 'nation', 'way', 'trial', 'wide.', 'experts', 'discuss', 'ongoing', 'developments', 'election.']",REAL
R124,New Report on Education,"['piece', 'however', 'apply', 'reach', 'man', 'mean', 'picture.', 'media', 'race', 'source', 'leader', 'stay', 'education.', 'experts', 'discuss', 'ongoing', 'developments', 'education.']",REAL
R118,New Report on Research,"['minute', 'whether', 'town.', 'away', 'heart', 'rule', 'room', 'teacher', 'box', 'argue.', 'experts', 'discuss', 'ongoing', 'developments', 'research.']",REAL
F001,Aliens Confirmed by Sources,"['fly', 'reach', 'focus', 'drug', 'wind', 'simply.', 'provide', 'involve', 'growth', 'today.', 'tree', 'hold', 'half', 'special.', '—', 'shocking', 'claims', 'aliens', 'surface', 'internet.']",FAKE
F007,Immortal Jellyfish Confirmed by Sources,"['financial', 'care.', 'whose', 'laugh', 'meet', 'place', 'trade', 'low.', 'model', 'able', 'born', 'dark', 'direction', 'fact', 'guess.', '—', 'shocking', 'claims', 'immortal', 'jellyfish', 'surface', 'internet.']",FAKE
F046,Mind Control Confirmed by Sources,"['wear', 'produce', 'spend', 'address', 'evening.', 'rich', 'probably', 'structure', 'rock', 'dream', 'continue', 'view.', 'really', 'inside', 'want', 'always.', '—', 'shocking', 'claims', 'mind', 'control', 'surface', 'internet.']",FAKE
R103,New Report on Research,"['find', 'serve', 'provide', 'year', 'street.', 'spring', 'image', 'century.', 'tonight', 'matter', 'manager', 'along.', 'painting', 'recently', 'message.', 'experts', 'discuss', 'ongoing', 'developments', 'research.']",REAL
R037,New Report on Budget Report,"['world', 'fine', 'wind', 'every', 'future.', 'film', 'citizen', 'market', 'sometimes', 'several.', 'result', 'hard', 'method', 'consider', 'technology', 'member', 'send.', 'top', 'mention', 'once.', 'experts', 'discuss', 'ongoing', 'developments', 'budget', 'report.']",REAL
F193,Secret Cure Confirmed by Sources,"['type', 'west', 'food.', 'care', 'travel', 'specific.', 'late', 'throughout', 'body.', '—', 'shocking', 'claims', 'secret', 'cure', 'surface', 'internet.']",FAKE
R166,New Report on Election,"['billion', 'try', 'space', 'thus.', 'seek', 'state', 'debate', 'argue', 'market', 'follow.', 'require', 'sing', 'general', 'others', 'dog', 'across', 'project.', 'experts', 'discuss', 'ongoing', 'developments', 'election.']",REAL
F017,Immortal Jellyfish Confirmed by Sources,"['personal', 'campaign', 'top', 'prove.', 'dog', 'wish', 'wait', 'side.', '—', 'shocking', 'claims', 'immortal', 'jellyfish', 'surface', 'internet.']",FAKE
R008,New Report on Economic Growth,"['player', 'short', 'sing', 'give', 'deep', 'maintain.', 'style', 'hope', 'finish', 'per', 'fill.', 'experts', 'discuss', 'ongoing', 'developments', 'economic', 'growth.']",REAL
F071,Celebrity Scandal Confirmed by Sources,"['answer', 'response', 'tonight', 'reflect.', 'scene', 'compare', 'range', 'task.', 'floor', 'white', 'improve', 'enter.', 'project', 'box', 'character', 'yet', 'police', 'great.', '—', 'shocking', 'claims', 'celebrity', 'scandal', 'surface', 'internet.']",FAKE
F028,Mind Control Confirmed by Sources,"['occur', 'career', 'family.', 'choose', 'behind', 'lot', 'seek', 'book', 'build.', '—', 'shocking', 'claims', 'mind', 'control', 'surface', 'internet.']",FAKE
F227,Immortal Jellyfish Confirmed by Sources,"['training', 'reason', 'make.', 'quality', 'agreement', 'forget', 'central', 'artist', 'often.', '—', 'shocking', 'claims', 'immortal', 'jellyfish', 'surface', 'internet.']",FAKE
R200,New Report on Public Health,"['camera', 'produce', 'first', 'building.', 'space', 'magazine', 'young', 'change', 'consumer.', 'trial', 'election', 'meeting', 'economy.', 'experts', 'discuss', 'ongoing', 'developments', 'public', 'health.']",REAL
R225,New Report on Climate Change,"['identify', 'resource', 'law', 'pick', 'language', 'prevent', 'skill', 'do.', 'toward', 'describe', 'agreement', 'kind', 'off.', 'paper', 'main', 'night', 'accept', 'cut', 'high.', 'design', 'effort', 'raise', 'attorney', 'professional', 'course.', 'experts', 'discuss', 'ongoing', 'developments', 'climate', 'change.']",REAL
R062,New Report on Budget Report,"['past', 'yes', 'none', 'opportunity.', 'visit', 'hour', 'represent', 'front', 'fear', 'game', 'vote.', 'experts', 'discuss', 'ongoing', 'developments', 'budget', 'report.']",REAL
F033,Hoax Confirmed by Sources,"['base', 'institution', 'notice', 'social', 'join.', 'majority', 'special', 'less', 'data', 'rather', 'reveal.', '—', 'shocking', 'claims', 'hoax', 'surface', 'internet.']",FAKE
F012,Hoax Confirmed by Sources,"['agency', 'believe', 'from.', 'job', 'find', 'old', 'arrive', 'several', 'artist', 'director.', 'point', 'exist', 'shake', 'allow.', 'across', 'high', 'since.', '—', 'shocking', 'claims', 'hoax', 'surface', 'internet.']",FAKE
R121,New Report on Research,"['operation', 'break', 'medical', 'fund', 'speak', 'debate', 'down.', 'coach', 'score', 'red', 'cup', 'administration', 'fight.', 'hot', 'case', 'tv.', 'experts', 'discuss', 'ongoing', 'developments', 'research.']",REAL
F210,Aliens Confirmed by Sources,"['sing', 'another', 'back', 'picture', 'player.', 'blue', 'author', 'name', 'figure', 'seven', 'try', 'argue.', 'candidate', 'recent', 'none.', '—', 'shocking', 'claims', 'aliens', 'surface', 'internet.']",FAKE
F151,Hoax Confirmed by Sources,"['office', 'single', 'weight', 'letter.', 'member', 'environmental', 'energy', 'home', 'down.', 'build', 'summer', 'situation', 'tax', 'position.', '—', 'shocking', 'claims', 'hoax', 'surface', 'internet.']",FAKE
F099,Secret Cure Confirmed by Sources,"['mother', 'fear', 'tough', 'power', 'threat', 'get', 'executive.', 'box', 'decision', 'easy.', '—', 'shocking', 'claims', 'secret', 'cure', 'surface', 'internet.']",FAKE
R090,New Report on Technology Breakthrough,"['throughout', 'number', 'world', 'song', 'agree', 'believe.', 'group', 'continue', 'leg', 'thousand', 'finally', 'avoid', 'specific.', 'spend', 'probably', 'single', 'start', 'oil', 'local.', 'painting', 'state', 'tree', 'manage', 'thought', 'half.', 'experts', 'discuss', 'ongoing', 'developments', 'technology', 'breakthrough.']",REAL
R125,New Report on Budget Report,"['rate', 'wear', 'stay', 'industry', 'send.', 'hope', 'set', 'science', 'store', 'style', 'every', 'member', 'account.', 'experts', 'discuss', 'ongoing', 'developments', 'budget', 'report.']",REAL
R091,New Report on Climate Change,"['hard', 'also', 'affect', 'conference', 'research', 'hand', 'might.', 'white', 'security', 'treat', 'world', 'audience', 'manage.', 'go', 'third', 'hear', 'base', 'many', 'experience', 'method', 'less.', 'experts', 'discuss', 'ongoing', 'developments', 'climate', 'change.']",REAL
R157,New Report on Climate Change,"['one', 'enjoy', 'though', 'occur', 'cultural.', 'language', 'difference', 'authority', 'west', 'season', 'fear', 'church.', 'federal', 'career', 'best', 'minute', 'kitchen', 'sort', 'drop.', 'billion', 'firm.', 'experts', 'discuss', 'ongoing', 'developments', 'climate', 'change.']",REAL
F098,Miracle Drug Confirmed by Sources,"['economy', 'interview', 'office', 'country', 'religious.', 'level', 'worker', 'include', 'management', 'fill', 'student.', '—', 'shocking', 'claims', 'miracle', 'drug', 'surface', 'internet.']",FAKE
F164,Immortal Jellyfish Confirmed by Sources,"['southern', 'since', 'capital', 'scientist', 'series', 'relationship', 'role', 'very.', 'treat', 'one', 'knowledge', 'political', 'black.', '—', 'shocking', 'claims', 'immortal', 'jellyfish', 'surface', 'internet.']",FAKE
R050,New Report on Economic Growth,"['minute', 'republican', 'future', 'middle', 'treat', 'manager.', 'million', 'investment.', 'experts', 'discuss', 'ongoing', 'developments', 'economic', 'growth.']",REAL
R249,New Report on Climate Change,"['letter', 'reduce', 'weight', 'society', 'movie', 'hospital.', 'court', 'teach', 'third', 'radio', 'agency', 'learn.', 'art', 'morning', 'significant.', 'experts', 'discuss', 'ongoing', 'developments', 'climate', 'change.']",REAL
R093,New Report on Election,"['answer', 'bag', 'throughout.', 'put', 'direction', 'development', 'which.', 'experts', 'discuss', 'ongoing', 'developments', 'election.']",REAL
R131,New Report on Education,"['particularly', 'station', 'book', 'though.', 'standard', 'pay', 'toward', 'another', 'especially', 'art', 'expert.', 'experts', 'discuss', 'ongoing', 'developments', 'education.']",REAL
F107,Flat Earth Confirmed by Sources,"['husband', 'accept', 'several', 'politics', 'ball', 'event.', 'career', 'support', 'score', 'call', 'attorney', 'attorney', 'position', 'foreign.', '—', 'shocking', 'claims', 'flat', 'earth', 'surface', 'internet.']",FAKE
F153,Hoax Confirmed by Sources,"['day', 'cover', 'leader', 'suggest.', 'pass', 'care', 'work.', '—', 'shocking', 'claims', 'hoax', 'surface', 'internet.']",FAKE
F091,Flat Earth Confirmed by Sources,"['field', 'article', 'health', 'term.', 'well', 'choice', 'officer', 'guy', 'treatment.', '—', 'shocking', 'claims', 'flat', 'earth', 'surface', 'internet.']",FAKE
R246,New Report on Economic Growth,"['begin', 'sea', 'second', 'available.', 'peace', 'red', 'level', 'company', 'record', 'food', 'official', 'and.', 'woman', 'manage', 'business', 'control', 'goal.', 'perform', 'discussion', 'speak', 'stay', 'third.', 'experts', 'discuss', 'ongoing', 'developments', 'economic', 'growth.']",REAL
F004,Secret Cure Confirmed by Sources,"['join', 'trade', 'defense', 'religious', 'fine', 'describe', 'ever.', 'side', 'run', 'yard', 'office.', '—', 'shocking', 'claims', 'secret', 'cure', 'surface', 'internet.']",FAKE
F220,Celebrity Scandal Confirmed by Sources,"['next', 'camera', 'front', 'memory', 'democrat.', 'evening', 'tough', 'man.', 'among', 'use', 'glass', 'sister', 'seek', 'culture.', '—', 'shocking', 'claims', 'celebrity', 'scandal', 'surface', 'internet.']",FAKE
F121,Hoax Confirmed by Sources,"['deal', 'energy', 'option', 'view', 'fill', 'street.', 'game', 'bar', 'friend', 'center.', 'page', 'public', 'pick', 'question', 'scientist', 'thing.', '—', 'shocking', 'claims', 'hoax', 'surface', 'internet.']",FAKE
F245,Mind Control Confirmed by Sources,"['base', 'listen', 'type', 'step', 'management', 'claim', 'bed.', '—', 'shocking', 'claims', 'mind', 'control', 'surface', 'internet.']",FAKE
R035,New Report on Climate Change,"['fly', 'bank', 'camera', 'speak.', 'different', 'sense', 'put.', 'lay', 'manager', 'vote', 'compare', 'never', 'course.', 'experts', 'discuss', 'ongoing', 'developments', 'climate', 'change.']",REAL
R024,New Report on Education,"['appear', 'way', 'already', 'half', 'father', 'glass.', 'collection', 'choice', 'make', 'claim', 'push.', 'experts', 'discuss', 'ongoing', 'developments', 'education.']",REAL
F079,Miracle Drug Confirmed by Sources,"['beautiful', 'seven', 'decide.', 'focus', 'success', 'front.', 'bad', 'management', 'sort', 'finish.', '—', 'shocking', 'claims', 'miracle', 'drug', 'surface', 'internet.']",FAKE
R094,New Report on Policy,"['foot', 'responsibility', 'local', 'become.', 'yard', 'assume', 'audience', 'about.', 'reveal', 'approach', 'total', 'south', 'matter.', 'experts', 'discuss', 'ongoing', 'developments', 'policy.']",REAL
R040,New Report on Policy,"['newspaper', 'box', 'site', 'partner', 'list.', 'view', 'mission', 'air', 'interest', 'cost', 'entire', 'action.', 'worker', 'evidence', 'city', 'need', 'local', 'city', 'crime.', 'experts', 'discuss', 'ongoing', 'developments', 'policy.']",REAL
F170,Immortal Jellyfish Confirmed by Sources,"['relate', 'nature', 'eat', 'wrong.', 'bed', 'even', 'half', 'spring', 'seem', 'article', 'population.', 'trade', 'page', 'expert', 'put.', '—', 'shocking', 'claims', 'immortal', 'jellyfish', 'surface', 'internet.']",FAKE
F130,Immortal Jellyfish Confirmed by Sources,"['water', 'help', 'home', 'force', 'keep', 'western.', 'mention', 'whole', 'throw', 'be.', 'technology', 'hear', 'hundred', 'work.', '—', 'shocking', 'claims', 'immortal', 'jellyfish', 'surface', 'internet.']",FAKE
R085,New Report on Economic Growth,"['order', 'successful', 'cultural', 'run.', 'example', 'happen', 'party', 'possible', 'ball', 'carry.', 'experts', 'discuss', 'ongoing', 'developments', 'economic', 'growth.']",REAL
R054,New Report on Budget Report,"['stage', 'past', 'away', 'relationship', 'final', 'pm.', 'medical', 'mouth', 'young', 'republican', 'old', 'right.', 'stuff', 'first', 'baby', 'everything', 'treat.', 'experts', 'discuss', 'ongoing', 'developments', 'budget', 'report.']",REAL
R047,New Report on Technology Breakthrough,"['think', 'national', 'threat', 'exactly', 'pm.', 'simply', 'worker', 'player.', 'street', 'whatever', 'follow', 'left.', 'experts', 'discuss', 'ongoing', 'developments', 'technology', 'breakthrough.']",REAL
R199,New Report on Economic Growth,"['station', 'program', 'financial', 'article', 'laugh', 'whether', 'spring.', 'character', 'board', 'discover', 'beautiful', 'edge', 'game', 'must', 'example.', 'experts', 'discuss', 'ongoing', 'developments', 'economic', 'growth.']",REAL
F062,Miracle Drug Confirmed by Sources,"['guy', 'hope', 'prepare', 'natural.', 'billion', 'class', 'bring.', '—', 'shocking', 'claims', 'miracle', 'drug', 'surface', 'internet.']",FAKE
R244,New Report on Technology Breakthrough,"['certain', 'several', 'side', 'evening.', 'leader', 'hit', 'job', 'reality.', 'experts', 'discuss', 'ongoing', 'developments', 'technology', 'breakthrough.']",REAL
R107,New Report on Election,"['board', 'campaign', 'president', 'avoid', 'civil', 'six', 'reduce.', 'experts', 'discuss', 'ongoing', 'developments', 'election.']",REAL
F148,Aliens Confirmed by Sources,"['way', 'simple', 'structure', 'wish', 'significant', 'little.', 'speech', 'hour', 'rule', 'on.', '—', 'shocking', 'claims', 'aliens', 'surface', 'internet.']",FAKE
F023,Mind Control Confirmed by Sources,"['risk', 'loss', 'phone', 'arm', 'stand', 'education', 'perform.', 'reality', 'machine', 'back.', '—', 'shocking', 'claims', 'mind', 'control', 'surface', 'internet.']",FAKE
R075,New Report on Budget Report,"['third', 'behind', 'adult', 'scene.', 'design', 'network', 'new', 'parent', 'staff', 'allow', 'reduce.', 'experts', 'discuss', 'ongoing', 'developments', 'budget', 'report.']",REAL
R220,New Report on Public Health,"['threat', 'material', 'fall', 'role', 'effort', 'treatment.', 'across', 'adult', 'court', 'oil', 'allow.', 'experts', 'discuss', 'ongoing', 'developments', 'public', 'health.']",REAL
R099,New Report on Economic Growth,"['prove', 'light', 'popular', 'recently', 'social', 'rock', 'conference', 'six.', 'series', 'happy', 'pay', 'evidence', 'learn', 'church', 'major.', 'experts', 'discuss', 'ongoing', 'developments', 'economic', 'growth.']",REAL
F066,Flat Earth Confirmed by Sources,"['clear', 'lawyer', 'child', 'window', 'enter', 'recognize.', 'act', 'president', 'within', 'mention', 'high', 'anything.', 'away', 'statement', 'authority', 'thought', 'center', 'party', 'organization', 'actually.', 'show', 'future.', '—', 'shocking', 'claims', 'flat', 'earth', 'surface', 'internet.']",FAKE
F060,Flat Earth Confirmed by Sources,"['mrs', 'sit', 'prevent.', 'blue', 'benefit', 'environmental.', 'trip', 'whatever', 'information', 'husband', 'around', 'collection.', '—', 'shocking', 'claims', 'flat', 'earth', 'surface', 'internet.']",FAKE
F022,Government Cover-Up Confirmed by Sources,"['skill', 'side', 'minute', 'teach', 'still.', 'national', 'building', 'operation.', '—', 'shocking', 'claims', 'government', 'cover-up', 'surface', 'internet.']",FAKE
F127,Mind Control Confirmed by Sources,"['view', 'technology', 'keep', 'hot', 'home.', 'charge', 'ground', 'series', 'political', 'garden', 'tree', 'four.', '—', 'shocking', 'claims', 'mind', 'control', 'surface', 'internet.']",FAKE
R212,New Report on Education,"['near', 'young', 'law', 'discover', 'certain.', 'financial', 'religious', 'crime', 'hour', 'window', 'teacher', 'enter.', 'experts', 'discuss', 'ongoing', 'developments', 'education.']",REAL
F119,Mind Control Confirmed by Sources,"['animal', 'item', 'stage', 'general', 'vote', 'series.', 'fast', 'lay', 'back', 'push', 'simple.', 'everything', 'among', 'east', 'its.', '—', 'shocking', 'claims', 'mind', 'control', 'surface', 'internet.']",FAKE
F103,Hoax Confirmed by Sources,"['fast', 'phone', 'according', 'training.', 'say', 'cultural', 'station', 'address', 'change', 'effect', 'daughter.', 'movie', 'friend', 'new', 'building', 'truth', 'talk.', '—', 'shocking', 'claims', 'hoax', 'surface', 'internet.']",FAKE
F191,Mind Control Confirmed by Sources,"['growth', 'character', 'popular', 'take.', 'win', 'half', 'instead', 'congress.', 'amount', 'health', 'tv', 'feeling', 'pressure', 'your.', '—', 'shocking', 'claims', 'mind', 'control', 'surface', 'internet.']",FAKE
F002,Mind Control Confirmed by Sources,"['congress', 'soldier', 'democratic', 'bed.', 'market', 'tough', 'theory', 'dream', 'door', 'local.', 'leave', 'memory', 'teacher', 'local', 'need.', '—', 'shocking', 'claims', 'mind', 'control', 'surface', 'internet.']",FAKE
R155,New Report on Election,"['help', 'camera', 'reason', 'defense', 'environment', 'own.', 'experts', 'discuss', 'ongoing', 'developments', 'election.']",REAL
R006,New Report on Technology Breakthrough,"['number', 'pull', 'them.', 'simple', 'maybe', 'ever', 'water', 'perform.', 'exactly', 'agent', 'worry', 'key.', 'experts', 'discuss', 'ongoing', 'developments', 'technology', 'breakthrough.']",REAL
F086,Government Cover-Up Confirmed by Sources,"['service', 'beautiful', 'sign', 'least', 'international', 'view.', 'discussion', 'responsibility', 'social', 'approach', 'affect', 'degree.', 'degree', 'husband', 'idea', 'build', 'challenge.', '—', 'shocking', 'claims', 'government', 'cover-up', 'surface', 'internet.']",FAKE
R168,New Report on Election,"['continue', 'sense', 'speak', 'available.', 'run', 'development', 'quite', 'whose.', 'experts', 'discuss', 'ongoing', 'developments', 'election.']",REAL
R077,New Report on Public Health,"['hit', 'book', 'price', 'skin', 'action', 'line', 'husband.', 'contain', 'anyone', 'opportunity', 'bag', 'tend', 'night.', 'experts', 'discuss', 'ongoing', 'developments', 'public', 'health.']",REAL
F209,Hoax Confirmed by Sources,"['movie', 'effect', 'model', 'sound', 'even', 'top', 'agreement.', '—', 'shocking', 'claims', 'hoax', 'surface', 'internet.']",FAKE
R236,New Report on Public Health,"['almost', 'buy', 'moment', 'send', 'must.', 'send', 'available', 'matter', 'hot', 'win.', 'sport', 'wife', 'tonight.', 'experts', 'discuss', 'ongoing', 'developments', 'public', 'health.']",REAL
F186,Aliens Confirmed by Sources,"['prepare', 'nature', 'president', 'tonight.', 'east', 'ability', 'role', 'say.', '—', 'shocking', 'claims', 'aliens', 'surface', 'internet.']",FAKE
R243,New Report on Public Health,"['oil', 'professional.', 'experts', 'discuss', 'ongoing', 'developments', 'public', 'health.']",REAL
F094,Immortal Jellyfish Confirmed by Sources,"['sure', 'particularly', 'property', 'time.', 'heavy', 'cost', 'either.', '—', 'shocking', 'claims', 'immortal', 'jellyfish', 'surface', 'internet.']",FAKE
R032,New Report on Economic Growth,"['plan', 'wrong', 'bed', 'fund', 'agree.', 'gas', 'wear', 'air', 'end', 'quite', 'real', 'stop.', 'everything', 'suffer', 'road.', 'experts', 'discuss', 'ongoing', 'developments', 'economic', 'growth.']",REAL
R033,New Report on Education,"['either', 'cause', 'director', 'large', 'break', 'society', 'firm.', 'popular', 'president', 'often', 'check', 'number', 'know.', 'rather', 'memory', 'break', 'able', 'well', 'care.', 'experts', 'discuss', 'ongoing', 'developments', 'education.']",REAL
R045,New Report on Technology Breakthrough,"['lay', 'majority', 'claim', 'similar', 'free', 'mouth.', 'second', 'buy', 'leave.', 'experts', 'discuss', 'ongoing', 'developments', 'technology', 'breakthrough.']",REAL
R116,New Report on Education,"['community', 'design', 'entire', 'hear.', 'experts', 'discuss', 'ongoing', 'developments', 'education.']",REAL
F056,Celebrity Scandal Confirmed by Sources,"['cup', 'five.', '—', 'shocking', 'claims', 'celebrity', 'scandal', 'surface', 'internet.']",FAKE
R043,New Report on Policy,"['national', 'hold', 'usually', 'family', 'production', 'government.', 'vote', 'establish', 'throw', 'red', 'yes', 'finish.', 'political', 'head', 'song', 'analysis', 'lead.', 'experts', 'discuss', 'ongoing', 'developments', 'policy.']",REAL
R145,New Report on Economic Growth,"['ten', 'hospital', 'sound', 'whom.', 'thousand', 'leader', 'begin', 'fine.', 'experts', 'discuss', 'ongoing', 'developments', 'economic', 'growth.']",REAL
F200,Secret Cure Confirmed by Sources,"['left', 'picture', 'large.', 'tax', 'piece', 'high', 'claim.', '—', 'shocking', 'claims', 'secret', 'cure', 'surface', 'internet.']",FAKE
F034,Celebrity Scandal Confirmed by Sources,"['soon', 'stage', 'every', 'forward', 'must', 'major.', 'draw', 'catch.', '—', 'shocking', 'claims', 'celebrity', 'scandal', 'surface', 'internet.']",FAKE
F149,Secret Cure Confirmed by Sources,"['forward', 'population', 'many', 'morning', 'trial', 'for.', 'heavy', 'speech', 'nature.', 'well', 'respond', 'sense', 'son', 'hundred.', '—', 'shocking', 'claims', 'secret', 'cure', 'surface', 'internet.']",FAKE
F051,Secret Cure Confirmed by Sources,"['pm', 'party', 'walk.', '—', 'shocking', 'claims', 'secret', 'cure', 'surface', 'internet.']",FAKE
F089,Flat Earth Confirmed by Sources,"['pressure', 'cold', 'south.', 'social', 'lot', 'form', 'out.', '—', 'shocking', 'claims', 'flat', 'earth', 'surface', 'internet.']",FAKE
F135,Flat Earth Confirmed by Sources,"['act', 'big', 'top', 'wall', 'foreign.', 'summer', 'information', 'leader', 'treatment', 'movement', 'only.', 'toward', 'investment', 'region', 'cultural', 'time', 'air.', '—', 'shocking', 'claims', 'flat', 'earth', 'surface', 'internet.']",FAKE
F088,Government Cover-Up Confirmed by Sources,"['realize', 'note', 'record', 'western.', 'whose', 'fear', 'body', 'american', 'try', 'sell.', '—', 'shocking', 'claims', 'government', 'cover-up', 'surface', 'internet.']",FAKE
R010,New Report on Election,"['reality', 'serious', 'plant', 'series', 'cause.', 'collection', 'relationship', 'stock', 'three', 'fast.', 'everything', 'discussion', 'choice.', 'experts', 'discuss', 'ongoing', 'developments', 'election.']",REAL
R211,New Report on Policy,"['political', 'address', 'must', 'loss', 'coach.', 'cause', 'give', 'much.', 'role', 'drive', 'notice', 'whatever', 'five', 'least.', 'success', 'need', 'energy', 'responsibility', 'tough', 'bit.', 'experts', 'discuss', 'ongoing', 'developments', 'policy.']",REAL
F204,Miracle Drug Confirmed by Sources,"['allow', 'position', 'physical', 'commercial.', 'north', 'continue', 'decade', 'television', 'recent.', 'modern', 'run', 'evening', 'center', 'right.', '—', 'shocking', 'claims', 'miracle', 'drug', 'surface', 'internet.']",FAKE
F168,Miracle Drug Confirmed by Sources,"['whose', 'strong', 'participant', 'sometimes', 'official', 'economic', 'democrat.', 'middle', 'respond', 'sea', 'read.', 'together', 'see', 'goal', 'fight.', 'trial', 'open', 'practice', 'everything', 'easy.', '—', 'shocking', 'claims', 'miracle', 'drug', 'surface', 'internet.']",FAKE
R011,New Report on Public Health,"['listen', 'official', 'reach', 'ok', 'car', 'possible', 'act.', 'tv', 'american', 'walk', 'improve', 'expert', 'make', 'war', 'development.', 'eat', 'hundred', 'safe', 'half', 'key.', 'experts', 'discuss', 'ongoing', 'developments', 'public', 'health.']",REAL
R232,New Report on Climate Change,"['generation', 'remember', 'morning.', 'past', 'better', 'fear', 'budget', 'key', 'model', 'mission.', 'look', 'drive', 'remember', 'total', 'information', 'part', 'high.', 'experts', 'discuss', 'ongoing', 'developments', 'climate', 'change.']",REAL
R042,New Report on Public Health,"['hold', 'nearly', 'tend', 'movie', 'rule', 'husband.', 'trip', 'member', 'knowledge', 'capital.', 'general', 'new', 'green', 'follow', 'agree', 'relationship.', 'experts', 'discuss', 'ongoing', 'developments', 'public', 'health.']",REAL
F182,Hoax Confirmed by Sources,"['increase', 'police', 'hard', 'wrong.', 'defense', 'difficult', 'benefit', 'moment.', 'position', 'order', 'society', 'hard.', '—', 'shocking', 'claims', 'hoax', 'surface', 'internet.']",FAKE
F036,Miracle Drug Confirmed by Sources,"['week', 'factor', 'church', 'audience', 'others', 'million', 'model.', 'simple', 'attorney', 'score', 'behind', 'machine.', 'even', 'issue', 'dream', 'discover', 'site.', '—', 'shocking', 'claims', 'miracle', 'drug', 'surface', 'internet.']",FAKE
F068,Secret Cure Confirmed by Sources,"['wall', 'collection', 'course', 'experience', 'perform', 'miss.', 'thank', 'firm', 'effort.', 'nearly', 'still', 'season', 'specific.', '—', 'shocking', 'claims', 'secret', 'cure', 'surface', 'internet.']",FAKE
R015,New Report on Election,"['deep', 'amount', 'room.', 'newspaper', 'outside', 'mission', 'single', 'east.', 'notice', 'interview', 'time', 'industry', 'participant.', 'ago', 'everyone', 'part', 'surface', 'amount', 'boy.', 'experts', 'discuss', 'ongoing', 'developments', 'election.']",REAL
R147,New Report on Climate Change,"['good', 'economy', 'science', 'land', 'region', 'politics', 'experience', 'learn.', 'explain', 'door', 'billion', 'thing', 'building.', 'health', 'real', 'new', 'price', 'above.', 'rather', 'current', 'anyone', 'out.', 'experts', 'discuss', 'ongoing', 'developments', 'climate', 'change.']",REAL
F198,Government Cover-Up Confirmed by Sources,"['increase', 'life', 'none', 'store', 'address', 'provide', 'garden.', '—', 'shocking', 'claims', 'government', 'cover-up', 'surface', 'internet.']",FAKE
R081,New Report on Climate Change,"['far', 'significant', 'fall', 'teacher', 'voice', 'marriage.', 'home', 'beautiful', 'third', 'weight', 'west', 'of.', 'understand', 'cut', 'do.', 'experts', 'discuss', 'ongoing', 'developments', 'climate', 'change.']",REAL
F050,Aliens Confirmed by Sources,"['republican', 'capital', 'hear', 'kind', 'stage.', 'free', 'fine', 'attorney', 'book', 'brother.', 'pass', 'important', 'whatever', 'heavy', 'professor', 'news.', '—', 'shocking', 'claims', 'aliens', 'surface', 'internet.']",FAKE
F162,Celebrity Scandal Confirmed by Sources,"['room', 'skill', 'short', 'property.', 'store', 'mr', 'vote', 'represent', 'bag', 'second', 'light.', 'leave', 'suffer', 'strategy.', '—', 'shocking', 'claims', 'celebrity', 'scandal', 'surface', 'internet.']",FAKE
R028,New Report on Technology Breakthrough,"['author', 'show', 'follow', 'eat.', 'organization', 'huge', 'yeah', 'together', 'performance', 'leg.', 'experts', 'discuss', 'ongoing', 'developments', 'technology', 'breakthrough.']",REAL
R195,New Report on Budget Report,"['true', 'something', 'raise', 'big', 'some.', 'hour', 'town', 'item', 'feeling', 'put', 'already.', 'experts', 'discuss', 'ongoing', 'developments', 'budget', 'report.']",REAL
F116,Aliens Confirmed by Sources,"['carry', 'agent', 'fact', 'adult', 'pay', 'feel', 'government.', 'fish', 'fight', 'four', 'set', 'miss', 'it.', '—', 'shocking', 'claims', 'aliens', 'surface', 'internet.']",FAKE
R018,New Report on Research,"['contain', 'future', 'member', 'though', 'issue', 'effect', 'join', 'find.', 'effect', 'large', 'others', 'personal', 'notice.', 'experts', 'discuss', 'ongoing', 'developments', 'research.']",REAL
F073,Immortal Jellyfish Confirmed by Sources,"['collection', 'indeed', 'goal', 'side', 'head', 'we.', 'outside', 'threat', 'tax', 'increase', 'cover.', 'player', 'win', 'western', 'apply', 'next', 'image', 'wall.', '—', 'shocking', 'claims', 'immortal', 'jellyfish', 'surface', 'internet.']",FAKE
F059,Miracle Drug Confirmed by Sources,"['water', 'simply', 'store.', 'century', 'occur', 'power', 'loss', 'defense', 'generation.', 'century', 'sport', 'feeling', 'better', 'way.', 'machine', 'control', 'south', 'civil', 'capital.', '—', 'shocking', 'claims', 'miracle', 'drug', 'surface', 'internet.']",FAKE
R078,New Report on Budget Report,"['organization', 'break', 'happen', 'wonder.', 'science', 'matter', 'walk.', 'business', 'early', 'decision', 'every', 'pretty', 'prepare', 'exactly.', 'experts', 'discuss', 'ongoing', 'developments', 'budget', 'report.']",REAL
F216,Secret Cure Confirmed by Sources,"['within', 'occur', 'concern', 'space', 'girl', 'bag', 'couple.', 'hour', 'early', 'anyone', 'team', 'enter', 'important.', 'computer', 'experience', 'tv', 'natural', 'treat', 'bar', 'open.', '—', 'shocking', 'claims', 'secret', 'cure', 'surface', 'internet.']",FAKE
F206,Celebrity Scandal Confirmed by Sources,"['miss', 'method', 'technology', 'human', 'everyone', 'human.', 'reveal', 'little', 'style.', 'happy', 'able', 'away', 'process', 'art', 'report', 'draw', 'actually.', '—', 'shocking', 'claims', 'celebrity', 'scandal', 'surface', 'internet.']",FAKE
R036,New Report on Research,"['break', 'difference', 'however.', 'condition', 'eat', 'new', 'check', 'attack', 'deep.', 'meet', 'note', 'republican', 'might', 'here.', 'administration', 'reflect', 'move', 'seek.', 'experts', 'discuss', 'ongoing', 'developments', 'research.']",REAL
F104,Aliens Confirmed by Sources,"['suddenly', 'health', 'physical', 'affect.', 'edge', 'decide', 'team.', 'role', 'since', 'pass', 'fast', 'evidence.', '—', 'shocking', 'claims', 'aliens', 'surface', 'internet.']",FAKE
F000,Hoax Confirmed by Sources,"['age', 'involve', 'general', 'although.', '—', 'shocking', 'claims', 'hoax', 'surface', 'internet.']",FAKE
R136,New Report on Education,"['site', 'language.', 'food', 'painting', 'rather', 'operation', 'first', 'per', 'financial.', 'marriage', 'present', 'growth', 'modern', 'agent', 'plant', 'staff', 'painting.', 'experts', 'discuss', 'ongoing', 'developments', 'education.']",REAL
F019,Immortal Jellyfish Confirmed by Sources,"['shake', 'ready', 'measure', 'movement', 'gun', 'hospital.', '—', 'shocking', 'claims', 'immortal', 'jellyfish', 'surface', 'internet.']",FAKE
R012,New Report on Technology Breakthrough,"['data', 'already', 'question', 'executive', 'indicate.', 'man', 'make', 'indeed', 'reveal', 'investment', 'customer.', 'experts', 'discuss', 'ongoing', 'developments', 'technology', 'breakthrough.']",REAL
R052,New Report on Education,"['others', 'treat', 'kind', 'one', 'travel', 'trouble.', 'close', 'fund', 'let', 'full', 'these.', 'republican', 'establish', 'little', 'travel', 'pick.', 'experts', 'discuss', 'ongoing', 'developments', 'education.']",REAL
R123,New Report on Climate Change,"['ahead', 'center', 'natural', 'reduce.', 'experts', 'discuss', 'ongoing', 'developments', 'climate', 'change.']",REAL
F040,Government Cover-Up Confirmed by Sources,"['partner', 'occur', 'able', 'growth.', 'choose', 'listen', 'place', 'wear', 'stand.', '—', 'shocking', 'claims', 'government', 'cover-up', 'surface', 'internet.']",FAKE
R160,New Report on Climate Change,"['right', 'data', 'sense', 'little', 'week', 'well.', 'effort', 'memory', 'laugh', 'offer', 'all.', 'experts', 'discuss', 'ongoing', 'developments', 'climate', 'change.']",REAL
F067,Immortal Jellyfish Confirmed by Sources,"['bring', 'seven', 'section', 'music', 'put', 'part.', '—', 'shocking', 'claims', 'immortal', 'jellyfish', 'surface', 'internet.']",FAKE
R069,New Report on Research,"['chair', 'play', 'ask', 'treatment.', 'scene', 'least', 'school', 'nice', 'rate.', 'visit', 'mission', 'available', 'particular', 'system', 'decide', 'save.', 'experts', 'discuss', 'ongoing', 'developments', 'research.']",REAL
F160,Mind Control Confirmed by Sources,"['upon', 'cold', 'almost', 'discuss', 'before.', 'increase', 'event', 'decision', 'data', 'finish.', 'coach', 'cut', 'use', 'personal', 'them.', 'hour', 'budget', 'million', 'news.', '—', 'shocking', 'claims', 'mind', 'control', 'surface', 'internet.']",FAKE
F053,Hoax Confirmed by Sources,"['pressure', 'benefit', 'cause', 'education', 'strong', 'term.', 'report', 'attention', 'arm.', 'behind', 'think', 'stop', 'job', 'safe.', '—', 'shocking', 'claims', 'hoax', 'surface', 'internet.']",FAKE
R074,New Report on Education,"['artist', 'increase', 'wide', 'every', 'figure', 'gas', 'relate.', 'forward', 'across', 'pull', 'old.', 'pretty', 'store', 'one', 'common', 'score.', 'experts', 'discuss', 'ongoing', 'developments', 'education.']",REAL
R007,New Report on Election,"['analysis', 'remember', 'within', 'kid', 'particular.', 'mission', 'land', 'purpose', 'painting', 'different.', 'experts', 'discuss', 'ongoing', 'developments', 'election.']",REAL
R119,New Report on Climate Change,"['pass', 'team', 'analysis.', 'provide', 'dinner', 'work', 'sense.', 'experts', 'discuss', 'ongoing', 'developments', 'climate', 'change.']",REAL
R087,New Report on Budget Report,"['customer', 'happy', 'own.', 'space', 'tree', 'side', 'industry', 'third', 'still.', 'decide', 'first', 'sport', 'add', 'detail', 'reduce.', 'experts', 'discuss', 'ongoing', 'developments', 'budget', 'report.']",REAL
F145,Miracle Drug Confirmed by Sources,"['name', 'authority', 'congress', 'point.', 'history', 'special', 'ever', 'radio', 'attack', 'happen', 'information.', 'civil', 'great', 'always', 'direction', 'grow', 'down.', 'board', 'hard', 'floor', 'sister.', '—', 'shocking', 'claims', 'miracle', 'drug', 'surface', 'internet.']",FAKE
R065,New Report on Budget Report,"['gun', 'reality', 'government', 'sea', 'much.', 'color', 'success', 'bed.', 'strong', 'others', 'light', 'ok.', 'experts', 'discuss', 'ongoing', 'developments', 'budget', 'report.']",REAL
R208,New Report on Budget Report,"['skill', 'debate', 'among', 'nice', 'since', 'record', 'quite.', 'culture', 'care', 'small', 'scene', 'assume.', 'hit', 'explain', 'lot', 'newspaper', 'alone', 'stock.', 'experts', 'discuss', 'ongoing', 'developments', 'budget', 'report.']",REAL
R048,New Report on Budget Report,"['movie', 'wish', 'address', 'end', 'degree', 'national.', 'southern', 'increase', 'new', 'technology', 'enter', 'possible.', 'experts', 'discuss', 'ongoing', 'developments', 'budget', 'report.']",REAL
F076,Aliens Confirmed by Sources,"['risk', 'send', 'central', 'tree.', 'whatever', 'interview', 'price', 'stuff', 'area.', 'result', 'report', 'tell', 'throw', 'number.', '—', 'shocking', 'claims', 'aliens', 'surface', 'internet.']",FAKE
R019,New Report on Policy,"['send', 'step', 'score', 'treat', 'race.', 'phone', 'budget', 'address', 'us', 'science', 'ball.', 'experts', 'discuss', 'ongoing', 'developments', 'policy.']",REAL
F115,Immortal Jellyfish Confirmed by Sources,"['color', 'much', 'summer', 'girl', 'smile', 'explain', 'usually', 'record.', '—', 'shocking', 'claims', 'immortal', 'jellyfish', 'surface', 'internet.']",FAKE
R031,New Report on Education,"['name', 'executive', 'significant', 'focus', 'beat', 'operation.', 'seat', 'official', 'country', 'next.', 'experts', 'discuss', 'ongoing', 'developments', 'education.']",REAL
R190,New Report on Research,"['training', 'recent', 'finish', 'may', 'law', 'place', 'then.', 'cell', 'happen', 'long', 'west', 'water', 'tough.', 'like', 'general', 'price', 'agree', 'stay', 'staff', 'democrat.', 'experts', 'discuss', 'ongoing', 'developments', 'research.']",REAL
F057,Mind Control Confirmed by Sources,"['similar', 'season', 'see', 'heart', 'week.', 'parent', 'sound', 'air.', '—', 'shocking', 'claims', 'mind', 'control', 'surface', 'internet.']",FAKE
F158,Immortal Jellyfish Confirmed by Sources,"['less', 'collection', 'truth.', '—', 'shocking', 'claims', 'immortal', 'jellyfish', 'surface', 'internet.']",FAKE
F234,Flat Earth Confirmed by Sources,"['seven', 'debate', 'like', 'marriage', 'popular', 'determine', 'ok', 'dog.', 'manage', 'democrat', 'show', 'information', 'long.', '—', 'shocking', 'claims', 'flat', 'earth', 'surface', 'internet.']",FAKE
F155,Flat Earth Confirmed by Sources,"['bar', 'firm', 'always', 'get', 'offer', 'allow', 'bring.', 'relate', 'might', 'fire', 'almost', 'sister', 'others.', '—', 'shocking', 'claims', 'flat', 'earth', 'surface', 'internet.']",FAKE
F106,Flat Earth Confirmed by Sources,"['quality', 'make', 'trade', 'born.', 'us', 'think', 'attention', 'ability', 'recognize', 'standard.', '—', 'shocking', 'claims', 'flat', 'earth', 'surface', 'internet.']",FAKE
R051,New Report on Policy,"['water', 'pay', 'left.', 'baby', 'always', 'girl', 'finally', 'open.', 'training', 'generation', 'including', 'owner', 'training', 'left', 'low.', 'experts', 'discuss', 'ongoing', 'developments', 'policy.']",REAL
R203,New Report on Education,"['front', 'leader', 'thought', 'cover', 'strong', 'grow.', 'wrong', 'scene', 'social', 'what.', 'gun', 'pay', 'carry', 'nearly', 'animal', 'rich.', 'experts', 'discuss', 'ongoing', 'developments', 'education.']",REAL
F063,Secret Cure Confirmed by Sources,"['social', 'remember.', 'car', 'know', 'economic', 'easy', 'star', 'natural', 'tough.', '—', 'shocking', 'claims', 'secret', 'cure', 'surface', 'internet.']",FAKE
R080,New Report on Policy,"['test', 'training', 'stock', 'strategy', 'talk.', 'pressure', 'draw', 'else', 'public.', 'experts', 'discuss', 'ongoing', 'developments', 'policy.']",REAL
R226,New Report on Public Health,"['month', 'together', 'white', 'appear', 'treat.', 'marriage', 'cup', 'suddenly', 'road.', 'though', 'behind', 'stand', 'thus', 'mrs', 'protect.', 'sport', 'gas', 'respond', 'cost', 'test.', 'experts', 'discuss', 'ongoing', 'developments', 'public', 'health.']",REAL
F144,Hoax Confirmed by Sources,"['eight', 'treatment', 'word', 'read', 'contain', 'idea.', 'science', 'home', 'continue', 'nothing', 'term', 'medical.', 'collection', 'despite', 'able', 'individual', 'memory', 'trade.', '—', 'shocking', 'claims', 'hoax', 'surface', 'internet.']",FAKE
F241,Flat Earth Confirmed by Sources,"['much', 'travel', 'use', 'home.', 'move', 'final', 'may', 'notice', 'its.', 'hundred', 'customer', 'again.', '—', 'shocking', 'claims', 'flat', 'earth', 'surface', 'internet.']",FAKE
R150,New Report on Election,"['nothing', 'use', 'memory', 'behind', 'remain.', 'opportunity', 'decade', 'door', 'something', 'republican.', 'fly', 'road', 'option', 'avoid.', 'experts', 'discuss', 'ongoing', 'developments', 'election.']",REAL
R153,New Report on Research,"['return', 'law', 'upon', 'begin', 'easy', 'always', 'model.', 'situation', 'film', 'election', 'nothing.', 'rich', 'hour', 'director', 'candidate.', 'experts', 'discuss', 'ongoing', 'developments', 'research.']",REAL
F175,Hoax Confirmed by Sources,"['cause', 'today', 'whole', 'skill', 'probably.', 'evidence', 'energy', 'car', 'majority', 'place', 'western.', 'return', 'newspaper.', '—', 'shocking', 'claims', 'hoax', 'surface', 'internet.']",FAKE
F161,Immortal Jellyfish Confirmed by Sources,"['protect', 'seat', 'player', 'deal', 'discover.', '—', 'shocking', 'claims', 'immortal', 'jellyfish', 'surface', 'internet.']",FAKE
F147,Secret Cure Confirmed by Sources,"['recognize', 'drive', 'although', 'many', 'next.', 'later', 'style', 'congress', 'fall', 'agree.', 'floor', 'painting', 'consider', 'local.', '—', 'shocking', 'claims', 'secret', 'cure', 'surface', 'internet.']",FAKE
F018,Secret Cure Confirmed by Sources,"['walk', 'boy', 'create', 'country', 'week.', 'involve', 'live', 'result', 'form.', 'green', 'moment', 'similar', 'born', 'since.', '—', 'shocking', 'claims', 'secret', 'cure', 'surface', 'internet.']",FAKE
F211,Celebrity Scandal Confirmed by Sources,"['lead', 'toward', 'easy.', 'care', 'rise', 'tax', 'decision', 'card.', '—', 'shocking', 'claims', 'celebrity', 'scandal', 'surface', 'internet.']",FAKE
R117,New Report on Research,"['one', 'beyond', 'technology.', 'behavior', 'give', 'produce', 'trouble.', 'along', 'degree', 'short', 'present', 'cultural.', 'experts', 'discuss', 'ongoing', 'developments', 'research.']",REAL
F016,Aliens Confirmed by Sources,"['camera', 'nothing', 'carry', 'design', 'gun', 'never.', 'owner', 'big', 'model', 'source', 'science.', '—', 'shocking', 'claims', 'aliens', 'surface', 'internet.']",FAKE
F029,Flat Earth Confirmed by Sources,"['decision', 'woman', 'win', 'tonight', 'call', 'type.', 'marriage', 'state', 'reflect', 'until.', 'test', 'buy', 'response', 'beyond', 'life', 'actually.', '—', 'shocking', 'claims', 'flat', 'earth', 'surface', 'internet.']",FAKE
F205,Celebrity Scandal Confirmed by Sources,"['accept', 'cup', 'list', 'throughout', 'debate.', 'mr', 'early.', '—', 'shocking', 'claims', 'celebrity', 'scandal', 'surface', 'internet.']",FAKE
R112,New Report on Economic Growth,"['suggest', 'exist', 'citizen', 'treatment', 'since', 'go', 'put.', 'measure', 'today.', 'finally', 'let', 'plan.', 'experts', 'discuss', 'ongoing', 'developments', 'economic', 'growth.']",REAL
F218,Government Cover-Up Confirmed by Sources,"['eye', 'art', 'within', 'example', 'garden', 'north', 'save.', 'thought', 'adult', 'six', 'explain.', 'trial', 'nothing', 'third', 'water', 'thank.', '—', 'shocking', 'claims', 'government', 'cover-up', 'surface', 'internet.']",FAKE
R187,New Report on Education,"['friend', 'full', 'computer', 'good', 'between.', 'break', 'evening', 'join', 'the.', 'policy', 'worry', 'soon', 'late', 'air', 'number.', 'experts', 'discuss', 'ongoing', 'developments', 'education.']",REAL
F087,Celebrity Scandal Confirmed by Sources,"['foreign', 'prepare', 'risk', 'travel.', 'argue', 'friend', 'leader', 'phone', 'fill', 'send', 'role', 'serve.', '—', 'shocking', 'claims', 'celebrity', 'scandal', 'surface', 'internet.']",FAKE
R171,New Report on Education,"['tough', 'police', 'available', 'soon', 'crime', 'at.', 'culture', 'line', 'national', 'tend', 'land.', 'mission', 'show', 'popular', 'nature', 'identify', 'find.', 'experts', 'discuss', 'ongoing', 'developments', 'education.']",REAL
R113,New Report on Technology Breakthrough,"['lose', 'year', 'continue', 'able', 'require', 'situation', 'out.', 'experts', 'discuss', 'ongoing', 'developments', 'technology', 'breakthrough.']",REAL
R222,New Report on Public Health,"['glass', 'mrs', 'garden', 'program', 'mean', 'large.', 'experts', 'discuss', 'ongoing', 'developments', 'public', 'health.']",REAL
F233,Secret Cure Confirmed by Sources,"['blue', 'meeting', 'ground', 'left', 'rate', 'may', 'improve.', 'sing', 'couple', 'everyone', 'shoulder.', '—', 'shocking', 'claims', 'secret', 'cure', 'surface', 'internet.']",FAKE
R223,New Report on Climate Change,"['discussion', 'realize', 'total', 'indeed', 'including', 'a.', 'guess', 'stay', 'go', 'anyone', 'recent', 'laugh', 'much', 'follow.', 'answer', 'cell', 'feeling', 'grow', 'think', 'result', 'author', 'successful.', 'experts', 'discuss', 'ongoing', 'developments', 'climate', 'change.']",REAL
F224,Secret Cure Confirmed by Sources,"['create', 'choose', 'technology', 'hit', 'reflect', 'community.', 'keep', 'field', 'manager', 'purpose.', 'rise', 'score', 'increase', 'ability', 'develop', 'stay.', '—', 'shocking', 'claims', 'secret', 'cure', 'surface', 'internet.']",FAKE
R181,New Report on Climate Change,"['bad', 'seven', 'stock', 'difference.', 'experts', 'discuss', 'ongoing', 'developments', 'climate', 'change.']",REAL
R056,New Report on Public Health,"['single', 'investment', 'coach', 'on.', 'cause', 'teacher', 'four', 'game.', 'hair', 'enough', 'fire', 'realize', 'side', 'strategy.', 'experts', 'discuss', 'ongoing', 'developments', 'public', 'health.']",REAL
R110,New Report on Education,"['father', 'like', 'enjoy', 'difference', 'thousand.', 'mrs', 'sister', 'manager', 'water', 'develop', 'scene', 'test.', 'experts', 'discuss', 'ongoing', 'developments', 'education.']",REAL
R219,New Report on Education,"['speak', 'green', 'visit', 'buy', 'everything', 'friend', 'population.', 'experts', 'discuss', 'ongoing', 'developments', 'education.']",REAL
R224,New Report on Education,"['western', 'appear', 'fly', 'world', 'purpose.', 'foot', 'ball', 'forward', 'relate', 'middle.', 'public', 'understand', 'store', 'lead', 'series', 'radio.', 'experts', 'discuss', 'ongoing', 'developments', 'education.']",REAL
F178,Immortal Jellyfish Confirmed by Sources,"['whose', 'let', 'rich.', 'assume', 'war', 'three', 'positive', 'poor', 'field.', '—', 'shocking', 'claims', 'immortal', 'jellyfish', 'surface', 'internet.']",FAKE
F074,Secret Cure Confirmed by Sources,"['reveal', 'fall', 'hotel', 'choose', 'shake', 'management.', 'hospital', 'election', 'always', 'red', 'popular', 'environmental', 'increase', 'discover.', 'fine', 'change', 'best', 'place', 'several', 'thus', 'country.', 'many', 'wait', 'see', 'matter', 'person', 'majority.', '—', 'shocking', 'claims', 'secret', 'cure', 'surface', 'internet.']",FAKE
R034,New Report on Budget Report,"['thousand', 'look', 'contain', 'behavior.', 'north', 'follow', 'news', 'describe', 'similar', 'federal.', 'natural', 'culture', 'than.', 'experts', 'discuss', 'ongoing', 'developments', 'budget', 'report.']",REAL
R095,New Report on Policy,"['first', 'unit', 'pattern', 'find', 'wind', 'religious.', 'experts', 'discuss', 'ongoing', 'developments', 'policy.']",REAL
F011,Aliens Confirmed by Sources,"['city', 'mr', 'technology', 'hospital.', '—', 'shocking', 'claims', 'aliens', 'surface', 'internet.']",FAKE
R162,New Report on Policy,"['notice', 'start', 'table', 'natural', 'receive', 'knowledge', 'page', 'join.', 'beyond', 'sometimes', 'resource', 'ever', 'people', 'gas.', 'experts', 'discuss', 'ongoing', 'developments', 'policy.']",REAL
R218,New Report on Election,"['throughout', 'president', 'coach', 'public', 'major', 'information', 'close.', 'sense', 'age', 'director', 'son.', 'experts', 'discuss', 'ongoing', 'developments', 'election.']",REAL
F136,Miracle Drug Confirmed by Sources,"['today', 'born', 'show', 'message', 'guy', 'minute', 'perhaps.', 'away', 'single', 'improve', 'hair', 'analysis.', '—', 'shocking', 'claims', 'miracle', 'drug', 'surface', 'internet.']",FAKE
R108,New Report on Economic Growth,"['say', 'right', 'agency', 'break.', 'lot', 'republican', 'lay', 'risk', 'eat', 'decide.', 'thus', 'rich', 'page.', 'experts', 'discuss', 'ongoing', 'developments', 'economic', 'growth.']",REAL
R186,New Report on Research,"['third', 'commercial', 'tax', 'claim', 'former', 'author.', 'industry', 'political', 'local', 'father.', 'experts', 'discuss', 'ongoing', 'developments', 'research.']",REAL
R248,New Report on Technology Breakthrough,"['young', 'commercial', 'speech', 'like', 'seven', 'floor.', 'positive', 'line', 'price', 'must', 'get', 'girl.', 'truth', 'low', 'section', 'begin.', 'experts', 'discuss', 'ongoing', 'developments', 'technology', 'breakthrough.']",REAL
F045,Immortal Jellyfish Confirmed by Sources,"['yes', 'child', 'minute', 'something.', 'simply', 'fire', 'card', 'what.', 'worry', 'bank', 'school', 'today', 'detail.', '—', 'shocking', 'claims', 'immortal', 'jellyfish', 'surface', 'internet.']",FAKE
F092,Secret Cure Confirmed by Sources,"['wrong', 'fish', 'state', 'create', 'wish', 'identify', 'style.', 'list', 'staff', 'father', 'course.', '—', 'shocking', 'claims', 'secret', 'cure', 'surface', 'internet.']",FAKE
R100,New Report on Technology Breakthrough,"['paper', 'approach', 'meet.', 'almost', 'director', 'front', 'listen', 'like', 'film', 'her.', 'experts', 'discuss', 'ongoing', 'developments', 'technology', 'breakthrough.']",REAL
F075,Miracle Drug Confirmed by Sources,"['eat', 'glass', 'politics', 'effect.', 'probably', 'news', 'force', 'throughout', 'majority.', '—', 'shocking', 'claims', 'miracle', 'drug', 'surface', 'internet.']",FAKE
R059,New Report on Technology Breakthrough,"['summer', 'often', 'lawyer', 'middle.', 'show', 'left', 'quite', 'interesting', 'investment', 'take.', 'able', 'season', 'enter.', 'experts', 'discuss', 'ongoing', 'developments', 'technology', 'breakthrough.']",REAL
F213,Hoax Confirmed by Sources,"['bit', 'expert', 'field', 'attention', 'contain', 'better.', 'value', 'hot', 'tell', 'tonight.', '—', 'shocking', 'claims', 'hoax', 'surface', 'internet.']",FAKE
R233,New Report on Education,"['personal', 'sure', 'republican', 'admit', 'authority', 'teach', 'feel.', 'religious', 'ask', 'thing', 'available.', 'experts', 'discuss', 'ongoing', 'developments', 'education.']",REAL
F072,Mind Control Confirmed by Sources,"['ball', 'hand', 'seem', 'could.', 'case', 'consumer', 'senior', 'light.', '—', 'shocking', 'claims', 'mind', 'control', 'surface', 'internet.']",FAKE
R184,New Report on Budget Report,"['man', 'hope', 'billion', 'sign', 'tv', 'particularly.', 'apply', 'market', 'realize', 'chair', 'student', 'herself.', 'experts', 'discuss', 'ongoing', 'developments', 'budget', 'report.']",REAL
F134,Secret Cure Confirmed by Sources,"['north', 'often', 'official', 'write', 'son', 'performance', 'reveal.', 'take', 'camera', 'show', 'ten', 'discussion', 'yet', 'also.', '—', 'shocking', 'claims', 'secret', 'cure', 'surface', 'internet.']",FAKE
R096,New Report on Research,"['feeling', 'film', 'check', 'believe', 'executive', 'high.', 'sound', 'show', 'research', 'save.', 'baby', 'statement', 'ago', 'respond', 'nature.', 'foreign', 'individual', 'lawyer', 'set.', 'experts', 'discuss', 'ongoing', 'developments', 'research.']",REAL
R020,New Report on Policy,"['along', 'person', 'occur', 'foreign.', 'reality', 'participant', 'consider', 'hope', 'watch.', 'experts', 'discuss', 'ongoing', 'developments', 'policy.']",REAL
R067,New Report on Policy,"['thought', 'along', 'may', 'fund.', 'see', 'break', 'politics.', 'experts', 'discuss', 'ongoing', 'developments', 'policy.']",REAL
R215,New Report on Education,"['positive', 'guess', 'old', 'series', 'cup.', 'expect', 'soldier', 'consumer', 'film', 'drop', 'increase', 'little.', 'particularly', 'trade', 'thus', 'effort.', 'experts', 'discuss', 'ongoing', 'developments', 'education.']",REAL
R127,New Report on Policy,"['speak', 'season', 'expert', 'significant', 'professional', 'discussion', 'five.', 'ask', 'soon', 'gas', 'actually.', 'experts', 'discuss', 'ongoing', 'developments', 'policy.']",REAL
R235,New Report on Technology Breakthrough,"['worry', 'usually', 'name', 'watch', 'watch', 'cup.', 'institution', 'treatment', 'force', 'recently', 'try.', 'experts', 'discuss', 'ongoing', 'developments', 'technology', 'breakthrough.']",REAL
R163,New Report on Climate Change,"['book', 'box', 'science', 'produce', 'child', 'stand.', 'yeah', 'movie', 'third', 'success.', 'central', 'value', 'international', 'recently', 'wide', 'enter.', 'experts', 'discuss', 'ongoing', 'developments', 'climate', 'change.']",REAL
R002,New Report on Education,"['positive', 'buy.', 'later', 'nearly', 'ask', 'hot', 'environmental', 'will.', 'experts', 'discuss', 'ongoing', 'developments', 'education.']",REAL
R021,New Report on Education,"['total', 'service', 'he.', 'century', 'mission', 'commercial', 'recognize', 'dog', 'enjoy.', 'occur', 'inside', 'purpose', 'commercial', 'thus', 'professor.', 'experts', 'discuss', 'ongoing', 'developments', 'education.']",REAL
R013,New Report on Technology Breakthrough,"['east', 'respond', 'economy', 'service', 'common.', 'capital', 'everyone', 'mind', 'miss.', 'fall', 'onto', 'letter', 'hear', 'lot', 'subject', 'box.', 'rise', 'half', 'wide', 'line', 'travel.', 'experts', 'discuss', 'ongoing', 'developments', 'technology', 'breakthrough.']",REAL
F195,Flat Earth Confirmed by Sources,"['avoid', 'teacher', 'deal', 'any.', 'development', 'end', 'ready', 'value.', '—', 'shocking', 'claims', 'flat', 'earth', 'surface', 'internet.']",FAKE
R101,New Report on Research,"['despite', 'foot', 'improve', 'fear', 'social', 'management', 'mission.', 'represent', 'administration', 'issue', 'why.', 'tv', 'argue', 'sort', 'sense', 'someone.', 'experts', 'discuss', 'ongoing', 'developments', 'research.']",REAL
R055,New Report on Research,"['certain', 'every', 'research', 'place', 'reduce.', 'manage', 'officer', 'establish', 'woman', 'get.', 'industry', 'way', 'choice', 'black', 'clearly', 'trial', 'draw.', 'experts', 'discuss', 'ongoing', 'developments', 'research.']",REAL
F190,Secret Cure Confirmed by Sources,"['answer', 'republican', 'face', 'light.', 'hotel', 'alone', 'because.', 'believe', 'win', 'play', 'husband', 'style.', 'group', 'ball', 'modern', 'fast', 'every', 'part.', '—', 'shocking', 'claims', 'secret', 'cure', 'surface', 'internet.']",FAKE
R004,New Report on Education,"['care', 'near', 'report', 'imagine.', 'work', 'consumer', 'fall', 'trip.', 'experts', 'discuss', 'ongoing', 'developments', 'education.']",REAL
F080,Celebrity Scandal Confirmed by Sources,"['follow', 'number', 'pull', 'edge', 'police.', 'even', 'represent', 'energy', 'force', 'loss', 'rather', 'me.', 'effort', 'market', 'vote', 'life.', '—', 'shocking', 'claims', 'celebrity', 'scandal', 'surface', 'internet.']",FAKE
F049,Hoax Confirmed by Sources,"['majority', 'bag', 'city', 'moment', 'large', 'letter.', 'body', 'find', 'life', 'mind', 'key', 'effort', 'black.', 'scene', 'trip', 'write', 'color', 'nor.', '—', 'shocking', 'claims', 'hoax', 'surface', 'internet.']",FAKE
F184,Secret Cure Confirmed by Sources,"['situation', 'message', 'blue', 'build', 'research.', 'particularly', 'child', 'property.', 'pick', 'actually', 'result.', '—', 'shocking', 'claims', 'secret', 'cure', 'surface', 'internet.']",FAKE
F030,Secret Cure Confirmed by Sources,"['drive', 'four', 'night', 'hair', 'get', 'fund.', 'technology', 'new', 'issue', 'four', 'add.', '—', 'shocking', 'claims', 'secret', 'cure', 'surface', 'internet.']",FAKE
R213,New Report on Budget Report,"['cost', 'several.', 'right', 'size', 'yeah', 'data', 'place', 'fly', 'entire.', 'experts', 'discuss', 'ongoing', 'developments', 'budget', 'report.']",REAL
F128,Immortal Jellyfish Confirmed by Sources,"['treatment', 'shake', 'though', 'wonder', 'four', 'decision.', 'stay', 'better', 'president', 'high.', 'sense', 'focus', 'view', 'senior', 'idea', 'push', 'avoid.', '—', 'shocking', 'claims', 'immortal', 'jellyfish', 'surface', 'internet.']",FAKE
R231,New Report on Policy,"['area', 'actually', 'wonder', 'quite.', 'experts', 'discuss', 'ongoing', 'developments', 'policy.']",REAL
R061,New Report on Technology Breakthrough,"['cause', 'soon', 'pattern', 'stock.', 'success', 'sometimes', 'floor', 'book.', 'ten', 'visit', 'beautiful', 'drug', 'fill', 'role', 'huge.', 'experts', 'discuss', 'ongoing', 'developments', 'technology', 'breakthrough.']",REAL
R137,New Report on Education,"['organization', 'another', 'thought', 'other.', 'court', 'agent', 'skin.', 'experts', 'discuss', 'ongoing', 'developments', 'education.']",REAL
R185,New Report on Technology Breakthrough,"['hotel', 'five', 'red', 'treatment', 'many', 'wish.', 'experts', 'discuss', 'ongoing', 'developments', 'technology', 'breakthrough.']",REAL
R204,New Report on Technology Breakthrough,"['light', 'process', 'care', 'threat', 'usually', 'those.', 'win', 'lay.', 'responsibility', 'try', 'investment.', 'experts', 'discuss', 'ongoing', 'developments', 'technology', 'breakthrough.']",REAL
F217,Immortal Jellyfish Confirmed by Sources,"['vote', 'product', 'create.', 'purpose', 'teacher', 'especially', 'line.', '—', 'shocking', 'claims', 'immortal', 'jellyfish', 'surface', 'internet.']",FAKE
F176,Miracle Drug Confirmed by Sources,"['evidence', 'create', 'something', 'around', 'none.', 'hard', 'base', 'page', 'relationship', 'class', 'thought.', 'whether', 'watch', 'but.', '—', 'shocking', 'claims', 'miracle', 'drug', 'surface', 'internet.']",FAKE
R245,New Report on Technology Breakthrough,"['rate', 'officer', 'market', 'bank', 'attention.', 'really', 'purpose', 'talk', 'we.', 'experts', 'discuss', 'ongoing', 'developments', 'technology', 'breakthrough.']",REAL
R104,New Report on Election,"['town', 'summer', 'study.', 'fine', 'six', 'success', 'mouth', 'someone', 'media', 'cut', 'note.', 'experts', 'discuss', 'ongoing', 'developments', 'election.']",REAL
F156,Flat Earth Confirmed by Sources,"['recognize', 'hand', 'still', 'pick', 'technology', 'agency', 'grow.', '—', 'shocking', 'claims', 'flat', 'earth', 'surface', 'internet.']",FAKE
R194,New Report on Election,"['business', 'check', 'set', 'say.', 'test', 'many', 'fear', 'since', 'paper', 'maybe.', 'experts', 'discuss', 'ongoing', 'developments', 'election.']",REAL
R161,New Report on Technology Breakthrough,"['job', 'raise', 'everybody', 'stand', 'attack', 'agent', 'can.', 'industry', 'current', 'clear', 'stock.', 'experts', 'discuss', 'ongoing', 'developments', 'technology', 'breakthrough.']",REAL
F113,Immortal Jellyfish Confirmed by Sources,"['bit', 'major', 'seat', 'ago', 'system', 'miss', 'work.', 'particularly', 'yard', 'sister', 'personal', 'do.', 'interest', 'rather', 'enjoy', 'window', 'heavy', 'manage.', '—', 'shocking', 'claims', 'immortal', 'jellyfish', 'surface', 'internet.']",FAKE
F150,Hoax Confirmed by Sources,"['nice', 'really', 'play', 'government', 'safe', 'without.', 'amount', 'responsibility', 'argue', 'star', 'employee', 'close', 'when.', 'economic', 'town', 'know', 'order', 'less', 'actually', 'your.', '—', 'shocking', 'claims', 'hoax', 'surface', 'internet.']",FAKE
F047,Miracle Drug Confirmed by Sources,"['nothing', 'concern', 'spring', 'candidate', 'win', 'fine', 'create.', '—', 'shocking', 'claims', 'miracle', 'drug', 'surface', 'internet.']",FAKE
F008,Hoax Confirmed by Sources,"['difference', 'child', 'possible', 'easy', 'list', 'food.', '—', 'shocking', 'claims', 'hoax', 'surface', 'internet.']",FAKE
F229,Aliens Confirmed by Sources,"['collection', 'clearly', 'approach', 'describe', 'anything.', 'turn', 'project', 'ask', 'nation.', '—', 'shocking', 'claims', 'aliens', 'surface', 'internet.']",FAKE
R001,New Report on Research,"['article', 'region', 'certainly', 'energy', 'give', 'generation', 'past.', 'nature', 'look', 'us', 'wall', 'project', 'clearly.', 'blue', 'relationship', 'officer', 'room', 'nearly', 'economy.', 'experts', 'discuss', 'ongoing', 'developments', 'research.']",REAL
R241,New Report on Public Health,"['nation', 'four', 'always.', 'experts', 'discuss', 'ongoing', 'developments', 'public', 'health.']",REAL
R198,New Report on Climate Change,"['free', 'team', 'relationship.', 'start', 'conference', 'discussion', 'church.', 'card', 'hard', 'fast', 'cut', 'thing', 'third.', 'experts', 'discuss', 'ongoing', 'developments', 'climate', 'change.']",REAL
R229,New Report on Research,"['agent', 'seek', 'ahead', 'east', 'power', 'media.', 'society', 'staff', 'set', 'dark', 'claim', 'difference', 'by.', 'experts', 'discuss', 'ongoing', 'developments', 'research.']",REAL
R205,New Report on Public Health,"['fear', 'scientist', 'begin', 'political', 'perhaps', 'fast', 'least.', 'explain', 'start', 'help', 'continue.', 'experts', 'discuss', 'ongoing', 'developments', 'public', 'health.']",REAL
F123,Celebrity Scandal Confirmed by Sources,"['street', 'finish', 'difference', 'attack', 'ready', 'student.', 'view', 'often', 'blood.', 'offer', 'special.', '—', 'shocking', 'claims', 'celebrity', 'scandal', 'surface', 'internet.']",FAKE
F043,Celebrity Scandal Confirmed by Sources,"['research', 'claim', 'particular.', 'case', 'answer', 'american', 'save', 'perform', 'usually', 'place.', '—', 'shocking', 'claims', 'celebrity', 'scandal', 'surface', 'internet.']",FAKE
F097,Celebrity Scandal Confirmed by Sources,"['relationship', 'realize', 'add.', 'blue', 'build', 'never', 'lead', 'usually', 'ready', 'glass.', 'manager', 'leave', 'base', 'feeling', 'daughter', 'mother', 'painting.', '—', 'shocking', 'claims', 'celebrity', 'scandal', 'surface', 'internet.']",FAKE
R014,New Report on Research,"['week', 'continue', 'begin', 'fear.', 'service', 'crime', 'sort', 'prevent', 'teach', 'say.', 'experts', 'discuss', 'ongoing', 'developments', 'research.']",REAL
F005,Flat Earth Confirmed by Sources,"['huge', 'war', 'a.', 'allow', 'blood', 'practice', 'open.', 'science', 'difficult', 'market', 'memory.', '—', 'shocking', 'claims', 'flat', 'earth', 'surface', 'internet.']",FAKE
R234,New Report on Research,"['nothing', 'establish.', 'similar', 'type', 'discussion', 'probably', 'election', 'stay.', 'south', 'time', 'education.', 'experts', 'discuss', 'ongoing', 'developments', 'research.']",REAL
F143,Aliens Confirmed by Sources,"['pick', 'ground', 'college.', 'success', 'food', 'article.', 'front', 'keep', 'them.', '—', 'shocking', 'claims', 'aliens', 'surface', 'internet.']",FAKE
R073,New Report on Economic Growth,"['ahead', 'minute', 'yeah', 'trial.', 'bad', 'friend', 'foreign', 'receive.', 'experts', 'discuss', 'ongoing', 'developments', 'economic', 'growth.']",REAL
R239,New Report on Education,"['bit', 'major', 'tell', 'author', 'democratic.', 'expect', 'five.', 'drop', 'less', 'natural', 'join.', 'experts', 'discuss', 'ongoing', 'developments', 'education.']",REAL
F181,Aliens Confirmed by Sources,"['magazine', 'child', 'entire.', 'perform', 'best', 'century', 'gun', 'identify', 'light', 'also.', '—', 'shocking', 'claims', 'aliens', 'surface', 'internet.']",FAKE
R138,New Report on Election,"['position', 'turn', 'leader.', 'operation', 'fund', 'school', 'field.', 'experts', 'discuss', 'ongoing', 'developments', 'election.']",REAL
R172,New Report on Economic Growth,"['early', 'production', 'third', 'state', 'much.', 'grow', 'improve', 'bed', 'politics', 'us', 'chair', 'table.', 'onto', 'let', 'today', 'protect', 'else.', 'remain', 'light', 'push.', 'experts', 'discuss', 'ongoing', 'developments', 'economic', 'growth.']",REAL
R143,New Report on Policy,"['trouble', 'clear', 'picture', 'rich', 'seek.', 'class', 'organization', 'significant', 'soon', 'discussion', 'at.', 'serve', 'study', 'head', 'human', 'hour', 'success.', 'experts', 'discuss', 'ongoing', 'developments', 'policy.']",REAL
F166,Mind Control Confirmed by Sources,"['poor', 'experience', 'water', 'generation.', 'institution', 'continue', 'music', 'thousand.', '—', 'shocking', 'claims', 'mind', 'control', 'surface', 'internet.']",FAKE
R003,New Report on Budget Report,"['either', 'say', 'conference', 'listen', 'nature.', 'bit', 'year', 'economic', 'suddenly', 'authority', 'majority.', 'interesting', 'perhaps', 'cold', 'whose.', 'experts', 'discuss', 'ongoing', 'developments', 'budget', 'report.']",REAL
R167,New Report on Climate Change,"['military', 'assume', 'method', 'senior', 'bit.', 'meet', 'start', 'often', 'want', 'quickly', 'modern.', 'fact', 'simple', 'pm.', 'experts', 'discuss', 'ongoing', 'developments', 'climate', 'change.']",REAL
R183,New Report on Climate Change,"['possible', 'century', 'democratic', 'concern', 'policy', 'other.', 'outside', 'special', 'never', 'there.', 'experts', 'discuss', 'ongoing', 'developments', 'climate', 'change.']",REAL
R238,New Report on Technology Breakthrough,"['western', 'line', 'hold.', 'cultural', 'film', 'situation.', 'nation', 'million', 'base', 'on.', 'experts', 'discuss', 'ongoing', 'developments', 'technology', 'breakthrough.']",REAL
R041,New Report on Election,"['beat', 'whole', 'exactly', 'class', 'movie', 'various', 'once.', 'evening', 'chair', 'fly', 'society', 'foreign', 'fall', 'quite.', 'pattern', 'republican', 'next', 'voice', 'major', 'question', 'challenge.', 'experts', 'discuss', 'ongoing', 'developments', 'election.']",REAL
F237,Government Cover-Up Confirmed by Sources,"['event', 'car', 'year', 'catch.', 'top', 'game', 'determine', 'official', 'create', 'compare', 'process', 'movement.', 'also', 'industry', 'must', 'themselves.', '—', 'shocking', 'claims', 'government', 'cover-up', 'surface', 'internet.']",FAKE
R086,New Report on Research,"['move', 'science', 'perform', 'common', 'seven', 'total', 'send.', 'right', 'small', 'measure', 'type', 'tv.', 'experts', 'discuss', 'ongoing', 'developments', 'research.']",REAL
R240,New Report on Policy,"['single', 'spring', 'today', 'film', 'future', 'pull', 'officer.', 'bag', 'especially', 'night', 'movie', 'image.', 'experts', 'discuss', 'ongoing', 'developments', 'policy.']",REAL
R133,New Report on Public Health,"['indicate', 'term', 'claim', 'actually', 'international', 'draw', 'worry.', 'dark', 'available', 'past.', 'order', 'enter', 'common', 'daughter.', 'experts', 'discuss', 'ongoing', 'developments', 'public', 'health.']",REAL
F044,Hoax Confirmed by Sources,"['perform', 'individual', 'long', 'training', 'wide.', 'book', 'together', 'contain', 'agree', 'scene.', 'rich', 'fear', 'eight', 'design', 'force', 'pay.', '—', 'shocking', 'claims', 'hoax', 'surface', 'internet.']",FAKE
F125,Government Cover-Up Confirmed by Sources,"['also', 'door', 'several', 'woman', 'drop.', 'ready', 'discuss', 'beat', 'picture', 'west.', 'list', 'offer', 'good', 'bill', 'on.', '—', 'shocking', 'claims', 'government', 'cover-up', 'surface', 'internet.']",FAKE
F165,Secret Cure Confirmed by Sources,"['major', 'person', 'crime', 'seek.', 'total', 'long', 'leader', 'away', 'particular', 'mother', 'loss.', 'small', 'single', 'seem', 'still', 'particularly', 'ready', 'body', 'safe.', 'major', 'trip', 'book', 'surface.', '—', 'shocking', 'claims', 'secret', 'cure', 'surface', 'internet.']",FAKE
F137,Flat Earth Confirmed by Sources,"['expert', 'drug', 'true', 'top', 'decision', 'reason.', 'society', 'store', 'challenge', 'property', 'end.', 'loss', 'professor', 'event', 'sign', 'design.', '—', 'shocking', 'claims', 'flat', 'earth', 'surface', 'internet.']",FAKE
R088,New Report on Research,"['interesting', 'company', 'behind', 'community', 'city.', 'across', 'sense.', 'experts', 'discuss', 'ongoing', 'developments', 'research.']",REAL
R169,New Report on Technology Breakthrough,"['wish', 'product', 'peace', 'protect', 'foot.', 'fear', 'party', 'guess', 'necessary', 'mind', 'difficult.', 'difference', 'none', 'structure', 'meeting.', 'experts', 'discuss', 'ongoing', 'developments', 'technology', 'breakthrough.']",REAL
R193,New Report on Technology Breakthrough,"['deep', 'measure', 'decide', 'summer', 'choice.', 'anything', 'assume', 'growth', 'research.', 'bank', 'level', 'popular', 'usually.', 'experts', 'discuss', 'ongoing', 'developments', 'technology', 'breakthrough.']",REAL
F247,Mind Control Confirmed by Sources,"['single', 'cultural', 'surface', 'partner.', 'lose', 'work', 'language.', 'newspaper', 'grow', 'big', 'perform', 'pm', 'edge', 'wait.', 'describe', 'customer', 'past', 'hit', 'option', 'bill.', '—', 'shocking', 'claims', 'mind', 'control', 'surface', 'internet.']",FAKE
R179,New Report on Technology Breakthrough,"['operation', 'build', 'voice', 'sea.', 'experts', 'discuss', 'ongoing', 'developments', 'technology', 'breakthrough.']",REAL
F138,Immortal Jellyfish Confirmed by Sources,"['deep', 'remain', 'travel', 'chance', 'realize.', 'address', 'shake.', 'join', 'lay', 'family', 'teacher', 'policy.', '—', 'shocking', 'claims', 'immortal', 'jellyfish', 'surface', 'internet.']",FAKE
R017,New Report on Policy,"['least', 'foreign', 'close', 'knowledge', 'teach', 'avoid.', 'hope', 'note', 'cover', 'foot.', 'product', 'indeed', 'hand', 'knowledge', 'son', 'plant.', 'experts', 'discuss', 'ongoing', 'developments', 'policy.']",REAL
F090,Mind Control Confirmed by Sources,"['church', 'town', 'outside', 'table', 'away', 'network.', 'job', 'learn', 'bar', 'mission', 'give', 'almost.', '—', 'shocking', 'claims', 'mind', 'control', 'surface', 'internet.']",FAKE
F222,Mind Control Confirmed by Sources,"['still', 'sort', 'difficult', 'minute', 'walk', 'prevent.', 'job', 'much', 'many', 'section', 'amount', 'seek', 'third.', 'go', 'boy', 'cover', 'teacher', 'network.', '—', 'shocking', 'claims', 'mind', 'control', 'surface', 'internet.']",FAKE
R114,New Report on Climate Change,"['technology', 'reveal', 'leader', 'describe', 'happy.', 'source', 'center', 'smile', 'every', 'cost', 'finally', 'popular.', 'bank', 'administration', 'education.', 'experts', 'discuss', 'ongoing', 'developments', 'climate', 'change.']",REAL
F235,Celebrity Scandal Confirmed by Sources,"['sign', 'response', 'apply', 'yes', 'event', 'member.', 'structure', 'car', 'cell', 'chance', 'admit.', '—', 'shocking', 'claims', 'celebrity', 'scandal', 'surface', 'internet.']",FAKE
F185,Hoax Confirmed by Sources,"['base', 'occur', 'edge', 'boy', 'yet.', 'every', 'left', 'speak', 'manager', 'name', 'make.', '—', 'shocking', 'claims', 'hoax', 'surface', 'internet.']",FAKE
F221,Flat Earth Confirmed by Sources,"['support', 'perhaps', 'health', 'hour', 'marriage.', 'resource', 'expect', 'class', 'sit', 'organization.', 'social', 'nothing', 'election.', '—', 'shocking', 'claims', 'flat', 'earth', 'surface', 'internet.']",FAKE
F054,Secret Cure Confirmed by Sources,"['soldier', 'dinner', 'economic', 'believe.', '—', 'shocking', 'claims', 'secret', 'cure', 'surface', 'internet.']",FAKE
R000,New Report on Public Health,"['serve', 'strategy', 'teach', 'house', 'shake', 'arrive.', 'experts', 'discuss', 'ongoing', 'developments', 'public', 'health.']",REAL
R178,New Report on Budget Report,"['scientist', 'effect', 'nice', 'into.', 'open', 'politics', 'animal', 'find', 'game', 'cover.', 'experts', 'discuss', 'ongoing', 'developments', 'budget', 'report.']",REAL
F006,Hoax Confirmed by Sources,"['glass', 'none', 'left', 'source', 'majority', 'movie', 'join.', 'quite', 'truth', 'lead', 'star', 'argue', 'loss.', 'money', 'necessary', 'little.', '—', 'shocking', 'claims', 'hoax', 'surface', 'internet.']",FAKE
F174,Secret Cure Confirmed by Sources,"['material', 'purpose', 'woman', 'prepare', 'health.', 'half', 'money', 'teach', 'hundred.', 'special', 'lot', 'arrive.', '—', 'shocking', 'claims', 'secret', 'cure', 'surface', 'internet.']",FAKE
R009,New Report on Election,"['speech', 'left', 'door', 'go.', 'little', 'agency', 'election', 'early.', 'experts', 'discuss', 'ongoing', 'developments', 'election.']",REAL
R122,New Report on Economic Growth,"['people', 'image', 'soon', 'within', 'better', 'word.', 'major', 'carry', 'store', 'woman', 'fly.', 'level', 'career', 'never', 'money', 'program', 'nation.', 'experts', 'discuss', 'ongoing', 'developments', 'economic', 'growth.']",REAL
F189,Immortal Jellyfish Confirmed by Sources,"['alone', 'information', 'agency', 'plan', 'moment.', 'cut', 'personal', 'whether', 'study', 'economy', 'draw', 'station', 'door.', 'hit', 'choice', 'line', 'nation', 'ability', 'power.', '—', 'shocking', 'claims', 'immortal', 'jellyfish', 'surface', 'internet.']",FAKE
R146,New Report on Technology Breakthrough,"['actually', 'science', 'however', 'meeting', 'message', 'us.', 'around', 'spend', 'value', 'traditional', 'civil', 'democrat', 'live.', 'everyone', 'mean', 'office', 'right.', 'experts', 'discuss', 'ongoing', 'developments', 'technology', 'breakthrough.']",REAL
R022,New Report on Climate Change,"['begin', 'miss', 'beautiful', 'black', 'wide', 'far.', 'per', 'marriage', 'evening', 'theory', 'safe', 'born', 'war', 'cover.', 'far', 'accept.', 'experts', 'discuss', 'ongoing', 'developments', 'climate', 'change.']",REAL
F177,Aliens Confirmed by Sources,"['television', 'everybody', 'population', 'sound', 'often.', 'vote', 'oil', 'child', 'student', 'usually', 'instead.', 'include', 'science', 'since', 'pull.', '—', 'shocking', 'claims', 'aliens', 'surface', 'internet.']",FAKE
F021,Secret Cure Confirmed by Sources,"['letter', 'report', 'say.', 'need', 'movement', 'firm.', 'two', 'board', 'reduce.', 'day', 'letter', 'single', 'interesting', 'serious', 'onto', 'fight.', '—', 'shocking', 'claims', 'secret', 'cure', 'surface', 'internet.']",FAKE
R039,New Report on Economic Growth,"['course', 'eye', 'main', 'suddenly', 'effort', 'beat', 'outside.', 'line', 'kitchen', 'open', 'own.', 'southern', 'site', 'buy', 'media', 'few.', 'able', 'else', 'future', 'design', 'according', 'beautiful', 'leader', 'so.', 'experts', 'discuss', 'ongoing', 'developments', 'economic', 'growth.']",REAL
F061,Miracle Drug Confirmed by Sources,"['memory', 'speech', 'expect', 'sure', 'response', 'away.', 'issue', 'conference', 'education', 'policy', 'responsibility.', '—', 'shocking', 'claims', 'miracle', 'drug', 'surface', 'internet.']",FAKE
R057,New Report on Technology Breakthrough,"['summer', 'eat', 'red', 'guy', 'center.', 'company', 'choose', 'prepare', 'piece', 'way', 'language.', 'experts', 'discuss', 'ongoing', 'developments', 'technology', 'breakthrough.']",REAL
F154,Immortal Jellyfish Confirmed by Sources,"['leader', 'actually', 'blood', 'yeah.', 'network', 'effort', 'true', 'medical.', 'leave', 'find', 'itself.', '—', 'shocking', 'claims', 'immortal', 'jellyfish', 'surface', 'internet.']",FAKE
F052,Mind Control Confirmed by Sources,"['share', 'individual', 'charge', 'direction.', 'health', 'song', 'source.', '—', 'shocking', 'claims', 'mind', 'control', 'surface', 'internet.']",FAKE
F124,Flat Earth Confirmed by Sources,"['history', 'reduce', 'trial.', 'scientist', 'president', 'deal', 'glass', 'recent', 'letter.', 'present', 'available', 'television', 'wall', 'congress', 'left', 'staff.', '—', 'shocking', 'claims', 'flat', 'earth', 'surface', 'internet.']",FAKE
R071,New Report on Budget Report,"['wind', 'everything', 'trade.', 'bad', 'try.', 'traditional.', 'experts', 'discuss', 'ongoing', 'developments', 'budget', 'report.']",REAL
R152,New Report on Budget Report,"['experience', 'success', 'fear', 'activity', 'capital.', 'prove', 'system', 'find', 'west', 'color.', 'field', 'go', 'commercial', 'measure', 'believe', 'born.', 'experts', 'discuss', 'ongoing', 'developments', 'budget', 'report.']",REAL
F038,Mind Control Confirmed by Sources,"['teach', 'answer', 'moment', 'actually', 'still', 'worry', 'collection', 'green.', 'success', 'feeling', 'organization', 'water', 'system', 'often.', 'page', 'audience', 'tough', 'civil', 'southern.', '—', 'shocking', 'claims', 'mind', 'control', 'surface', 'internet.']",FAKE
F101,Immortal Jellyfish Confirmed by Sources,"['heart', 'well', 'difficult', 'congress', 'tough.', 'prepare', 'interview', 'explain', 'size', 'way', 'tax.', '—', 'shocking', 'claims', 'immortal', 'jellyfish', 'surface', 'internet.']",FAKE
F203,Celebrity Scandal Confirmed by Sources,"['interview', 'industry', 'week', 'time', 'laugh', 'run.', 'catch', 'order', 'war', 'knowledge', 'per.', 'six', 'across', 'miss', 'reflect', 'treatment', 'including', 'scientist', 'institution.', '—', 'shocking', 'claims', 'celebrity', 'scandal', 'surface', 'internet.']",FAKE
F192,Government Cover-Up Confirmed by Sources,"['even', 'gas', 'rule', 'true', 'issue.', 'never', 'sea', 'still', 'read', 'woman.', 'memory', 'information', 'create.', '—', 'shocking', 'claims', 'government', 'cover-up', 'surface', 'internet.']",FAKE
R189,New Report on Climate Change,"['people', 'choose', 'approach', 'rather', 'necessary', 'up.', 'job', 'us', 'cause', 'think', 'participant', 'still.', 'try', 'cup.', 'experts', 'discuss', 'ongoing', 'developments', 'climate', 'change.']",REAL
R098,New Report on Election,"['specific', 'hear', 'peace', 'travel', 'before.', 'away', 'perform.', 'experts', 'discuss', 'ongoing', 'developments', 'election.']",REAL
R149,New Report on Economic Growth,"['position', 'control', 'establish', 'without', 'past', 'necessary.', 'maintain', 'fast', 'item', 'medical.', 'experts', 'discuss', 'ongoing', 'developments', 'economic', 'growth.']",REAL
R046,New Report on Education,"['fly', 'network', 'foreign', 'learn', 'idea', 'evidence.', 'forward', 'strong', 'bit', 'agreement.', 'experts', 'discuss', 'ongoing', 'developments', 'education.']",REAL
F055,Hoax Confirmed by Sources,"['degree', 'approach', 'business', 'party', 'particularly', 'friend.', 'early', 'story', 'plant', 'newspaper.', 'compare', 'leave', 'effort', 'smile', 'wide', 'possible.', '—', 'shocking', 'claims', 'hoax', 'surface', 'internet.']",FAKE
F159,Flat Earth Confirmed by Sources,"['heart', 'raise', 'order', 'individual', 'rock', 'either.', 'choice', 'store', 'must', 'industry', 'sell.', 'including', 'particular', 'edge', 'amount', 'prepare.', '—', 'shocking', 'claims', 'flat', 'earth', 'surface', 'internet.']",FAKE
F083,Secret Cure Confirmed by Sources,"['rich', 'eye', 'thus', 'education.', 'condition', 'available', 'coach', 'gas', 'partner', 'increase', 'prove.', '—', 'shocking', 'claims', 'secret', 'cure', 'surface', 'internet.']",FAKE
R109,New Report on Education,"['machine', 'suffer', 'line', 'series', 'people.', 'task', 'expect', 'nature', 'you.', 'music', 'enough', 'loss', 'establish', 'alone', 'keep.', 'experts', 'discuss', 'ongoing', 'developments', 'education.']",REAL
R102,New Report on Climate Change,"['real', 'minute', 'wide', 'occur', 'many', 'nature', 'least.', 'network', 'network', 'central.', 'behind', 'treat', 'source', 'word.', 'experts', 'discuss', 'ongoing', 'developments', 'climate', 'change.']",REAL
R060,New Report on Election,"['others', 'despite', 'personal.', 'buy', 'together', 'continue', 'today', 'piece', 'enter', 'foreign.', 'maintain', 'oil', 'civil', 'stock', 'crime', 'future.', 'ask', 'enough', 'feel', 'learn', 'front.', 'experts', 'discuss', 'ongoing', 'developments', 'election.']",REAL
F085,Secret Cure Confirmed by Sources,"['ask', 'word', 'discuss', 'collection.', 'example', 'total', 'provide', 'financial', 'remember', 'nothing', 'building.', '—', 'shocking', 'claims', 'secret', 'cure', 'surface', 'internet.']",FAKE
F188,Hoax Confirmed by Sources,"['almost', 'maybe', 'find', 'situation', 'father.', '—', 'shocking', 'claims', 'hoax', 'surface', 'internet.']",FAKE
F131,Hoax Confirmed by Sources,"['try', 'yeah', 'sister', 'law.', 'whether', 'go', 'yard.', '—', 'shocking', 'claims', 'hoax', 'surface', 'internet.']",FAKE
R202,New Report on Public Health,"['per', 'go', 'chance', 'sing.', 'experts', 'discuss', 'ongoing', 'developments', 'public', 'health.']",REAL
F111,Celebrity Scandal Confirmed by Sources,"['pay', 'serious', 'them.', 'easy', 'adult', 'cold', 'voice', 'certain', 'foreign.', '—', 'shocking', 'claims', 'celebrity', 'scandal', 'surface', 'internet.']",FAKE
R151,New Report on Policy,"['newspaper', 'interesting', 'another', 'right', 'center', 'none', 'training', 'until.', 'year', 'house', 'east', 'true', 'experience', 'threat.', 'experts', 'discuss', 'ongoing', 'developments', 'policy.']",REAL
F058,Government Cover-Up Confirmed by Sources,"['identify', 'return', 'area', 'without', 'system', 'full', 'hard', 'change.', '—', 'shocking', 'claims', 'government', 'cover-up', 'surface', 'internet.']",FAKE
R164,New Report on Education,"['gun', 'local', 'star', 'need.', 'decision', 'kid', 'high.', 'experts', 'discuss', 'ongoing', 'developments', 'education.']",REAL
F242,Celebrity Scandal Confirmed by Sources,"['clear', 'reality', 'capital', 'safe', 'save', 'development.', 'kitchen', 'smile', 'training', 'everyone.', 'president', 'machine', 'plant', 'parent.', '—', 'shocking', 'claims', 'celebrity', 'scandal', 'surface', 'internet.']",FAKE
F064,Mind Control Confirmed by Sources,"['wrong', 'mean', 'water', 'defense', 'realize', 'all.', 'case', 'seem', 'american', 'require', 'save', 'mind', 'ok.', 'might', 'sit', 'memory.', '—', 'shocking', 'claims', 'mind', 'control', 'surface', 'internet.']",FAKE
R228,New Report on Education,"['doctor', 'week', 'own.', 'money', 'risk', 'able', 'recently', 'pay', 'her.', 'must', 'catch', 'feeling', 'rate.', 'experts', 'discuss', 'ongoing', 'developments', 'education.']",REAL
R210,New Report on Economic Growth,"['anyone', 'culture', 'rule', 'data', 'personal', 'drive.', 'surface', 'owner', 'boy', 'soldier', 'walk', 'standard.', 'experts', 'discuss', 'ongoing', 'developments', 'economic', 'growth.']",REAL
R156,New Report on Policy,"['establish', 'thousand', 'consider', 'across', 'service', 'bank', 'sort', 'now.', 'actually', 'partner', 'authority', 'drug', 'usually', 'perform.', 'experts', 'discuss', 'ongoing', 'developments', 'policy.']",REAL
R192,New Report on Climate Change,"['citizen', 'establish', 'fast', 'television', 'south', 'million.', 'movie', 'option', 'town', 'box', 'unit', 'follow', 'them.', 'simple', 'husband', 'mention.', 'experts', 'discuss', 'ongoing', 'developments', 'climate', 'change.']",REAL
F102,Government Cover-Up Confirmed by Sources,"['data', 'former', 'administration', 'within', 'final', 'evening', 'someone.', 'water', 'appear', 'quite', 'theory', 'lay', 'early.', 'bed', 'attention', 'office', 'stage', 'include', 'car', 'save', 'life.', '—', 'shocking', 'claims', 'government', 'cover-up', 'surface', 'internet.']",FAKE
R237,New Report on Election,"['pressure', 'five', 'down.', 'beautiful', 'tax.', 'experts', 'discuss', 'ongoing', 'developments', 'election.']",REAL
F015,Immortal Jellyfish Confirmed by Sources,"['perhaps', 'street', 'fill.', 'every', 'study', 'energy', 'sport', 'free', 'hope.', 'forget', 'although', 'together', 'stage', 'good', 'cell.', '—', 'shocking', 'claims', 'immortal', 'jellyfish', 'surface', 'internet.']",FAKE
F020,Celebrity Scandal Confirmed by Sources,"['yard', 'including', 'determine', 'news', 'standard.', 'international', 'perform', 'body', 'former', 'candidate', 'show', 'how.', '—', 'shocking', 'claims', 'celebrity', 'scandal', 'surface', 'internet.']",FAKE
R083,New Report on Election,"['interview', 'board', 'you.', 'artist', 'assume', 'color', 'man', 'represent', 'section', 'special.', 'case', 'discover.', 'experts', 'discuss', 'ongoing', 'developments', 'election.']",REAL
F035,Hoax Confirmed by Sources,"['home', 'water', 'note.', 'cup', 'travel', 'safe', 'often.', 'professional', 'administration', 'certain', 'exactly', 'turn', 'whole.', 'business', 'listen.', '—', 'shocking', 'claims', 'hoax', 'surface', 'internet.']",FAKE
R082,New Report on Budget Report,"['popular', 'action', 'five', 'throughout', 'require', 'however', 'long.', 'science', 'represent', 'knowledge', 'service', 'determine', 'form.', 'experts', 'discuss', 'ongoing', 'developments', 'budget', 'report.']",REAL
F114,Mind Control Confirmed by Sources,"['discussion', 'news', 'work', 'their.', '—', 'shocking', 'claims', 'mind', 'control', 'surface', 'internet.']",FAKE
F179,Secret Cure Confirmed by Sources,"['little', 'thank', 'check.', 'wonder', 'suggest', 'section.', 'develop', 'wall', 'call', 'time', 'edge.', '—', 'shocking', 'claims', 'secret', 'cure', 'surface', 'internet.']",FAKE
F026,Celebrity Scandal Confirmed by Sources,"['face', 'operation.', 'mr', 'material', 'prepare', 'least', 'lose', 'cause', 'key', 'edge.', 'everyone', 'else', 'garden', 'general', 'right', 'subject', 'million.', 'build', 'town', 'forward', 'good.', '—', 'shocking', 'claims', 'celebrity', 'scandal', 'surface', 'internet.']",FAKE
R217,New Report on Election,"['involve', 'west', 'medical.', 'past', 'arm', 'quickly', 'number', 'hair', 'true', 'less', 'american.', 'experts', 'discuss', 'ongoing', 'developments', 'election.']",REAL
F009,Celebrity Scandal Confirmed by Sources,"['account', 'instead', 'room', 'enter.', 'line', 'make', 'camera', 'may', 'easy', 'realize.', '—', 'shocking', 'claims', 'celebrity', 'scandal', 'surface', 'internet.']",FAKE
F240,Aliens Confirmed by Sources,"['sport', 'recognize', 'exactly.', 'support', 'wall', 'likely', 'simple.', '—', 'shocking', 'claims', 'aliens', 'surface', 'internet.']",FAKE
R216,New Report on Research,"['name', 'evidence', 'poor', 'cup', 'traditional', 'wind', 'put.', 'picture', 'rock', 'free', 'listen.', 'experts', 'discuss', 'ongoing', 'developments', 'research.']",REAL
F129,Flat Earth Confirmed by Sources,"['government', 'life', 'rather.', 'modern', 'face', 'much', 'investment', 'trip', 'senior', 'exist', 'key.', '—', 'shocking', 'claims', 'flat', 'earth', 'surface', 'internet.']",FAKE
R197,New Report on Education,"['remain', 'happy', 'suffer', 'cold', 'window.', 'speech', 'parent', 'realize', 'shake', 'discussion.', 'least', 'actually', 'different', 'soon', 'give', 'mouth.', 'experts', 'discuss', 'ongoing', 'developments', 'education.']",REAL
F142,Government Cover-Up Confirmed by Sources,"['several', 'window', 'truth.', 'true', 'edge', 'organization', 'cold', 'southern.', '—', 'shocking', 'claims', 'government', 'cover-up', 'surface', 'internet.']",FAKE
R140,New Report on Climate Change,"['particular', 'method', 'nothing', 'certainly', 'artist', 'letter.', 'paper', 'set', 'performance', 'position.', 'everything', 'behavior', 'million', 'democratic.', 'experts', 'discuss', 'ongoing', 'developments', 'climate', 'change.']",REAL
R165,New Report on Budget Report,"['fine', 'ready', 'democratic', 'cover', 'quickly.', 'perhaps', 'evening', 'five', 'though.', 'effort', 'notice', 'little', 'strong', 'focus.', 'experts', 'discuss', 'ongoing', 'developments', 'budget', 'report.']",REAL
R139,New Report on Education,"['son', 'quite', 'car', 'toward', 'popular.', 'save', 'hope', 'international', 'leg', 'pay', 'kind.', 'whole', 'environment', 'decide', 'upon', 'investment.', 'nothing', 'sister', 'thought', 'picture', 'probably', 'to.', 'experts', 'discuss', 'ongoing', 'developments', 'education.']",REAL
F232,Hoax Confirmed by Sources,"['various', 'identify', 'force', 'usually.', 'hit', 'song', 'goal', 'letter', 'wide.', 'budget', 'mother', 'media', 'dream', 'include', 'sometimes.', 'others', 'choice', 'voice', 'however', 'entire', 'whether.', '—', 'shocking', 'claims', 'hoax', 'surface', 'internet.']",FAKE
F108,Celebrity Scandal Confirmed by Sources,"['begin', 'parent', 'yes', 'west', 'three', 'away.', 'learn', 'mission', 'effort', 'put', 'development', 'staff', 'education.', 'structure', 'go', 'four', 'field', 'record.', '—', 'shocking', 'claims', 'celebrity', 'scandal', 'surface', 'internet.']",FAKE
F167,Celebrity Scandal Confirmed by Sources,"['stock', 'question', 'example.', 'may', 'must', 'tonight', 'score', 'improve', 'brother.', 'somebody', 'air', 'finally', 'four', 'bar.', '—', 'shocking', 'claims', 'celebrity', 'scandal', 'surface', 'internet.']",FAKE
R242,New Report on Research,"['anyone', 'modern', 'state', 'require.', 'left', 'agent', 'record', 'young.', 'pull', 'ball', 'west', 'world.', 'go', 'situation', 'smile', 'throughout', 'small.', 'experts', 'discuss', 'ongoing', 'developments', 'research.']",REAL
F133,Immortal Jellyfish Confirmed by Sources,"['word', 'partner', 'free.', 'rather', 'range', 'notice', 'meet', 'figure.', 'never', 'physical', 'congress.', '—', 'shocking', 'claims', 'immortal', 'jellyfish', 'surface', 'internet.']",FAKE
F025,Flat Earth Confirmed by Sources,"['house', 'require', 'cost.', 'address', 'want', 'drive', 'under.', 'box', 'write', 'bill', 'recently.', '—', 'shocking', 'claims', 'flat', 'earth', 'surface', 'internet.']",FAKE
F093,Immortal Jellyfish Confirmed by Sources,"['wonder', 'top', 'us', 'friend.', 'put', 'center', 'sort', 'hope', 'single', 'chance.', 'say', 'entire', 'president', 'bit', 'involve', 'piece', 'game', 'ten.', '—', 'shocking', 'claims', 'immortal', 'jellyfish', 'surface', 'internet.']",FAKE
F236,Government Cover-Up Confirmed by Sources,"['staff', 'edge', 'ok', 'eight', 'laugh.', 'appear', 'discuss', 'increase', 'check', 'class.', 'foot', 'glass', 'sense.', 'dark', 'game', 'build', 'probably', 'similar', 'provide', 'wife.', '—', 'shocking', 'claims', 'government', 'cover-up', 'surface', 'internet.']",FAKE
F069,Flat Earth Confirmed by Sources,"['responsibility', 'draw', 'consider.', 'might', 'offer', 'large', 'young', 'smile', 'company', 'hand.', 'treatment', 'per', 'act', 'build', 'mrs', 'approach', 'election', 'deep.', 'event', 'effect', 'challenge', 'manage', 'wide.', '—', 'shocking', 'claims', 'flat', 'earth', 'surface', 'internet.']",FAKE
F219,Flat Earth Confirmed by Sources,"['amount', 'cut', 'bag', 'lose', 'less', 'hotel.', 'energy', 'best', 'feel', 'manage.', 'yard', 'field', 'a.', '—', 'shocking', 'claims', 'flat', 'earth', 'surface', 'internet.']",FAKE
R079,New Report on Election,"['teacher', 'seek', 'woman', 'society', 'less', 'news.', 'top', 'training', 'whether', 'eight', 'technology.', 'experts', 'discuss', 'ongoing', 'developments', 'election.']",REAL
F042,Hoax Confirmed by Sources,"['door', 'mind', 'good', 'tonight', 'understand', 'continue', 'authority.', 'mother', 'money', 'natural', 'catch', 'similar.', '—', 'shocking', 'claims', 'hoax', 'surface', 'internet.']",FAKE
R154,New Report on Budget Report,"['way', 'short', 'phone.', 'buy', 'laugh', 'high', 'possible', 'sort', 'current.', 'experts', 'discuss', 'ongoing', 'developments', 'budget', 'report.']",REAL
R089,New Report on Public Health,"['speak', 'maybe', 'specific', 'value', 'fund.', 'experts', 'discuss', 'ongoing', 'developments', 'public', 'health.']",REAL
R038,New Report on Public Health,"['condition', 'goal', 'project', 'structure', 'development', 'boy.', 'month', 'time', 'economic', 'interest', 'worker.', 'whether', 'business', 'wrong', 'lead', 'yet', 'usually', 'responsibility.', 'experts', 'discuss', 'ongoing', 'developments', 'public', 'health.']",REAL
R053,New Report on Economic Growth,"['including', 'month', 'future', 'fight', 'improve.', 'early', 'worker', 'white', 'detail.', 'similar', 'able', 'thus', 'reach', 'not.', 'experts', 'discuss', 'ongoing', 'developments', 'economic', 'growth.']",REAL
F201,Hoax Confirmed by Sources,"['attention', 'chance', 'walk', 'audience.', 'language', 'tend', 'response', 'character', 'share', 'minute.', '—', 'shocking', 'claims', 'hoax', 'surface', 'internet.']",FAKE
F013,Secret Cure Confirmed by Sources,"['idea', 'produce', 'fish.', 'task', 'indeed', 'event.', '—', 'shocking', 'claims', 'secret', 'cure', 'surface', 'internet.']",FAKE
R023,New Report on Policy,"['remain', 'alone', 'american.', 'second', 'thing', 'entire.', 'experts', 'discuss', 'ongoing', 'developments', 'policy.']",REAL
R068,New Report on Technology Breakthrough,"['evening', 'claim', 'low', 'pm', 'kid.', 'research', 'model', 'special', 'consider', 'hotel.', 'experts', 'discuss', 'ongoing', 'developments', 'technology', 'breakthrough.']",REAL
F065,Hoax Confirmed by Sources,"['name', 'baby', 'job', 'hair', 'bank.', 'green', 'wife', 'future', 'loss.', '—', 'shocking', 'claims', 'hoax', 'surface', 'internet.']",FAKE
F239,Celebrity Scandal Confirmed by Sources,"['quickly', 'recent', 'experience', 'serious.', 'continue', 'end', 'field', 'perhaps', 'cost', 'bring', 'no.', '—', 'shocking', 'claims', 'celebrity', 'scandal', 'surface', 'internet.']",FAKE
F084,Miracle Drug Confirmed by Sources,"['stage', 'today', 'congress', 'much.', 'authority', 'reflect', 'reach', 'continue.', 'suggest', 'administration', 'democrat', 'several.', '—', 'shocking', 'claims', 'miracle', 'drug', 'surface', 'internet.']",FAKE
R120,New Report on Election,"['reality', 'material', 'shoulder', 'travel.', 'environmental', 'small', 'require', 'dark.', 'work', 'blue', 'size', 'charge.', 'experts', 'discuss', 'ongoing', 'developments', 'election.']",REAL
F207,Government Cover-Up Confirmed by Sources,"['history', 'simply', 'brother', 'trouble', 'imagine', 'itself.', 'every', 'common', 'building', 'beyond', 'certainly', 'stand.', 'traditional', 'threat', 'purpose', 'catch', 'adult', 'while.', '—', 'shocking', 'claims', 'government', 'cover-up', 'surface', 'internet.']",FAKE
R158,New Report on Economic Growth,"['argue', 'model', 'stand', 'billion', 'although', 'meeting.', 'stop', 'member', 'occur', 'nature', 'happen', 'deal', 'environment.', 'experts', 'discuss', 'ongoing', 'developments', 'economic', 'growth.']",REAL
R097,New Report on Technology Breakthrough,"['within', 'something', 'civil.', 'guess', 'try', 'special', 'history', 'week', 'prove', 'thought.', 'experts', 'discuss', 'ongoing', 'developments', 'technology', 'breakthrough.']",REAL
R092,New Report on Technology Breakthrough,"['vote', 'mean', 'charge', 'commercial', 'discover', 'claim', 'believe.', 'analysis', 'process', 'political', 'deep', 'professor.', 'experts', 'discuss', 'ongoing', 'developments', 'technology', 'breakthrough.']",REAL
F172,Hoax Confirmed by Sources,"['lay', 'someone', 'agent', 'seek', 'send', 'remember', 'prove.', 'attention', 'employee', 'participant', 'piece', 'nature', 'public', 'middle', 'mouth.', 'arrive', 'mouth', 'oil', 'focus', 'when.', 'surface', 'whether', 'range', 'participant', 'story.', '—', 'shocking', 'claims', 'hoax', 'surface', 'internet.']",FAKE
R182,New Report on Economic Growth,"['response', 'behavior', 'result', 'serve', 'operation', 'dog', 'item.', 'great', 'economic', 'past', 'cold.', 'experts', 'discuss', 'ongoing', 'developments', 'economic', 'growth.']",REAL
F014,Secret Cure Confirmed by Sources,"['science', 'country', 'heavy', 'human.', 'pay', 'near', 'miss', 'two.', 'last', 'live', 'for.', '—', 'shocking', 'claims', 'secret', 'cure', 'surface', 'internet.']",FAKE
R230,New Report on Election,"['series', 'billion', 'according', 'material', 'participant', 'language.', 'also', 'analysis', 'social', 'question', 'able', 'very.', 'agent', 'project', 'family', 'represent', 'work.', 'experts', 'discuss', 'ongoing', 'developments', 'election.']",REAL
F223,Government Cover-Up Confirmed by Sources,"['total', 'particular', 'society', 'movie', 'box', 'two', 'opportunity', 'me.', 'school', 'return', 'total', 'push', 'station', 'yes.', '—', 'shocking', 'claims', 'government', 'cover-up', 'surface', 'internet.']",FAKE
R221,New Report on Policy,"['trial', 'ago', 'news.', 'tax', 'continue', 'stop', 'best', 'ability.', 'hundred', 'data', 'call', 'account.', 'experts', 'discuss', 'ongoing', 'developments', 'policy.']",REAL
R173,New Report on Climate Change,"['water', 'find', 'second', 'source', 'ten', 'let.', 'brother', 'late', 'military.', 'whole', 'record', 'water.', 'put', 'conference', 'western', 'full', 'serious', 'yeah', 'soon', 'his.', 'experts', 'discuss', 'ongoing', 'developments', 'climate', 'change.']",REAL
F249,Immortal Jellyfish Confirmed by Sources,"['involve', 'piece', 'economic', 'take', 'drug', 'scene.', '—', 'shocking', 'claims', 'immortal', 'jellyfish', 'surface', 'internet.']",FAKE
F112,Government Cover-Up Confirmed by Sources,"['challenge', 'represent', 'country', 'possible', 'by.', 'upon', 'performance', 'affect', 'consider.', 'entire', 'let', 'leave', 'onto', 'leg.', '—', 'shocking', 'claims', 'government', 'cover-up', 'surface', 'internet.']",FAKE
R058,New Report on Budget Report,"['wide', 'treat', 'nation', 'ok', 'wonder', 'space.', 'sister', 'former', 'together', 'raise', 'according.', 'interest', 'happy', 'line', 'wrong', 'medical', 'need.', 'experts', 'discuss', 'ongoing', 'developments', 'budget', 'report.']",REAL
R159,New Report on Economic Growth,"['market', 'old', 'paper.', 'offer', 'green', 'interest', 'government', 'painting', 'leave', 'often.', 'stage', 'mr', 'beautiful', 'left', 'evening.', 'serve', 'probably', 'career', 'federal', 'imagine', 'time', 'soon', 'year.', 'experts', 'discuss', 'ongoing', 'developments', 'economic', 'growth.']",REAL
R029,New Report on Economic Growth,"['piece', 'style', 'ask', 'cut.', 'project', 'time', 'price', 'might', 'early', 'thank.', 'speech', 'factor.', 'experts', 'discuss', 'ongoing', 'developments', 'economic', 'growth.']",REAL
R126,New Report on Research,"['name', 'think', 'product', 'girl.', 'front', 'guy', 'contain', 'just.', 'experts', 'discuss', 'ongoing', 'developments', 'research.']",REAL
R132,New Report on Education,"['level', 'clear', 'capital', 'newspaper.', 'experts', 'discuss', 'ongoing', 'developments', 'education.']",REAL
R025,New Report on Election,"['deal', 'protect', 'order', 'per', 'within', 'from.', 'teacher', 'white', 'fight', 'policy', 'lot', 'white.', 'pretty', 'establish', 'simple', 'trade.', 'experts', 'discuss', 'ongoing', 'developments', 'election.']",REAL
F214,Secret Cure Confirmed by Sources,"['particular', 'move', 'conference', 'key', 'there.', 'new', 'minute', 'season', 'contain', 'sense.', '—', 'shocking', 'claims', 'secret', 'cure', 'surface', 'internet.']",FAKE
R177,New Report on Policy,"['benefit', 'summer', 'recognize', 'lawyer', 'might', 'own.', 'peace', 'including', 'follow', 'daughter.', 'assume', 'accept', 'thought', 'civil', 'half', 'real.', 'politics', 'activity', 'usually', 'music', 'worker', 'need', 'knowledge.', 'experts', 'discuss', 'ongoing', 'developments', 'policy.']",REAL
R196,New Report on Budget Report,"['area', 'policy', 'thousand', 'citizen', 'something', 'reveal', 'field', 'beat.', 'win', 'see', 'rock', 'wife', 'full.', 'experts', 'discuss', 'ongoing', 'developments', 'budget', 'report.']",REAL
R135,New Report on Budget Report,"['huge', 'agency', 'decision', 'single.', 'rise', 'manager', 'data', 'money', 'suggest.', 'experts', 'discuss', 'ongoing', 'developments', 'budget', 'report.']",REAL
F152,Government Cover-Up Confirmed by Sources,"['story', 'commercial', 'summer', 'power.', 'thought', 'participant', 'great', 'color', 'support.', 'yes', 'base', 'official', 'discover', 'case.', 'marriage', 'message', 'american', 'notice.', '—', 'shocking', 'claims', 'government', 'cover-up', 'surface', 'internet.']",FAKE
F180,Secret Cure Confirmed by Sources,"['method', 'picture', 'notice', 'pattern', 'here.', 'way', 'business', 'thus', 'low', 'man', 'ball.', '—', 'shocking', 'claims', 'secret', 'cure', 'surface', 'internet.']",FAKE
F003,Secret Cure Confirmed by Sources,"['knowledge', 'center', 'american', 'treat', 'coach', 'physical.', 'play', 'western', 'group', 'policy', 'peace', 'draw.', 'computer', 'campaign', 'possible', 'order.', '—', 'shocking', 'claims', 'secret', 'cure', 'surface', 'internet.']",FAKE
F244,Celebrity Scandal Confirmed by Sources,"['movement', 'close', 'million.', 'mind', 'box', 'popular', 'majority.', 'various', 'key', 'century', 'spring', 'station.', '—', 'shocking', 'claims', 'celebrity', 'scandal', 'surface', 'internet.']",FAKE
F194,Immortal Jellyfish Confirmed by Sources,"['realize', 'need', 'floor', 'analysis.', 'boy', 'million', 'effect.', 'well', 'support', 'example', 'likely.', '—', 'shocking', 'claims', 'immortal', 'jellyfish', 'surface', 'internet.']",FAKE
R044,New Report on Policy,"['teacher', 'relationship', 'let', 'wrong', 'professor', 'morning', 'operation', 'ready.', 'skin', 'inside', 'send', 'yard', 'team.', 'practice', 'half', 'majority', 'road', 'cold.', 'experts', 'discuss', 'ongoing', 'developments', 'policy.']",REAL
R141,New Report on Economic Growth,"['hospital', 'evening', 'group', 'language', 'form.', 'team', 'shoulder', 'different', 'budget', 'issue', 'morning.', 'experts', 'discuss', 'ongoing', 'developments', 'economic', 'growth.']",REAL
R188,New Report on Climate Change,"['everyone', 'today', 'owner', 'stop.', 'best', 'society', 'east', 'arm', 'draw', 'term', 'strategy.', 'give', 'wall', 'impact', 'long', 'oil.', 'experts', 'discuss', 'ongoing', 'developments', 'climate', 'change.']",REAL
F010,Aliens Confirmed by Sources,"['last', 'blood', 'rest', 'modern.', 'federal', 'forget', 'quality', 'three', 'cold', 'network', 'trial.', '—', 'shocking', 'claims', 'aliens', 'surface', 'internet.']",FAKE
R106,New Report on Economic Growth,"['law', 'ready', 'knowledge', 'common', 'cell.', 'learn', 'purpose', 'note', 'successful', 'present', 'recently.', 'current', 'whether', 'color', 'someone', 'stop', 'network.', 'second', 'hair', 'value', 'think', 'nearly', 'likely', 'resource', 'all.', 'experts', 'discuss', 'ongoing', 'developments', 'economic', 'growth.']",REAL
R049,New Report on Research,"['matter', 'put', 'new', 'level.', 'blood', 'goal.', 'spend', 'system', 'green', 'teacher', 'often', 'seek.', 'decade', 'perform', 'detail', 'none', 'without', 'newspaper', 'notice.', 'experts', 'discuss', 'ongoing', 'developments', 'research.']",REAL
R144,New Report on Budget Report,"['soldier', 'air', 'nature', 'city.', 'drive', 'ten', 'right', 'hit', 'certain', 'face.', 'experts', 'discuss', 'ongoing', 'developments', 'budget', 'report.']",REAL
F199,Celebrity Scandal Confirmed by Sources,"['suffer', 'next', 'modern', 'only.', 'five', 'theory', 'training', 'concern', 'surface.', 'air', 'meeting', 'sell', 'group', 'hold.', 'tax', 'consider', 'yard', 'radio', 'attorney', 'ability', 'statement', 'trouble.', '—', 'shocking', 'claims', 'celebrity', 'scandal', 'surface', 'internet.']",FAKE
F215,Secret Cure Confirmed by Sources,"['feeling', 'serious', 'across', 'draw', 'loss', 'drive.', 'evening', 'fall', 'record', 'good', 'whatever', 'example', 'anyone.', 'worry', 'brother', 'network.', '—', 'shocking', 'claims', 'secret', 'cure', 'surface', 'internet.']",FAKE
R176,New Report on Economic Growth,"['section', 'behavior', 'though', 'brother', 'sing.', 'raise', 'suddenly', 'charge', 'society', 'end.', 'experts', 'discuss', 'ongoing', 'developments', 'economic', 'growth.']",REAL
F105,Hoax Confirmed by Sources,"['science', 'easy', 'soon', 'important', 'nation', 'present.', 'audience', 'call', 'score', 'general', 'drug', 'all.', 'cultural', 'senior', 'return', 'skill', 'see.', '—', 'shocking', 'claims', 'hoax', 'surface', 'internet.']",FAKE
F031,Miracle Drug Confirmed by Sources,"['keep', 'prevent', 'field', 'wide', 'report', 'treat', 'buy.', 'present', 'author', 'want', 'act', 'quite', 'attack', 'sea.', '—', 'shocking', 'claims', 'miracle', 'drug', 'surface', 'internet.']",FAKE
R206,New Report on Research,"['democratic', 'three', 'choose.', 'physical', 'tend', 'miss', 'main', 'hard.', 'use', 'discussion', 'information', 'effect', 'attention', 'recently', 'i.', 'experts', 'discuss', 'ongoing', 'developments', 'research.']",REAL
F238,Secret Cure Confirmed by Sources,"['difference', 'morning', 'market', 'answer', 'much', 'every.', 'bit', 'tough', 'term', 'trouble.', 'drug', 'green', 'information', 'sign', 'option', 'study.', '—', 'shocking', 'claims', 'secret', 'cure', 'surface', 'internet.']",FAKE
R027,New Report on Climate Change,"['begin', 'throw', 'three', 'listen', 'book', 'common', 'practice.', 'experts', 'discuss', 'ongoing', 'developments', 'climate', 'change.']",REAL
F169,Government Cover-Up Confirmed by Sources,"['stand', 'another', 'drop', 'physical', 'various.', 'social', 'type', 'small', 'industry', 'ground.', 'leg', 'story', 'huge', 'later', 'matter.', '—', 'shocking', 'claims', 'government', 'cover-up', 'surface', 'internet.']",FAKE
F208,Aliens Confirmed by Sources,"['military', 'capital', 'individual', 'teacher', 'else.', 'serious', 'service', 'increase', 'above.', 'recognize', 'wife', 'professional', 'commercial', 'campaign', 'particularly.', '—', 'shocking', 'claims', 'aliens', 'surface', 'internet.']",FAKE
F212,Miracle Drug Confirmed by Sources,"['include', 'wonder', 'plan', 'first', 'budget.', 'happy', 'government', 'pay', 'summer', 'eight', 'care', 'cause.', '—', 'shocking', 'claims', 'miracle', 'drug', 'surface', 'internet.']",FAKE
F032,Hoax Confirmed by Sources,"['eight', 'assume', 'response', 'issue.', 'structure', 'recognize', 'couple', 'medical', 'president', 'hit', 'understand.', '—', 'shocking', 'claims', 'hoax', 'surface', 'internet.']",FAKE
F109,Hoax Confirmed by Sources,"['view', 'seat', 'huge', 'information.', '—', 'shocking', 'claims', 'hoax', 'surface', 'internet.']",FAKE
R111,New Report on Policy,"['mrs', 'letter', 'meeting', 'enough', 'yeah.', 'lay', 'difference', 'turn.', 'experts', 'discuss', 'ongoing', 'developments', 'policy.']",REAL
F078,Aliens Confirmed by Sources,"['service', 'understand', 'marriage.', 'sit', 'dream', 'though', 'expert', 'along', 'decision.', '—', 'shocking', 'claims', 'aliens', 'surface', 'internet.']",FAKE
R105,New Report on Budget Report,"['well', 'military', 'prevent', 'doctor', 'finally', 'focus', 'technology.', 'model', 'indeed', 'possible', 'sort', 'star', 'west.', 'experts', 'discuss', 'ongoing', 'developments', 'budget', 'report.']",REAL
F196,Government Cover-Up Confirmed by Sources,"['machine', 'name', 'young', 'sit', 'wear', 'piece.', 'bag', 'scene', 'color', 'effort.', 'sort', 'best', 'market', 'prepare.', '—', 'shocking', 'claims', 'government', 'cover-up', 'surface', 'internet.']",FAKE
F118,Immortal Jellyfish Confirmed by Sources,"['yet', 'long', 'community', 'shake', 'especially.', 'forward', 'western', 'training', 'hot', 'if.', '—', 'shocking', 'claims', 'immortal', 'jellyfish', 'surface', 'internet.']",FAKE
F077,Secret Cure Confirmed by Sources,"['hospital', 'avoid', 'head', 'coach', 'television', 'environmental', 'less.', 'child', 'model', 'behind', 'street', 'conference.', 'population', 'radio', 'stand', 'top', 'shake', 'financial.', 'hear', 'ground', 'end', 'father', 'everybody', 'bar.', '—', 'shocking', 'claims', 'secret', 'cure', 'surface', 'internet.']",FAKE
F070,Government Cover-Up Confirmed by Sources,"['science', 'bill', 'education', 'according.', 'human', 'everybody', 'purpose', 'owner', 'place', 'stage', 'already.', '—', 'shocking', 'claims', 'government', 'cover-up', 'surface', 'internet.']",FAKE
F041,Immortal Jellyfish Confirmed by Sources,"['capital', 'million', 'fish', 'space.', 'spring', 'point', 'increase', 'agreement', 'short.', 'enter', 'forget', 'bad', 'themselves.', '—', 'shocking', 'claims', 'immortal', 'jellyfish', 'surface', 'internet.']",FAKE
R026,New Report on Policy,"['wide', 'ask', 'stop', 'station', 'cost', 'pass', 'war.', 'stuff', 'southern', 'trial', 'reality.', 'local', 'week', 'soon', 'adult', 'social', 'fill', 'race.', 'experts', 'discuss', 'ongoing', 'developments', 'policy.']",REAL
R207,New Report on Policy,"['experience', 'record', 'set', 'public.', 'hear', 'approach', 'suggest.', 'experts', 'discuss', 'ongoing', 'developments', 'policy.']",REAL
F163,Secret Cure Confirmed by Sources,"['suddenly', 'least', 'try', 'site.', 'help', 'positive', 'structure.', 'trouble', 'available', 'set', 'hold', 'clear', 'rise.', 'require', 'general', 'source', 'theory.', '—', 'shocking', 'claims', 'secret', 'cure', 'surface', 'internet.']",FAKE
F171,Government Cover-Up Confirmed by Sources,"['keep', 'sit', 'matter', 'fill', 'appear', 'fish', 'cell.', 'federal', 'health', 'sister', 'special', 'feel.', '—', 'shocking', 'claims', 'government', 'cover-up', 'surface', 'internet.']",FAKE
F139,Immortal Jellyfish Confirmed by Sources,"['enough', 'one', 'blue', 'scene', 'improve.', 'weight', 'career', 'hospital', 'fast', 'responsibility', 'husband.', '—', 'shocking', 'claims', 'immortal', 'jellyfish', 'surface', 'internet.']",FAKE
F120,Miracle Drug Confirmed by Sources,"['hand', 'skill', 'leader', 'million', 'staff', 'message', 'million.', 'name', 'hot', 'nation', 'performance.', '—', 'shocking', 'claims', 'miracle', 'drug', 'surface', 'internet.']",FAKE
F146,Mind Control Confirmed by Sources,"['page', 'series', 'hour', 'west', 'business', 'can.', 'red', 'growth', 'realize', 'agency', 'notice.', '—', 'shocking', 'claims', 'mind', 'control', 'surface', 'internet.']",FAKE
R115,New Report on Research,"['financial', 'protect', 'season', 'century', 'choice.', 'create', 'federal', 'pay', 'indicate', 'cold', 'a.', 'road', 'democratic', 'amount', 'indicate', 'treat', 'accept', 'along.', 'experts', 'discuss', 'ongoing', 'developments', 'research.']",REAL
F039,Aliens Confirmed by Sources,"['team', 'result', 'pressure', 'keep', 'catch', 'room', 'memory.', 'minute', 'chance', 'strong', 'brother', 'great.', '—', 'shocking', 'claims', 'aliens', 'surface', 'internet.']",FAKE
F225,Hoax Confirmed by Sources,"['boy', 'trial', 'dog', 'small', 'hotel', 'daughter', 'big.', 'scientist', 'democratic', 'purpose', 'tell.', 'improve', 'place', 'live', 'wrong', 'vote', 'return', 'real.', '—', 'shocking', 'claims', 'hoax', 'surface', 'internet.']",FAKE
F140,Aliens Confirmed by Sources,"['mention', 'suddenly', 'particularly', 'example', 'benefit.', 'research', 'maybe', 'car', 'left', 'person.', '—', 'shocking', 'claims', 'aliens', 'surface', 'internet.']",FAKE
F122,Mind Control Confirmed by Sources,"['man', 'perform', 'mother', 'without', 'determine', 'life', 'support', 'well.', 'return', 'strategy', 'affect', 'safe', 'ok', 'actually', 'majority.', '—', 'shocking', 'claims', 'mind', 'control', 'surface', 'internet.']",FAKE
R070,New Report on Budget Report,"['cell', 'doctor', 'general', 'necessary', 'always', 'always.', 'experts', 'discuss', 'ongoing', 'developments', 'budget', 'report.']",REAL
F248,Celebrity Scandal Confirmed by Sources,"['become', 'song', 'five', 'protect.', 'produce', 'girl', 'fire', 'room.', 'product', 'cold', 'time', 'sell', 'maintain.', 'month', 'yeah', 'defense', 'trouble', 'close', 'rule', 'physical.', '—', 'shocking', 'claims', 'celebrity', 'scandal', 'surface', 'internet.']",FAKE
R016,New Report on Technology Breakthrough,"['various', 'cut', 'space', 'military', 'meeting', 'his.', 'must', 'concern', 'eye', 'push', 'dog', 'final', 'program.', 'experts', 'discuss', 'ongoing', 'developments', 'technology', 'breakthrough.']",REAL
R148,New Report on Technology Breakthrough,"['film', 'level', 'capital', 'position', 'rest', 'almost', 'cut.', 'provide', 'major', 'recent.', 'recognize', 'health', 'public', 'send', 'industry', 'late', 'poor', 'investment.', 'experts', 'discuss', 'ongoing', 'developments', 'technology', 'breakthrough.']",REAL
R142,New Report on Budget Report,"['cover', 'eye', 'message', 'move', 'fly.', 'face', 'around', 'natural', 'friend', 'general', 'head.', 'experts', 'discuss', 'ongoing', 'developments', 'budget', 'report.']",REAL
F141,Miracle Drug Confirmed by Sources,"['key', 'note', 'receive', 'spring.', 'hundred', 'tell', 'serve', 'break', 'group', 'care', 'congress', 'decision.', '—', 'shocking', 'claims', 'miracle', 'drug', 'surface', 'internet.']",FAKE
R076,New Report on Technology Breakthrough,"['natural', 'green', 'memory', 'rock', 'history', 'bill.', 'others', 'at.', 'either', 'gun', 'rock', 'half', 'energy', 'effort', 'number.', 'experts', 'discuss', 'ongoing', 'developments', 'technology', 'breakthrough.']",REAL
R180,New Report on Budget Report,"['local', 'bag', 'officer', 'hit.', 'room', 'beautiful', 'inside.', 'experts', 'discuss', 'ongoing', 'developments', 'budget', 'report.']",REAL
F126,Aliens Confirmed by Sources,"['remember', 'three', 'rest', 'field', 'peace.', 'read', 'reveal', 'experience', 'last.', 'alone', 'within', 'others', 'stay', 'beat', 'cost.', '—', 'shocking', 'claims', 'aliens', 'surface', 'internet.']",FAKE
R134,New Report on Economic Growth,"['student', 'sit', 'card', 'five', 'activity.', 'resource', 'table', 'red', 'memory', 'tell.', 'statement', 'car', 'effect', 'cost', 'weight', 'born.', 'experts', 'discuss', 'ongoing', 'developments', 'economic', 'growth.']",REAL
F132,Mind Control Confirmed by Sources,"['third', 'available', 'section', 'water', 'sit.', 'real', 'role', 'actually', 'born', 'early', 'always', 'far', 'group.', '—', 'shocking', 'claims', 'mind', 'control', 'surface', 'internet.']",FAKE
F230,Immortal Jellyfish Confirmed by Sources,"['big', 'activity', 'avoid', 'attention.', 'yard', 'offer', 'necessary', 'establish', 'improve.', '—', 'shocking', 'claims', 'immortal', 'jellyfish', 'surface', 'internet.']",FAKE
F243,Aliens Confirmed by Sources,"['rate', 'every', 'edge.', '—', 'shocking', 'claims', 'aliens', 'surface', 'internet.']",FAKE
R191,New Report on Budget Report,"['another', 'member', 'half', 'apply', 'area', 'president', 'could.', 'third', 'value', 'month', 'seem', 'culture.', 'experts', 'discuss', 'ongoing', 'developments', 'budget', 'report.']",REAL
R130,New Report on Public Health,"['congress', 'sport', 'owner', 'camera.', 'past', 'year', 'try', 'road', 'level.', 'experts', 'discuss', 'ongoing', 'developments', 'public', 'health.']",REAL
F081,Mind Control Confirmed by Sources,"['together', 'sign', 'process', 'too.', 'scientist', 'environment', 'food', 'clearly.', '—', 'shocking', 'claims', 'mind', 'control', 'surface', 'internet.']",FAKE
R209,New Report on Technology Breakthrough,"['even', 'consider', 'term.', 'safe', 'interview', 'quickly', 'minute', 'move.', 'experts', 'discuss', 'ongoing', 'developments', 'technology', 'breakthrough.']",REAL
F228,Hoax Confirmed by Sources,"['perhaps', 'building', 'everything', 'expert', 'always', 'generation.', 'increase', 'animal', 'work.', '—', 'shocking', 'claims', 'hoax', 'surface', 'internet.']",FAKE
R030,New Report on Budget Report,"['eat', 'push', 'away', 'third.', 'specific', 'record', 'economy', 'whole', 'young', 'debate', 'wall', 'cultural.', 'experts', 'discuss', 'ongoing', 'developments', 'budget', 'report.']",REAL
R214,New Report on Education,"['member', 'outside', 'provide', 'real', 'year.', 'bad', 'point', 'anything.', 'experts', 'discuss', 'ongoing', 'developments', 'education.']",REAL
R175,New Report on Economic Growth,"['high', 'item', 'state', 'two', 'story.', 'majority', 'entire', 'staff', 'husband.', 'white', 'maintain', 'interest', 'security', 'minute', 'effect.', 'experts', 'discuss', 'ongoing', 'developments', 'economic', 'growth.']",REAL
